REGNNUMB,SUBJCODE,SUBJUNCD,SUBJNAME,DEGRCODE,DEGRNAME,DELIVERY_MODE,CURRSEMS,INTNMARK,EXT_MARK,TOTAL,GRADE,TYPE,RES_STAT,UNIVERSITY,RESULT_SYSTEM
12321100001,20055,OBA1101,Professional English & Technical Writing,159,B.E. Computer Science and Engineering (ODL),OFFLINE,1,26,62,88,A+,CT-ODL,PASS,AUC,M
12321100001,20056,OBA1102,"Matrices, Calculus & Linear Algebra",159,B.E. Computer Science and Engineering (ODL),OFFLINE,1,18,51,69,B+,CT-ODL,PASS,AUC,M
12321100001,20057,OBA1103,Engineering Physics & Quantum Mechanics,159,B.E. Computer Science and Engineering (ODL),OFFLINE,1,19,50,69,B+,CT-ODL,PASS,AUC,M
12321100001,20058,OBA1104,Engineering Chemistry & Material Science,159,B.E. Computer Science and Engineering (ODL),OFFLINE,1,18,57,75,A,CT-ODL,PASS,AUC,M
12321100001,20059,OBA1105,Problem Solving & Python Programming,159,B.E. Computer Science and Engineering (ODL),OFFLINE,1,29,58,87,A+,CT-ODL,PASS,AUC,M
12321100001,20060,OBA1106,Engineering Graphics & Modeling,159,B.E. Computer Science and Engineering (ODL),OFFLINE,1,27,49,76,A,CT-ODL,PASS,AUC,M
12321100001,20061,OBA1107,Physics & Chemistry Laboratory,159,B.E. Computer Science and Engineering (ODL),OFFLINE,1,30,38,68,B+,CT-ODL,PASS,AUC,M
12321100001,20062,OBA1108,Python Programming Laboratory,159,B.E. Computer Science and Engineering (ODL),OFFLINE,1,,,,,CT-ODL,CANCELLED,AUC,M
12321100003,20055,OBA1101,Professional English & Technical Writing,159,B.E. Computer Science and Engineering (ODL),OFFLINE,1,26,32,58,B,CT-ODL,PASS,AUC,M
12321100003,20056,OBA1102,"Matrices, Calculus & Linear Algebra",159,B.E. Computer Science and Engineering (ODL),OFFLINE,1,28,31,59,B,CT-ODL,PASS,AUC,M
12321100003,20057,OBA1103,Engineering Physics & Quantum Mechanics,159,B.E. Computer Science and Engineering (ODL),OFFLINE,1,27,52,79,A,CT-ODL,PASS,AUC,M
12321100003,20058,OBA1104,Engineering Chemistry & Material Science,159,B.E. Computer Science and Engineering (ODL),OFFLINE,1,20,37,57,B,CT-ODL,PASS,AUC,M
12321100003,20059,OBA1105,Problem Solving & Python Programming,159,B.E. Computer Science and Engineering (ODL),OFFLINE,1,17,44,61,B+,CT-ODL,PASS,AUC,M
12321100003,20060,OBA1106,Engineering Graphics & Modeling,159,B.E. Computer Science and Engineering (ODL),OFFLINE,1,17,34,51,B,CT-ODL,PASS,AUC,M
12321100003,20061,OBA1107,Physics & Chemistry Laboratory,159,B.E. Computer Science and Engineering (ODL),OFFLINE,1,15,57,72,A,CT-ODL,PASS,AUC,M
12321100003,20062,OBA1108,Python Programming Laboratory,159,B.E. Computer Science and Engineering (ODL),OFFLINE,1,21,46,67,B+,CT-ODL,PASS,AUC,M
12321100005,20055,OBA1101,Professional English & Technical Writing,159,B.E. Computer Science and Engineering (ODL),OFFLINE,1,15,36,51,B,CT-ODL,PASS,AUC,M
12321100005,20056,OBA1102,"Matrices, Calculus & Linear Algebra",159,B.E. Computer Science and Engineering (ODL),OFFLINE,1,23,47,70,A,CT-ODL,PASS,AUC,M
12321100005,20057,OBA1103,Engineering Physics & Quantum Mechanics,159,B.E. Computer Science and Engineering (ODL),OFFLINE,1,15,49,64,B+,CT-ODL,PASS,AUC,M
12321100005,20058,OBA1104,Engineering Chemistry & Material Science,159,B.E. Computer Science and Engineering (ODL),OFFLINE,1,22,25,47,C,CT-ODL,PASS,AUC,M
12321100005,20059,OBA1105,Problem Solving & Python Programming,159,B.E. Computer Science and Engineering (ODL),OFFLINE,1,23,47,70,A,CT-ODL,PASS,AUC,M
12321100005,20060,OBA1106,Engineering Graphics & Modeling,159,B.E. Computer Science and Engineering (ODL),OFFLINE,1,26,28,54,B,CT-ODL,PASS,AUC,M
12321100005,20061,OBA1107,Physics & Chemistry Laboratory,159,B.E. Computer Science and Engineering (ODL),OFFLINE,1,18,47,65,B+,CT-ODL,PASS,AUC,M
12321100005,20062,OBA1108,Python Programming Laboratory,159,B.E. Computer Science and Engineering (ODL),OFFLINE,1,,,,,CT-ODL,CANCELLED,AUC,M
12321100006,20055,OBA1101,Professional English & Technical Writing,159,B.E. Computer Science and Engineering (ODL),OFFLINE,1,18,34,52,B,CT-ODL,PASS,AUC,M
12321100006,20056,OBA1102,"Matrices, Calculus & Linear Algebra",159,B.E. Computer Science and Engineering (ODL),OFFLINE,1,17,40,57,B,CT-ODL,PASS,AUC,M
12321100006,20057,OBA1103,Engineering Physics & Quantum Mechanics,159,B.E. Computer Science and Engineering (ODL),OFFLINE,1,28,59,87,A+,CT-ODL,PASS,AUC,M
12321100006,20058,OBA1104,Engineering Chemistry & Material Science,159,B.E. Computer Science and Engineering (ODL),OFFLINE,1,22,27,49,C,CT-ODL,PASS,AUC,M
12321100006,20059,OBA1105,Problem Solving & Python Programming,159,B.E. Computer Science and Engineering (ODL),OFFLINE,1,23,56,79,A,CT-ODL,PASS,AUC,M
12321100006,20060,OBA1106,Engineering Graphics & Modeling,159,B.E. Computer Science and Engineering (ODL),OFFLINE,1,15,50,65,B+,CT-ODL,PASS,AUC,M
12321100006,20061,OBA1107,Physics & Chemistry Laboratory,159,B.E. Computer Science and Engineering (ODL),OFFLINE,1,20,62,82,A+,CT-ODL,PASS,AUC,M
12321100006,20062,OBA1108,Python Programming Laboratory,159,B.E. Computer Science and Engineering (ODL),OFFLINE,1,20,65,85,A+,CT-ODL,PASS,AUC,M
12321100007,20055,OBA1101,Professional English & Technical Writing,159,B.E. Computer Science and Engineering (ODL),OFFLINE,1,29,56,85,A+,CT-ODL,PASS,AUC,M
12321100007,20056,OBA1102,"Matrices, Calculus & Linear Algebra",159,B.E. Computer Science and Engineering (ODL),OFFLINE,1,29,50,79,A,CT-ODL,PASS,AUC,M
12321100007,20057,OBA1103,Engineering Physics & Quantum Mechanics,159,B.E. Computer Science and Engineering (ODL),OFFLINE,1,19,47,66,B+,CT-ODL,PASS,AUC,M
12321100007,20058,OBA1104,Engineering Chemistry & Material Science,159,B.E. Computer Science and Engineering (ODL),OFFLINE,1,,,,,CT-ODL,CANCELLED,AUC,M
12321100007,20059,OBA1105,Problem Solving & Python Programming,159,B.E. Computer Science and Engineering (ODL),OFFLINE,1,27,59,86,A+,CT-ODL,PASS,AUC,M
12321100007,20060,OBA1106,Engineering Graphics & Modeling,159,B.E. Computer Science and Engineering (ODL),OFFLINE,1,18,44,62,B+,CT-ODL,PASS,AUC,M
12321100007,20061,OBA1107,Physics & Chemistry Laboratory,159,B.E. Computer Science and Engineering (ODL),OFFLINE,1,24,64,88,A+,CT-ODL,PASS,AUC,M
12321100007,20062,OBA1108,Python Programming Laboratory,159,B.E. Computer Science and Engineering (ODL),OFFLINE,1,,,,,CT-ODL,CANCELLED,AUC,M
12321100008,20055,OBA1101,Professional English & Technical Writing,159,B.E. Computer Science and Engineering (ODL),OFFLINE,1,26,43,69,B+,CT-ODL,PASS,AUC,M
12321100008,20056,OBA1102,"Matrices, Calculus & Linear Algebra",159,B.E. Computer Science and Engineering (ODL),OFFLINE,1,24,55,79,A,CT-ODL,PASS,AUC,M
12321100008,20057,OBA1103,Engineering Physics & Quantum Mechanics,159,B.E. Computer Science and Engineering (ODL),OFFLINE,1,28,34,62,B+,CT-ODL,PASS,AUC,M
12321100008,20058,OBA1104,Engineering Chemistry & Material Science,159,B.E. Computer Science and Engineering (ODL),OFFLINE,1,24,29,53,B,CT-ODL,PASS,AUC,M
12321100008,20059,OBA1105,Problem Solving & Python Programming,159,B.E. Computer Science and Engineering (ODL),OFFLINE,1,27,62,89,A+,CT-ODL,PASS,AUC,M
12321100008,20060,OBA1106,Engineering Graphics & Modeling,159,B.E. Computer Science and Engineering (ODL),OFFLINE,1,29,49,78,A,CT-ODL,PASS,AUC,M
12321100008,20061,OBA1107,Physics & Chemistry Laboratory,159,B.E. Computer Science and Engineering (ODL),OFFLINE,1,28,42,70,A,CT-ODL,PASS,AUC,M
12321100008,20062,OBA1108,Python Programming Laboratory,159,B.E. Computer Science and Engineering (ODL),OFFLINE,1,21,33,54,B,CT-ODL,PASS,AUC,M
12321100009,20055,OBA1101,Professional English & Technical Writing,159,B.E. Computer Science and Engineering (ODL),OFFLINE,1,17,42,59,B,CT-ODL,PASS,AUC,M
12321100009,20056,OBA1102,"Matrices, Calculus & Linear Algebra",159,B.E. Computer Science and Engineering (ODL),OFFLINE,1,26,62,88,A+,CT-ODL,PASS,AUC,M
12321100009,20057,OBA1103,Engineering Physics & Quantum Mechanics,159,B.E. Computer Science and Engineering (ODL),OFFLINE,1,17,27,44,C,CT-ODL,PASS,AUC,M
12321100009,20058,OBA1104,Engineering Chemistry & Material Science,159,B.E. Computer Science and Engineering (ODL),OFFLINE,1,27,30,57,B,CT-ODL,PASS,AUC,M
12321100009,20059,OBA1105,Problem Solving & Python Programming,159,B.E. Computer Science and Engineering (ODL),OFFLINE,1,25,35,60,B+,CT-ODL,PASS,AUC,M
12321100009,20060,OBA1106,Engineering Graphics & Modeling,159,B.E. Computer Science and Engineering (ODL),OFFLINE,1,19,42,61,B+,CT-ODL,PASS,AUC,M
12321100009,20061,OBA1107,Physics & Chemistry Laboratory,159,B.E. Computer Science and Engineering (ODL),OFFLINE,1,18,53,71,A,CT-ODL,PASS,AUC,M
12321100009,20062,OBA1108,Python Programming Laboratory,159,B.E. Computer Science and Engineering (ODL),OFFLINE,1,16,40,56,B,CT-ODL,PASS,AUC,M
12321100010,20055,OBA1101,Professional English & Technical Writing,159,B.E. Computer Science and Engineering (ODL),OFFLINE,1,16,30,46,C,CT-ODL,PASS,AUC,M
12321100010,20056,OBA1102,"Matrices, Calculus & Linear Algebra",159,B.E. Computer Science and Engineering (ODL),OFFLINE,1,20,35,55,B,CT-ODL,PASS,AUC,M
12321100010,20057,OBA1103,Engineering Physics & Quantum Mechanics,159,B.E. Computer Science and Engineering (ODL),OFFLINE,1,22,32,54,B,CT-ODL,PASS,AUC,M
12321100010,20058,OBA1104,Engineering Chemistry & Material Science,159,B.E. Computer Science and Engineering (ODL),OFFLINE,1,22,59,81,A+,CT-ODL,PASS,AUC,M
12321100010,20059,OBA1105,Problem Solving & Python Programming,159,B.E. Computer Science and Engineering (ODL),OFFLINE,1,20,55,75,A,CT-ODL,PASS,AUC,M
12321100010,20060,OBA1106,Engineering Graphics & Modeling,159,B.E. Computer Science and Engineering (ODL),OFFLINE,1,17,56,73,A,CT-ODL,PASS,AUC,M
12321100010,20061,OBA1107,Physics & Chemistry Laboratory,159,B.E. Computer Science and Engineering (ODL),OFFLINE,1,15,65,80,A+,CT-ODL,PASS,AUC,M
12321100010,20062,OBA1108,Python Programming Laboratory,159,B.E. Computer Science and Engineering (ODL),OFFLINE,1,22,38,60,B+,CT-ODL,PASS,AUC,M
12321100011,20055,OBA1101,Professional English & Technical Writing,159,B.E. Computer Science and Engineering (ODL),OFFLINE,1,28,49,77,A,CT-ODL,PASS,AUC,M
12321100011,20056,OBA1102,"Matrices, Calculus & Linear Algebra",159,B.E. Computer Science and Engineering (ODL),OFFLINE,1,28,60,88,A+,CT-ODL,PASS,AUC,M
12321100011,20057,OBA1103,Engineering Physics & Quantum Mechanics,159,B.E. Computer Science and Engineering (ODL),OFFLINE,1,,,,,CT-ODL,CANCELLED,AUC,M
12321100011,20058,OBA1104,Engineering Chemistry & Material Science,159,B.E. Computer Science and Engineering (ODL),OFFLINE,1,18,40,58,B,CT-ODL,PASS,AUC,M
12321100011,20059,OBA1105,Problem Solving & Python Programming,159,B.E. Computer Science and Engineering (ODL),OFFLINE,1,19,42,61,B+,CT-ODL,PASS,AUC,M
12321100011,20060,OBA1106,Engineering Graphics & Modeling,159,B.E. Computer Science and Engineering (ODL),OFFLINE,1,18,45,63,B+,CT-ODL,PASS,AUC,M
12321100011,20061,OBA1107,Physics & Chemistry Laboratory,159,B.E. Computer Science and Engineering (ODL),OFFLINE,1,19,46,65,B+,CT-ODL,PASS,AUC,M
12321100011,20062,OBA1108,Python Programming Laboratory,159,B.E. Computer Science and Engineering (ODL),OFFLINE,1,17,45,62,B+,CT-ODL,PASS,AUC,M
12321100012,20055,OBA1101,Professional English & Technical Writing,159,B.E. Computer Science and Engineering (ODL),OFFLINE,1,17,60,77,A,CT-ODL,PASS,AUC,M
12321100012,20056,OBA1102,"Matrices, Calculus & Linear Algebra",159,B.E. Computer Science and Engineering (ODL),OFFLINE,1,27,28,55,B,CT-ODL,PASS,AUC,M
12321100012,20057,OBA1103,Engineering Physics & Quantum Mechanics,159,B.E. Computer Science and Engineering (ODL),OFFLINE,1,26,55,81,A+,CT-ODL,PASS,AUC,M
12321100012,20058,OBA1104,Engineering Chemistry & Material Science,159,B.E. Computer Science and Engineering (ODL),OFFLINE,1,15,63,78,A,CT-ODL,PASS,AUC,M
12321100012,20059,OBA1105,Problem Solving & Python Programming,159,B.E. Computer Science and Engineering (ODL),OFFLINE,1,29,62,91,O,CT-ODL,PASS,AUC,M
12321100012,20060,OBA1106,Engineering Graphics & Modeling,159,B.E. Computer Science and Engineering (ODL),OFFLINE,1,16,40,56,B,CT-ODL,PASS,AUC,M
12321100012,20061,OBA1107,Physics & Chemistry Laboratory,159,B.E. Computer Science and Engineering (ODL),OFFLINE,1,20,56,76,A,CT-ODL,PASS,AUC,M
12321100012,20062,OBA1108,Python Programming Laboratory,159,B.E. Computer Science and Engineering (ODL),OFFLINE,1,17,52,69,B+,CT-ODL,PASS,AUC,M
12321100014,20055,OBA1101,Professional English & Technical Writing,159,B.E. Computer Science and Engineering (ODL),OFFLINE,1,25,37,62,B+,CT-ODL,PASS,AUC,M
12321100014,20056,OBA1102,"Matrices, Calculus & Linear Algebra",159,B.E. Computer Science and Engineering (ODL),OFFLINE,1,17,42,59,B,CT-ODL,PASS,AUC,M
12321100014,20057,OBA1103,Engineering Physics & Quantum Mechanics,159,B.E. Computer Science and Engineering (ODL),OFFLINE,1,,,,,CT-ODL,CANCELLED,AUC,M
12321100014,20058,OBA1104,Engineering Chemistry & Material Science,159,B.E. Computer Science and Engineering (ODL),OFFLINE,1,30,39,69,B+,CT-ODL,PASS,AUC,M
12321100014,20059,OBA1105,Problem Solving & Python Programming,159,B.E. Computer Science and Engineering (ODL),OFFLINE,1,17,31,48,C,CT-ODL,PASS,AUC,M
12321100014,20060,OBA1106,Engineering Graphics & Modeling,159,B.E. Computer Science and Engineering (ODL),OFFLINE,1,20,33,53,B,CT-ODL,PASS,AUC,M
12321100014,20061,OBA1107,Physics & Chemistry Laboratory,159,B.E. Computer Science and Engineering (ODL),OFFLINE,1,20,61,81,A+,CT-ODL,PASS,AUC,M
12321100014,20062,OBA1108,Python Programming Laboratory,159,B.E. Computer Science and Engineering (ODL),OFFLINE,1,17,64,81,A+,CT-ODL,PASS,AUC,M
12321100016,20055,OBA1101,Professional English & Technical Writing,159,B.E. Computer Science and Engineering (ODL),OFFLINE,1,29,61,90,O,CT-ODL,PASS,AUC,M
12321100016,20056,OBA1102,"Matrices, Calculus & Linear Algebra",159,B.E. Computer Science and Engineering (ODL),OFFLINE,1,23,52,75,A,CT-ODL,PASS,AUC,M
12321100016,20057,OBA1103,Engineering Physics & Quantum Mechanics,159,B.E. Computer Science and Engineering (ODL),OFFLINE,1,26,47,73,A,CT-ODL,PASS,AUC,M
12321100016,20058,OBA1104,Engineering Chemistry & Material Science,159,B.E. Computer Science and Engineering (ODL),OFFLINE,1,21,39,60,B+,CT-ODL,PASS,AUC,M
12321100016,20059,OBA1105,Problem Solving & Python Programming,159,B.E. Computer Science and Engineering (ODL),OFFLINE,1,27,37,64,B+,CT-ODL,PASS,AUC,M
12321100016,20060,OBA1106,Engineering Graphics & Modeling,159,B.E. Computer Science and Engineering (ODL),OFFLINE,1,21,56,77,A,CT-ODL,PASS,AUC,M
12321100016,20061,OBA1107,Physics & Chemistry Laboratory,159,B.E. Computer Science and Engineering (ODL),OFFLINE,1,23,43,66,B+,CT-ODL,PASS,AUC,M
12321100016,20062,OBA1108,Python Programming Laboratory,159,B.E. Computer Science and Engineering (ODL),OFFLINE,1,21,65,86,A+,CT-ODL,PASS,AUC,M
12321100017,20055,OBA1101,Professional English & Technical Writing,159,B.E. Computer Science and Engineering (ODL),OFFLINE,1,17,43,60,B+,CT-ODL,PASS,AUC,M
12321100017,20056,OBA1102,"Matrices, Calculus & Linear Algebra",159,B.E. Computer Science and Engineering (ODL),OFFLINE,1,30,59,89,A+,CT-ODL,PASS,AUC,M
12321100017,20057,OBA1103,Engineering Physics & Quantum Mechanics,159,B.E. Computer Science and Engineering (ODL),OFFLINE,1,26,34,60,B+,CT-ODL,PASS,AUC,M
12321100017,20058,OBA1104,Engineering Chemistry & Material Science,159,B.E. Computer Science and Engineering (ODL),OFFLINE,1,,,,,CT-ODL,CANCELLED,AUC,M
12321100017,20059,OBA1105,Problem Solving & Python Programming,159,B.E. Computer Science and Engineering (ODL),OFFLINE,1,27,37,64,B+,CT-ODL,PASS,AUC,M
12321100017,20060,OBA1106,Engineering Graphics & Modeling,159,B.E. Computer Science and Engineering (ODL),OFFLINE,1,24,55,79,A,CT-ODL,PASS,AUC,M
12321100017,20061,OBA1107,Physics & Chemistry Laboratory,159,B.E. Computer Science and Engineering (ODL),OFFLINE,1,29,65,94,O,CT-ODL,PASS,AUC,M
12321100017,20062,OBA1108,Python Programming Laboratory,159,B.E. Computer Science and Engineering (ODL),OFFLINE,1,26,36,62,B+,CT-ODL,PASS,AUC,M
12321100019,20055,OBA1101,Professional English & Technical Writing,159,B.E. Computer Science and Engineering (ODL),OFFLINE,1,29,47,76,A,CT-ODL,PASS,AUC,M
12321100019,20056,OBA1102,"Matrices, Calculus & Linear Algebra",159,B.E. Computer Science and Engineering (ODL),OFFLINE,1,24,38,62,B+,CT-ODL,PASS,AUC,M
12321100019,20057,OBA1103,Engineering Physics & Quantum Mechanics,159,B.E. Computer Science and Engineering (ODL),OFFLINE,1,29,37,66,B+,CT-ODL,PASS,AUC,M
12321100019,20058,OBA1104,Engineering Chemistry & Material Science,159,B.E. Computer Science and Engineering (ODL),OFFLINE,1,24,48,72,A,CT-ODL,PASS,AUC,M
12321100019,20059,OBA1105,Problem Solving & Python Programming,159,B.E. Computer Science and Engineering (ODL),OFFLINE,1,20,48,68,B+,CT-ODL,PASS,AUC,M
12321100019,20060,OBA1106,Engineering Graphics & Modeling,159,B.E. Computer Science and Engineering (ODL),OFFLINE,1,30,28,58,B,CT-ODL,PASS,AUC,M
12321100019,20061,OBA1107,Physics & Chemistry Laboratory,159,B.E. Computer Science and Engineering (ODL),OFFLINE,1,28,26,54,B,CT-ODL,PASS,AUC,M
12321100019,20062,OBA1108,Python Programming Laboratory,159,B.E. Computer Science and Engineering (ODL),OFFLINE,1,15,49,64,B+,CT-ODL,PASS,AUC,M
12321100020,20055,OBA1101,Professional English & Technical Writing,159,B.E. Computer Science and Engineering (ODL),OFFLINE,1,,,,,CT-ODL,CANCELLED,AUC,M
12321100020,20056,OBA1102,"Matrices, Calculus & Linear Algebra",159,B.E. Computer Science and Engineering (ODL),OFFLINE,1,27,27,54,B,CT-ODL,PASS,AUC,M
12321100020,20057,OBA1103,Engineering Physics & Quantum Mechanics,159,B.E. Computer Science and Engineering (ODL),OFFLINE,1,20,44,64,B+,CT-ODL,PASS,AUC,M
12321100020,20058,OBA1104,Engineering Chemistry & Material Science,159,B.E. Computer Science and Engineering (ODL),OFFLINE,1,18,27,45,C,CT-ODL,PASS,AUC,M
12321100020,20059,OBA1105,Problem Solving & Python Programming,159,B.E. Computer Science and Engineering (ODL),OFFLINE,1,16,64,80,A+,CT-ODL,PASS,AUC,M
12321100020,20060,OBA1106,Engineering Graphics & Modeling,159,B.E. Computer Science and Engineering (ODL),OFFLINE,1,16,60,76,A,CT-ODL,PASS,AUC,M
12321100020,20061,OBA1107,Physics & Chemistry Laboratory,159,B.E. Computer Science and Engineering (ODL),OFFLINE,1,26,51,77,A,CT-ODL,PASS,AUC,M
12321100020,20062,OBA1108,Python Programming Laboratory,159,B.E. Computer Science and Engineering (ODL),OFFLINE,1,27,49,76,A,CT-ODL,PASS,AUC,M
12321100021,20055,OBA1101,Professional English & Technical Writing,159,B.E. Computer Science and Engineering (ODL),OFFLINE,1,18,33,51,B,CT-ODL,PASS,AUC,M
12321100021,20056,OBA1102,"Matrices, Calculus & Linear Algebra",159,B.E. Computer Science and Engineering (ODL),OFFLINE,1,30,39,69,B+,CT-ODL,PASS,AUC,M
12321100021,20057,OBA1103,Engineering Physics & Quantum Mechanics,159,B.E. Computer Science and Engineering (ODL),OFFLINE,1,24,61,85,A+,CT-ODL,PASS,AUC,M
12321100021,20058,OBA1104,Engineering Chemistry & Material Science,159,B.E. Computer Science and Engineering (ODL),OFFLINE,1,24,47,71,A,CT-ODL,PASS,AUC,M
12321100021,20059,OBA1105,Problem Solving & Python Programming,159,B.E. Computer Science and Engineering (ODL),OFFLINE,1,18,35,53,B,CT-ODL,PASS,AUC,M
12321100021,20060,OBA1106,Engineering Graphics & Modeling,159,B.E. Computer Science and Engineering (ODL),OFFLINE,1,29,47,76,A,CT-ODL,PASS,AUC,M
12321100021,20061,OBA1107,Physics & Chemistry Laboratory,159,B.E. Computer Science and Engineering (ODL),OFFLINE,1,20,41,61,B+,CT-ODL,PASS,AUC,M
12321100021,20062,OBA1108,Python Programming Laboratory,159,B.E. Computer Science and Engineering (ODL),OFFLINE,1,23,65,88,A+,CT-ODL,PASS,AUC,M
12321100023,20055,OBA1101,Professional English & Technical Writing,159,B.E. Computer Science and Engineering (ODL),OFFLINE,1,28,43,71,A,CT-ODL,PASS,AUC,M
12321100023,20056,OBA1102,"Matrices, Calculus & Linear Algebra",159,B.E. Computer Science and Engineering (ODL),OFFLINE,1,30,54,84,A+,CT-ODL,PASS,AUC,M
12321100023,20057,OBA1103,Engineering Physics & Quantum Mechanics,159,B.E. Computer Science and Engineering (ODL),OFFLINE,1,15,31,46,C,CT-ODL,PASS,AUC,M
12321100023,20058,OBA1104,Engineering Chemistry & Material Science,159,B.E. Computer Science and Engineering (ODL),OFFLINE,1,28,30,58,B,CT-ODL,PASS,AUC,M
12321100023,20059,OBA1105,Problem Solving & Python Programming,159,B.E. Computer Science and Engineering (ODL),OFFLINE,1,18,32,50,B,CT-ODL,PASS,AUC,M
12321100023,20060,OBA1106,Engineering Graphics & Modeling,159,B.E. Computer Science and Engineering (ODL),OFFLINE,1,,,,,CT-ODL,CANCELLED,AUC,M
12321100023,20061,OBA1107,Physics & Chemistry Laboratory,159,B.E. Computer Science and Engineering (ODL),OFFLINE,1,26,36,62,B+,CT-ODL,PASS,AUC,M
12321100023,20062,OBA1108,Python Programming Laboratory,159,B.E. Computer Science and Engineering (ODL),OFFLINE,1,21,43,64,B+,CT-ODL,PASS,AUC,M
12321100024,20055,OBA1101,Professional English & Technical Writing,159,B.E. Computer Science and Engineering (ODL),OFFLINE,1,,,,,CT-ODL,CANCELLED,AUC,M
12321100024,20056,OBA1102,"Matrices, Calculus & Linear Algebra",159,B.E. Computer Science and Engineering (ODL),OFFLINE,1,21,40,61,B+,CT-ODL,PASS,AUC,M
12321100024,20057,OBA1103,Engineering Physics & Quantum Mechanics,159,B.E. Computer Science and Engineering (ODL),OFFLINE,1,24,55,79,A,CT-ODL,PASS,AUC,M
12321100024,20058,OBA1104,Engineering Chemistry & Material Science,159,B.E. Computer Science and Engineering (ODL),OFFLINE,1,28,42,70,A,CT-ODL,PASS,AUC,M
12321100024,20059,OBA1105,Problem Solving & Python Programming,159,B.E. Computer Science and Engineering (ODL),OFFLINE,1,21,34,55,B,CT-ODL,PASS,AUC,M
12321100024,20060,OBA1106,Engineering Graphics & Modeling,159,B.E. Computer Science and Engineering (ODL),OFFLINE,1,25,57,82,A+,CT-ODL,PASS,AUC,M
12321100024,20061,OBA1107,Physics & Chemistry Laboratory,159,B.E. Computer Science and Engineering (ODL),OFFLINE,1,,,,,CT-ODL,CANCELLED,AUC,M
12321100024,20062,OBA1108,Python Programming Laboratory,159,B.E. Computer Science and Engineering (ODL),OFFLINE,1,30,25,55,B,CT-ODL,PASS,AUC,M
12321100025,20055,OBA1101,Professional English & Technical Writing,159,B.E. Computer Science and Engineering (ODL),OFFLINE,1,29,26,55,B,CT-ODL,PASS,AUC,M
12321100025,20056,OBA1102,"Matrices, Calculus & Linear Algebra",159,B.E. Computer Science and Engineering (ODL),OFFLINE,1,28,54,82,A+,CT-ODL,PASS,AUC,M
12321100025,20057,OBA1103,Engineering Physics & Quantum Mechanics,159,B.E. Computer Science and Engineering (ODL),OFFLINE,1,22,51,73,A,CT-ODL,PASS,AUC,M
12321100025,20058,OBA1104,Engineering Chemistry & Material Science,159,B.E. Computer Science and Engineering (ODL),OFFLINE,1,22,50,72,A,CT-ODL,PASS,AUC,M
12321100025,20059,OBA1105,Problem Solving & Python Programming,159,B.E. Computer Science and Engineering (ODL),OFFLINE,1,19,57,76,A,CT-ODL,PASS,AUC,M
12321100025,20060,OBA1106,Engineering Graphics & Modeling,159,B.E. Computer Science and Engineering (ODL),OFFLINE,1,20,34,54,B,CT-ODL,PASS,AUC,M
12321100025,20061,OBA1107,Physics & Chemistry Laboratory,159,B.E. Computer Science and Engineering (ODL),OFFLINE,1,30,64,94,O,CT-ODL,PASS,AUC,M
12321100025,20062,OBA1108,Python Programming Laboratory,159,B.E. Computer Science and Engineering (ODL),OFFLINE,1,29,58,87,A+,CT-ODL,PASS,AUC,M
12321100027,20055,OBA1101,Professional English & Technical Writing,159,B.E. Computer Science and Engineering (ODL),OFFLINE,1,24,55,79,A,CT-ODL,PASS,AUC,M
12321100027,20056,OBA1102,"Matrices, Calculus & Linear Algebra",159,B.E. Computer Science and Engineering (ODL),OFFLINE,1,20,39,59,B,CT-ODL,PASS,AUC,M
12321100027,20057,OBA1103,Engineering Physics & Quantum Mechanics,159,B.E. Computer Science and Engineering (ODL),OFFLINE,1,26,56,82,A+,CT-ODL,PASS,AUC,M
12321100027,20058,OBA1104,Engineering Chemistry & Material Science,159,B.E. Computer Science and Engineering (ODL),OFFLINE,1,19,28,47,C,CT-ODL,PASS,AUC,M
12321100027,20059,OBA1105,Problem Solving & Python Programming,159,B.E. Computer Science and Engineering (ODL),OFFLINE,1,15,26,41,C,CT-ODL,PASS,AUC,M
12321100027,20060,OBA1106,Engineering Graphics & Modeling,159,B.E. Computer Science and Engineering (ODL),OFFLINE,1,30,53,83,A+,CT-ODL,PASS,AUC,M
12321100027,20061,OBA1107,Physics & Chemistry Laboratory,159,B.E. Computer Science and Engineering (ODL),OFFLINE,1,20,60,80,A+,CT-ODL,PASS,AUC,M
12321100027,20062,OBA1108,Python Programming Laboratory,159,B.E. Computer Science and Engineering (ODL),OFFLINE,1,25,27,52,B,CT-ODL,PASS,AUC,M
12321100028,20055,OBA1101,Professional English & Technical Writing,159,B.E. Computer Science and Engineering (ODL),OFFLINE,1,23,51,74,A,CT-ODL,PASS,AUC,M
12321100028,20056,OBA1102,"Matrices, Calculus & Linear Algebra",159,B.E. Computer Science and Engineering (ODL),OFFLINE,1,24,39,63,B+,CT-ODL,PASS,AUC,M
12321100028,20057,OBA1103,Engineering Physics & Quantum Mechanics,159,B.E. Computer Science and Engineering (ODL),OFFLINE,1,23,35,58,B,CT-ODL,PASS,AUC,M
12321100028,20058,OBA1104,Engineering Chemistry & Material Science,159,B.E. Computer Science and Engineering (ODL),OFFLINE,1,25,53,78,A,CT-ODL,PASS,AUC,M
12321100028,20059,OBA1105,Problem Solving & Python Programming,159,B.E. Computer Science and Engineering (ODL),OFFLINE,1,17,50,67,B+,CT-ODL,PASS,AUC,M
12321100028,20060,OBA1106,Engineering Graphics & Modeling,159,B.E. Computer Science and Engineering (ODL),OFFLINE,1,19,59,78,A,CT-ODL,PASS,AUC,M
12321100028,20061,OBA1107,Physics & Chemistry Laboratory,159,B.E. Computer Science and Engineering (ODL),OFFLINE,1,,,,,CT-ODL,CANCELLED,AUC,M
12321100028,20062,OBA1108,Python Programming Laboratory,159,B.E. Computer Science and Engineering (ODL),OFFLINE,1,21,65,86,A+,CT-ODL,PASS,AUC,M
12321100030,20055,OBA1101,Professional English & Technical Writing,159,B.E. Computer Science and Engineering (ODL),OFFLINE,1,16,33,49,C,CT-ODL,PASS,AUC,M
12321100030,20056,OBA1102,"Matrices, Calculus & Linear Algebra",159,B.E. Computer Science and Engineering (ODL),OFFLINE,1,19,47,66,B+,CT-ODL,PASS,AUC,M
12321100030,20057,OBA1103,Engineering Physics & Quantum Mechanics,159,B.E. Computer Science and Engineering (ODL),OFFLINE,1,18,45,63,B+,CT-ODL,PASS,AUC,M
12321100030,20058,OBA1104,Engineering Chemistry & Material Science,159,B.E. Computer Science and Engineering (ODL),OFFLINE,1,23,44,67,B+,CT-ODL,PASS,AUC,M
12321100030,20059,OBA1105,Problem Solving & Python Programming,159,B.E. Computer Science and Engineering (ODL),OFFLINE,1,30,54,84,A+,CT-ODL,PASS,AUC,M
12321100030,20060,OBA1106,Engineering Graphics & Modeling,159,B.E. Computer Science and Engineering (ODL),OFFLINE,1,29,42,71,A,CT-ODL,PASS,AUC,M
12321100030,20061,OBA1107,Physics & Chemistry Laboratory,159,B.E. Computer Science and Engineering (ODL),OFFLINE,1,,,,,CT-ODL,CANCELLED,AUC,M
12321100030,20062,OBA1108,Python Programming Laboratory,159,B.E. Computer Science and Engineering (ODL),OFFLINE,1,18,43,61,B+,CT-ODL,PASS,AUC,M
12321100031,20055,OBA1101,Professional English & Technical Writing,159,B.E. Computer Science and Engineering (ODL),OFFLINE,1,21,36,57,B,CT-ODL,PASS,AUC,M
12321100031,20056,OBA1102,"Matrices, Calculus & Linear Algebra",159,B.E. Computer Science and Engineering (ODL),OFFLINE,1,19,64,83,A+,CT-ODL,PASS,AUC,M
12321100031,20057,OBA1103,Engineering Physics & Quantum Mechanics,159,B.E. Computer Science and Engineering (ODL),OFFLINE,1,23,62,85,A+,CT-ODL,PASS,AUC,M
12321100031,20058,OBA1104,Engineering Chemistry & Material Science,159,B.E. Computer Science and Engineering (ODL),OFFLINE,1,26,48,74,A,CT-ODL,PASS,AUC,M
12321100031,20059,OBA1105,Problem Solving & Python Programming,159,B.E. Computer Science and Engineering (ODL),OFFLINE,1,17,36,53,B,CT-ODL,PASS,AUC,M
12321100031,20060,OBA1106,Engineering Graphics & Modeling,159,B.E. Computer Science and Engineering (ODL),OFFLINE,1,24,62,86,A+,CT-ODL,PASS,AUC,M
12321100031,20061,OBA1107,Physics & Chemistry Laboratory,159,B.E. Computer Science and Engineering (ODL),OFFLINE,1,22,45,67,B+,CT-ODL,PASS,AUC,M
12321100031,20062,OBA1108,Python Programming Laboratory,159,B.E. Computer Science and Engineering (ODL),OFFLINE,1,21,64,85,A+,CT-ODL,PASS,AUC,M
12321100033,20055,OBA1101,Professional English & Technical Writing,159,B.E. Computer Science and Engineering (ODL),OFFLINE,1,19,65,84,A+,CT-ODL,PASS,AUC,M
12321100033,20056,OBA1102,"Matrices, Calculus & Linear Algebra",159,B.E. Computer Science and Engineering (ODL),OFFLINE,1,20,58,78,A,CT-ODL,PASS,AUC,M
12321100033,20057,OBA1103,Engineering Physics & Quantum Mechanics,159,B.E. Computer Science and Engineering (ODL),OFFLINE,1,25,65,90,O,CT-ODL,PASS,AUC,M
12321100033,20058,OBA1104,Engineering Chemistry & Material Science,159,B.E. Computer Science and Engineering (ODL),OFFLINE,1,17,32,49,C,CT-ODL,PASS,AUC,M
12321100033,20059,OBA1105,Problem Solving & Python Programming,159,B.E. Computer Science and Engineering (ODL),OFFLINE,1,18,41,59,B,CT-ODL,PASS,AUC,M
12321100033,20060,OBA1106,Engineering Graphics & Modeling,159,B.E. Computer Science and Engineering (ODL),OFFLINE,1,22,53,75,A,CT-ODL,PASS,AUC,M
12321100033,20061,OBA1107,Physics & Chemistry Laboratory,159,B.E. Computer Science and Engineering (ODL),OFFLINE,1,25,54,79,A,CT-ODL,PASS,AUC,M
12321100033,20062,OBA1108,Python Programming Laboratory,159,B.E. Computer Science and Engineering (ODL),OFFLINE,1,27,34,61,B+,CT-ODL,PASS,AUC,M
12321100034,20055,OBA1101,Professional English & Technical Writing,159,B.E. Computer Science and Engineering (ODL),OFFLINE,1,30,32,62,B+,CT-ODL,PASS,AUC,M
12321100034,20056,OBA1102,"Matrices, Calculus & Linear Algebra",159,B.E. Computer Science and Engineering (ODL),OFFLINE,1,24,25,49,C,CT-ODL,PASS,AUC,M
12321100034,20057,OBA1103,Engineering Physics & Quantum Mechanics,159,B.E. Computer Science and Engineering (ODL),OFFLINE,1,24,40,64,B+,CT-ODL,PASS,AUC,M
12321100034,20058,OBA1104,Engineering Chemistry & Material Science,159,B.E. Computer Science and Engineering (ODL),OFFLINE,1,22,34,56,B,CT-ODL,PASS,AUC,M
12321100034,20059,OBA1105,Problem Solving & Python Programming,159,B.E. Computer Science and Engineering (ODL),OFFLINE,1,24,55,79,A,CT-ODL,PASS,AUC,M
12321100034,20060,OBA1106,Engineering Graphics & Modeling,159,B.E. Computer Science and Engineering (ODL),OFFLINE,1,27,31,58,B,CT-ODL,PASS,AUC,M
12321100034,20061,OBA1107,Physics & Chemistry Laboratory,159,B.E. Computer Science and Engineering (ODL),OFFLINE,1,29,56,85,A+,CT-ODL,PASS,AUC,M
12321100034,20062,OBA1108,Python Programming Laboratory,159,B.E. Computer Science and Engineering (ODL),OFFLINE,1,30,57,87,A+,CT-ODL,PASS,AUC,M
12321100035,20055,OBA1101,Professional English & Technical Writing,159,B.E. Computer Science and Engineering (ODL),OFFLINE,1,20,57,77,A,CT-ODL,PASS,AUC,M
12321100035,20056,OBA1102,"Matrices, Calculus & Linear Algebra",159,B.E. Computer Science and Engineering (ODL),OFFLINE,1,23,62,85,A+,CT-ODL,PASS,AUC,M
12321100035,20057,OBA1103,Engineering Physics & Quantum Mechanics,159,B.E. Computer Science and Engineering (ODL),OFFLINE,1,18,34,52,B,CT-ODL,PASS,AUC,M
12321100035,20058,OBA1104,Engineering Chemistry & Material Science,159,B.E. Computer Science and Engineering (ODL),OFFLINE,1,16,45,61,B+,CT-ODL,PASS,AUC,M
12321100035,20059,OBA1105,Problem Solving & Python Programming,159,B.E. Computer Science and Engineering (ODL),OFFLINE,1,19,51,70,A,CT-ODL,PASS,AUC,M
12321100035,20060,OBA1106,Engineering Graphics & Modeling,159,B.E. Computer Science and Engineering (ODL),OFFLINE,1,27,27,54,B,CT-ODL,PASS,AUC,M
12321100035,20061,OBA1107,Physics & Chemistry Laboratory,159,B.E. Computer Science and Engineering (ODL),OFFLINE,1,21,44,65,B+,CT-ODL,PASS,AUC,M
12321100035,20062,OBA1108,Python Programming Laboratory,159,B.E. Computer Science and Engineering (ODL),OFFLINE,1,17,45,62,B+,CT-ODL,PASS,AUC,M
12321100036,20055,OBA1101,Professional English & Technical Writing,159,B.E. Computer Science and Engineering (ODL),OFFLINE,1,22,38,60,B+,CT-ODL,PASS,AUC,M
12321100036,20056,OBA1102,"Matrices, Calculus & Linear Algebra",159,B.E. Computer Science and Engineering (ODL),OFFLINE,1,17,40,57,B,CT-ODL,PASS,AUC,M
12321100036,20057,OBA1103,Engineering Physics & Quantum Mechanics,159,B.E. Computer Science and Engineering (ODL),OFFLINE,1,,,,,CT-ODL,CANCELLED,AUC,M
12321100036,20058,OBA1104,Engineering Chemistry & Material Science,159,B.E. Computer Science and Engineering (ODL),OFFLINE,1,19,61,80,A+,CT-ODL,PASS,AUC,M
12321100036,20059,OBA1105,Problem Solving & Python Programming,159,B.E. Computer Science and Engineering (ODL),OFFLINE,1,29,56,85,A+,CT-ODL,PASS,AUC,M
12321100036,20060,OBA1106,Engineering Graphics & Modeling,159,B.E. Computer Science and Engineering (ODL),OFFLINE,1,17,33,50,B,CT-ODL,PASS,AUC,M
12321100036,20061,OBA1107,Physics & Chemistry Laboratory,159,B.E. Computer Science and Engineering (ODL),OFFLINE,1,22,31,53,B,CT-ODL,PASS,AUC,M
12321100036,20062,OBA1108,Python Programming Laboratory,159,B.E. Computer Science and Engineering (ODL),OFFLINE,1,19,56,75,A,CT-ODL,PASS,AUC,M
12321100037,20055,OBA1101,Professional English & Technical Writing,159,B.E. Computer Science and Engineering (ODL),OFFLINE,1,17,47,64,B+,CT-ODL,PASS,AUC,M
12321100037,20056,OBA1102,"Matrices, Calculus & Linear Algebra",159,B.E. Computer Science and Engineering (ODL),OFFLINE,1,17,59,76,A,CT-ODL,PASS,AUC,M
12321100037,20057,OBA1103,Engineering Physics & Quantum Mechanics,159,B.E. Computer Science and Engineering (ODL),OFFLINE,1,29,27,56,B,CT-ODL,PASS,AUC,M
12321100037,20058,OBA1104,Engineering Chemistry & Material Science,159,B.E. Computer Science and Engineering (ODL),OFFLINE,1,21,30,51,B,CT-ODL,PASS,AUC,M
12321100037,20059,OBA1105,Problem Solving & Python Programming,159,B.E. Computer Science and Engineering (ODL),OFFLINE,1,,,,,CT-ODL,CANCELLED,AUC,M
12321100037,20060,OBA1106,Engineering Graphics & Modeling,159,B.E. Computer Science and Engineering (ODL),OFFLINE,1,18,48,66,B+,CT-ODL,PASS,AUC,M
12321100037,20061,OBA1107,Physics & Chemistry Laboratory,159,B.E. Computer Science and Engineering (ODL),OFFLINE,1,22,50,72,A,CT-ODL,PASS,AUC,M
12321100037,20062,OBA1108,Python Programming Laboratory,159,B.E. Computer Science and Engineering (ODL),OFFLINE,1,26,58,84,A+,CT-ODL,PASS,AUC,M
12321100038,20055,OBA1101,Professional English & Technical Writing,159,B.E. Computer Science and Engineering (ODL),OFFLINE,1,19,48,67,B+,CT-ODL,PASS,AUC,M
12321100038,20056,OBA1102,"Matrices, Calculus & Linear Algebra",159,B.E. Computer Science and Engineering (ODL),OFFLINE,1,21,45,66,B+,CT-ODL,PASS,AUC,M
12321100038,20057,OBA1103,Engineering Physics & Quantum Mechanics,159,B.E. Computer Science and Engineering (ODL),OFFLINE,1,28,31,59,B,CT-ODL,PASS,AUC,M
12321100038,20058,OBA1104,Engineering Chemistry & Material Science,159,B.E. Computer Science and Engineering (ODL),OFFLINE,1,17,33,50,B,CT-ODL,PASS,AUC,M
12321100038,20059,OBA1105,Problem Solving & Python Programming,159,B.E. Computer Science and Engineering (ODL),OFFLINE,1,26,56,82,A+,CT-ODL,PASS,AUC,M
12321100038,20060,OBA1106,Engineering Graphics & Modeling,159,B.E. Computer Science and Engineering (ODL),OFFLINE,1,24,63,87,A+,CT-ODL,PASS,AUC,M
12321100038,20061,OBA1107,Physics & Chemistry Laboratory,159,B.E. Computer Science and Engineering (ODL),OFFLINE,1,18,36,54,B,CT-ODL,PASS,AUC,M
12321100038,20062,OBA1108,Python Programming Laboratory,159,B.E. Computer Science and Engineering (ODL),OFFLINE,1,22,25,47,C,CT-ODL,PASS,AUC,M
12321100039,20055,OBA1101,Professional English & Technical Writing,159,B.E. Computer Science and Engineering (ODL),OFFLINE,1,17,59,76,A,CT-ODL,PASS,AUC,M
12321100039,20056,OBA1102,"Matrices, Calculus & Linear Algebra",159,B.E. Computer Science and Engineering (ODL),OFFLINE,1,15,38,53,B,CT-ODL,PASS,AUC,M
12321100039,20057,OBA1103,Engineering Physics & Quantum Mechanics,159,B.E. Computer Science and Engineering (ODL),OFFLINE,1,23,41,64,B+,CT-ODL,PASS,AUC,M
12321100039,20058,OBA1104,Engineering Chemistry & Material Science,159,B.E. Computer Science and Engineering (ODL),OFFLINE,1,28,58,86,A+,CT-ODL,PASS,AUC,M
12321100039,20059,OBA1105,Problem Solving & Python Programming,159,B.E. Computer Science and Engineering (ODL),OFFLINE,1,30,58,88,A+,CT-ODL,PASS,AUC,M
12321100039,20060,OBA1106,Engineering Graphics & Modeling,159,B.E. Computer Science and Engineering (ODL),OFFLINE,1,25,60,85,A+,CT-ODL,PASS,AUC,M
12321100039,20061,OBA1107,Physics & Chemistry Laboratory,159,B.E. Computer Science and Engineering (ODL),OFFLINE,1,30,46,76,A,CT-ODL,PASS,AUC,M
12321100039,20062,OBA1108,Python Programming Laboratory,159,B.E. Computer Science and Engineering (ODL),OFFLINE,1,15,55,70,A,CT-ODL,PASS,AUC,M
12321100040,20055,OBA1101,Professional English & Technical Writing,159,B.E. Computer Science and Engineering (ODL),OFFLINE,1,18,50,68,B+,CT-ODL,PASS,AUC,M
12321100040,20056,OBA1102,"Matrices, Calculus & Linear Algebra",159,B.E. Computer Science and Engineering (ODL),OFFLINE,1,,,,,CT-ODL,CANCELLED,AUC,M
12321100040,20057,OBA1103,Engineering Physics & Quantum Mechanics,159,B.E. Computer Science and Engineering (ODL),OFFLINE,1,28,26,54,B,CT-ODL,PASS,AUC,M
12321100040,20058,OBA1104,Engineering Chemistry & Material Science,159,B.E. Computer Science and Engineering (ODL),OFFLINE,1,28,36,64,B+,CT-ODL,PASS,AUC,M
12321100040,20059,OBA1105,Problem Solving & Python Programming,159,B.E. Computer Science and Engineering (ODL),OFFLINE,1,23,28,51,B,CT-ODL,PASS,AUC,M
12321100040,20060,OBA1106,Engineering Graphics & Modeling,159,B.E. Computer Science and Engineering (ODL),OFFLINE,1,30,54,84,A+,CT-ODL,PASS,AUC,M
12321100040,20061,OBA1107,Physics & Chemistry Laboratory,159,B.E. Computer Science and Engineering (ODL),OFFLINE,1,25,52,77,A,CT-ODL,PASS,AUC,M
12321100040,20062,OBA1108,Python Programming Laboratory,159,B.E. Computer Science and Engineering (ODL),OFFLINE,1,24,42,66,B+,CT-ODL,PASS,AUC,M
12321100042,20055,OBA1101,Professional English & Technical Writing,159,B.E. Computer Science and Engineering (ODL),OFFLINE,1,27,57,84,A+,CT-ODL,PASS,AUC,M
12321100042,20056,OBA1102,"Matrices, Calculus & Linear Algebra",159,B.E. Computer Science and Engineering (ODL),OFFLINE,1,,,,,CT-ODL,CANCELLED,AUC,M
12321100042,20057,OBA1103,Engineering Physics & Quantum Mechanics,159,B.E. Computer Science and Engineering (ODL),OFFLINE,1,29,49,78,A,CT-ODL,PASS,AUC,M
12321100042,20058,OBA1104,Engineering Chemistry & Material Science,159,B.E. Computer Science and Engineering (ODL),OFFLINE,1,25,60,85,A+,CT-ODL,PASS,AUC,M
12321100042,20059,OBA1105,Problem Solving & Python Programming,159,B.E. Computer Science and Engineering (ODL),OFFLINE,1,15,37,52,B,CT-ODL,PASS,AUC,M
12321100042,20060,OBA1106,Engineering Graphics & Modeling,159,B.E. Computer Science and Engineering (ODL),OFFLINE,1,19,52,71,A,CT-ODL,PASS,AUC,M
12321100042,20061,OBA1107,Physics & Chemistry Laboratory,159,B.E. Computer Science and Engineering (ODL),OFFLINE,1,16,54,70,A,CT-ODL,PASS,AUC,M
12321100042,20062,OBA1108,Python Programming Laboratory,159,B.E. Computer Science and Engineering (ODL),OFFLINE,1,,,,,CT-ODL,CANCELLED,AUC,M
12321100043,20055,OBA1101,Professional English & Technical Writing,159,B.E. Computer Science and Engineering (ODL),OFFLINE,1,17,26,43,C,CT-ODL,PASS,AUC,M
12321100043,20056,OBA1102,"Matrices, Calculus & Linear Algebra",159,B.E. Computer Science and Engineering (ODL),OFFLINE,1,19,38,57,B,CT-ODL,PASS,AUC,M
12321100043,20057,OBA1103,Engineering Physics & Quantum Mechanics,159,B.E. Computer Science and Engineering (ODL),OFFLINE,1,16,30,46,C,CT-ODL,PASS,AUC,M
12321100043,20058,OBA1104,Engineering Chemistry & Material Science,159,B.E. Computer Science and Engineering (ODL),OFFLINE,1,,,,,CT-ODL,CANCELLED,AUC,M
12321100043,20059,OBA1105,Problem Solving & Python Programming,159,B.E. Computer Science and Engineering (ODL),OFFLINE,1,26,41,67,B+,CT-ODL,PASS,AUC,M
12321100043,20060,OBA1106,Engineering Graphics & Modeling,159,B.E. Computer Science and Engineering (ODL),OFFLINE,1,30,46,76,A,CT-ODL,PASS,AUC,M
12321100043,20061,OBA1107,Physics & Chemistry Laboratory,159,B.E. Computer Science and Engineering (ODL),OFFLINE,1,20,52,72,A,CT-ODL,PASS,AUC,M
12321100043,20062,OBA1108,Python Programming Laboratory,159,B.E. Computer Science and Engineering (ODL),OFFLINE,1,15,52,67,B+,CT-ODL,PASS,AUC,M
12321100044,20055,OBA1101,Professional English & Technical Writing,159,B.E. Computer Science and Engineering (ODL),OFFLINE,1,16,29,45,C,CT-ODL,PASS,AUC,M
12321100044,20056,OBA1102,"Matrices, Calculus & Linear Algebra",159,B.E. Computer Science and Engineering (ODL),OFFLINE,1,15,26,41,C,CT-ODL,PASS,AUC,M
12321100044,20057,OBA1103,Engineering Physics & Quantum Mechanics,159,B.E. Computer Science and Engineering (ODL),OFFLINE,1,15,47,62,B+,CT-ODL,PASS,AUC,M
12321100044,20058,OBA1104,Engineering Chemistry & Material Science,159,B.E. Computer Science and Engineering (ODL),OFFLINE,1,18,57,75,A,CT-ODL,PASS,AUC,M
12321100044,20059,OBA1105,Problem Solving & Python Programming,159,B.E. Computer Science and Engineering (ODL),OFFLINE,1,29,55,84,A+,CT-ODL,PASS,AUC,M
12321100044,20060,OBA1106,Engineering Graphics & Modeling,159,B.E. Computer Science and Engineering (ODL),OFFLINE,1,19,44,63,B+,CT-ODL,PASS,AUC,M
12321100044,20061,OBA1107,Physics & Chemistry Laboratory,159,B.E. Computer Science and Engineering (ODL),OFFLINE,1,26,59,85,A+,CT-ODL,PASS,AUC,M
12321100044,20062,OBA1108,Python Programming Laboratory,159,B.E. Computer Science and Engineering (ODL),OFFLINE,1,18,51,69,B+,CT-ODL,PASS,AUC,M
12321100045,20055,OBA1101,Professional English & Technical Writing,159,B.E. Computer Science and Engineering (ODL),OFFLINE,1,15,44,59,B,CT-ODL,PASS,AUC,M
12321100045,20056,OBA1102,"Matrices, Calculus & Linear Algebra",159,B.E. Computer Science and Engineering (ODL),OFFLINE,1,18,50,68,B+,CT-ODL,PASS,AUC,M
12321100045,20057,OBA1103,Engineering Physics & Quantum Mechanics,159,B.E. Computer Science and Engineering (ODL),OFFLINE,1,20,33,53,B,CT-ODL,PASS,AUC,M
12321100045,20058,OBA1104,Engineering Chemistry & Material Science,159,B.E. Computer Science and Engineering (ODL),OFFLINE,1,19,36,55,B,CT-ODL,PASS,AUC,M
12321100045,20059,OBA1105,Problem Solving & Python Programming,159,B.E. Computer Science and Engineering (ODL),OFFLINE,1,18,56,74,A,CT-ODL,PASS,AUC,M
12321100045,20060,OBA1106,Engineering Graphics & Modeling,159,B.E. Computer Science and Engineering (ODL),OFFLINE,1,21,25,46,C,CT-ODL,PASS,AUC,M
12321100045,20061,OBA1107,Physics & Chemistry Laboratory,159,B.E. Computer Science and Engineering (ODL),OFFLINE,1,29,36,65,B+,CT-ODL,PASS,AUC,M
12321100045,20062,OBA1108,Python Programming Laboratory,159,B.E. Computer Science and Engineering (ODL),OFFLINE,1,16,35,51,B,CT-ODL,PASS,AUC,M
12321100046,20055,OBA1101,Professional English & Technical Writing,159,B.E. Computer Science and Engineering (ODL),OFFLINE,1,18,57,75,A,CT-ODL,PASS,AUC,M
12321100046,20056,OBA1102,"Matrices, Calculus & Linear Algebra",159,B.E. Computer Science and Engineering (ODL),OFFLINE,1,17,53,70,A,CT-ODL,PASS,AUC,M
12321100046,20057,OBA1103,Engineering Physics & Quantum Mechanics,159,B.E. Computer Science and Engineering (ODL),OFFLINE,1,18,25,43,C,CT-ODL,PASS,AUC,M
12321100046,20058,OBA1104,Engineering Chemistry & Material Science,159,B.E. Computer Science and Engineering (ODL),OFFLINE,1,27,31,58,B,CT-ODL,PASS,AUC,M
12321100046,20059,OBA1105,Problem Solving & Python Programming,159,B.E. Computer Science and Engineering (ODL),OFFLINE,1,20,50,70,A,CT-ODL,PASS,AUC,M
12321100046,20060,OBA1106,Engineering Graphics & Modeling,159,B.E. Computer Science and Engineering (ODL),OFFLINE,1,16,33,49,C,CT-ODL,PASS,AUC,M
12321100046,20061,OBA1107,Physics & Chemistry Laboratory,159,B.E. Computer Science and Engineering (ODL),OFFLINE,1,20,53,73,A,CT-ODL,PASS,AUC,M
12321100046,20062,OBA1108,Python Programming Laboratory,159,B.E. Computer Science and Engineering (ODL),OFFLINE,1,16,28,44,C,CT-ODL,PASS,AUC,M
12321100047,20055,OBA1101,Professional English & Technical Writing,159,B.E. Computer Science and Engineering (ODL),OFFLINE,1,18,64,82,A+,CT-ODL,PASS,AUC,M
12321100047,20056,OBA1102,"Matrices, Calculus & Linear Algebra",159,B.E. Computer Science and Engineering (ODL),OFFLINE,1,24,63,87,A+,CT-ODL,PASS,AUC,M
12321100047,20057,OBA1103,Engineering Physics & Quantum Mechanics,159,B.E. Computer Science and Engineering (ODL),OFFLINE,1,,,,,CT-ODL,CANCELLED,AUC,M
12321100047,20058,OBA1104,Engineering Chemistry & Material Science,159,B.E. Computer Science and Engineering (ODL),OFFLINE,1,29,48,77,A,CT-ODL,PASS,AUC,M
12321100047,20059,OBA1105,Problem Solving & Python Programming,159,B.E. Computer Science and Engineering (ODL),OFFLINE,1,29,55,84,A+,CT-ODL,PASS,AUC,M
12321100047,20060,OBA1106,Engineering Graphics & Modeling,159,B.E. Computer Science and Engineering (ODL),OFFLINE,1,18,26,44,C,CT-ODL,PASS,AUC,M
12321100047,20061,OBA1107,Physics & Chemistry Laboratory,159,B.E. Computer Science and Engineering (ODL),OFFLINE,1,29,26,55,B,CT-ODL,PASS,AUC,M
12321100047,20062,OBA1108,Python Programming Laboratory,159,B.E. Computer Science and Engineering (ODL),OFFLINE,1,17,64,81,A+,CT-ODL,PASS,AUC,M
12321100048,20055,OBA1101,Professional English & Technical Writing,159,B.E. Computer Science and Engineering (ODL),OFFLINE,1,26,47,73,A,CT-ODL,PASS,AUC,M
12321100048,20056,OBA1102,"Matrices, Calculus & Linear Algebra",159,B.E. Computer Science and Engineering (ODL),OFFLINE,1,18,52,70,A,CT-ODL,PASS,AUC,M
12321100048,20057,OBA1103,Engineering Physics & Quantum Mechanics,159,B.E. Computer Science and Engineering (ODL),OFFLINE,1,20,32,52,B,CT-ODL,PASS,AUC,M
12321100048,20058,OBA1104,Engineering Chemistry & Material Science,159,B.E. Computer Science and Engineering (ODL),OFFLINE,1,19,48,67,B+,CT-ODL,PASS,AUC,M
12321100048,20059,OBA1105,Problem Solving & Python Programming,159,B.E. Computer Science and Engineering (ODL),OFFLINE,1,20,25,45,C,CT-ODL,PASS,AUC,M
12321100048,20060,OBA1106,Engineering Graphics & Modeling,159,B.E. Computer Science and Engineering (ODL),OFFLINE,1,28,54,82,A+,CT-ODL,PASS,AUC,M
12321100048,20061,OBA1107,Physics & Chemistry Laboratory,159,B.E. Computer Science and Engineering (ODL),OFFLINE,1,27,39,66,B+,CT-ODL,PASS,AUC,M
12321100048,20062,OBA1108,Python Programming Laboratory,159,B.E. Computer Science and Engineering (ODL),OFFLINE,1,30,63,93,O,CT-ODL,PASS,AUC,M
12321100049,20055,OBA1101,Professional English & Technical Writing,159,B.E. Computer Science and Engineering (ODL),OFFLINE,1,17,35,52,B,CT-ODL,PASS,AUC,M
12321100049,20056,OBA1102,"Matrices, Calculus & Linear Algebra",159,B.E. Computer Science and Engineering (ODL),OFFLINE,1,25,26,51,B,CT-ODL,PASS,AUC,M
12321100049,20057,OBA1103,Engineering Physics & Quantum Mechanics,159,B.E. Computer Science and Engineering (ODL),OFFLINE,1,17,52,69,B+,CT-ODL,PASS,AUC,M
12321100049,20058,OBA1104,Engineering Chemistry & Material Science,159,B.E. Computer Science and Engineering (ODL),OFFLINE,1,16,56,72,A,CT-ODL,PASS,AUC,M
12321100049,20059,OBA1105,Problem Solving & Python Programming,159,B.E. Computer Science and Engineering (ODL),OFFLINE,1,19,47,66,B+,CT-ODL,PASS,AUC,M
12321100049,20060,OBA1106,Engineering Graphics & Modeling,159,B.E. Computer Science and Engineering (ODL),OFFLINE,1,29,38,67,B+,CT-ODL,PASS,AUC,M
12321100049,20061,OBA1107,Physics & Chemistry Laboratory,159,B.E. Computer Science and Engineering (ODL),OFFLINE,1,25,38,63,B+,CT-ODL,PASS,AUC,M
12321100049,20062,OBA1108,Python Programming Laboratory,159,B.E. Computer Science and Engineering (ODL),OFFLINE,1,,,,,CT-ODL,CANCELLED,AUC,M
12321100050,20055,OBA1101,Professional English & Technical Writing,159,B.E. Computer Science and Engineering (ODL),OFFLINE,1,15,51,66,B+,CT-ODL,PASS,AUC,M
12321100050,20056,OBA1102,"Matrices, Calculus & Linear Algebra",159,B.E. Computer Science and Engineering (ODL),OFFLINE,1,21,26,47,C,CT-ODL,PASS,AUC,M
12321100050,20057,OBA1103,Engineering Physics & Quantum Mechanics,159,B.E. Computer Science and Engineering (ODL),OFFLINE,1,29,46,75,A,CT-ODL,PASS,AUC,M
12321100050,20058,OBA1104,Engineering Chemistry & Material Science,159,B.E. Computer Science and Engineering (ODL),OFFLINE,1,,,,,CT-ODL,CANCELLED,AUC,M
12321100050,20059,OBA1105,Problem Solving & Python Programming,159,B.E. Computer Science and Engineering (ODL),OFFLINE,1,29,38,67,B+,CT-ODL,PASS,AUC,M
12321100050,20060,OBA1106,Engineering Graphics & Modeling,159,B.E. Computer Science and Engineering (ODL),OFFLINE,1,30,51,81,A+,CT-ODL,PASS,AUC,M
12321100050,20061,OBA1107,Physics & Chemistry Laboratory,159,B.E. Computer Science and Engineering (ODL),OFFLINE,1,16,38,54,B,CT-ODL,PASS,AUC,M
12321100050,20062,OBA1108,Python Programming Laboratory,159,B.E. Computer Science and Engineering (ODL),OFFLINE,1,19,39,58,B,CT-ODL,PASS,AUC,M
12321100051,20055,OBA1101,Professional English & Technical Writing,159,B.E. Computer Science and Engineering (ODL),OFFLINE,1,15,64,79,A,CT-ODL,PASS,AUC,M
12321100051,20056,OBA1102,"Matrices, Calculus & Linear Algebra",159,B.E. Computer Science and Engineering (ODL),OFFLINE,1,19,35,54,B,CT-ODL,PASS,AUC,M
12321100051,20057,OBA1103,Engineering Physics & Quantum Mechanics,159,B.E. Computer Science and Engineering (ODL),OFFLINE,1,15,35,50,B,CT-ODL,PASS,AUC,M
12321100051,20058,OBA1104,Engineering Chemistry & Material Science,159,B.E. Computer Science and Engineering (ODL),OFFLINE,1,20,35,55,B,CT-ODL,PASS,AUC,M
12321100051,20059,OBA1105,Problem Solving & Python Programming,159,B.E. Computer Science and Engineering (ODL),OFFLINE,1,30,30,60,B+,CT-ODL,PASS,AUC,M
12321100051,20060,OBA1106,Engineering Graphics & Modeling,159,B.E. Computer Science and Engineering (ODL),OFFLINE,1,15,31,46,C,CT-ODL,PASS,AUC,M
12321100051,20061,OBA1107,Physics & Chemistry Laboratory,159,B.E. Computer Science and Engineering (ODL),OFFLINE,1,,,,,CT-ODL,CANCELLED,AUC,M
12321100051,20062,OBA1108,Python Programming Laboratory,159,B.E. Computer Science and Engineering (ODL),OFFLINE,1,24,52,76,A,CT-ODL,PASS,AUC,M
12321100053,20055,OBA1101,Professional English & Technical Writing,159,B.E. Computer Science and Engineering (ODL),OFFLINE,1,15,51,66,B+,CT-ODL,PASS,AUC,M
12321100053,20056,OBA1102,"Matrices, Calculus & Linear Algebra",159,B.E. Computer Science and Engineering (ODL),OFFLINE,1,23,51,74,A,CT-ODL,PASS,AUC,M
12321100053,20057,OBA1103,Engineering Physics & Quantum Mechanics,159,B.E. Computer Science and Engineering (ODL),OFFLINE,1,18,65,83,A+,CT-ODL,PASS,AUC,M
12321100053,20058,OBA1104,Engineering Chemistry & Material Science,159,B.E. Computer Science and Engineering (ODL),OFFLINE,1,21,28,49,C,CT-ODL,PASS,AUC,M
12321100053,20059,OBA1105,Problem Solving & Python Programming,159,B.E. Computer Science and Engineering (ODL),OFFLINE,1,18,27,45,C,CT-ODL,PASS,AUC,M
12321100053,20060,OBA1106,Engineering Graphics & Modeling,159,B.E. Computer Science and Engineering (ODL),OFFLINE,1,27,29,56,B,CT-ODL,PASS,AUC,M
12321100053,20061,OBA1107,Physics & Chemistry Laboratory,159,B.E. Computer Science and Engineering (ODL),OFFLINE,1,19,62,81,A+,CT-ODL,PASS,AUC,M
12321100053,20062,OBA1108,Python Programming Laboratory,159,B.E. Computer Science and Engineering (ODL),OFFLINE,1,24,60,84,A+,CT-ODL,PASS,AUC,M
12321100055,20055,OBA1101,Professional English & Technical Writing,159,B.E. Computer Science and Engineering (ODL),OFFLINE,1,20,52,72,A,CT-ODL,PASS,AUC,M
12321100055,20056,OBA1102,"Matrices, Calculus & Linear Algebra",159,B.E. Computer Science and Engineering (ODL),OFFLINE,1,25,25,50,B,CT-ODL,PASS,AUC,M
12321100055,20057,OBA1103,Engineering Physics & Quantum Mechanics,159,B.E. Computer Science and Engineering (ODL),OFFLINE,1,24,61,85,A+,CT-ODL,PASS,AUC,M
12321100055,20058,OBA1104,Engineering Chemistry & Material Science,159,B.E. Computer Science and Engineering (ODL),OFFLINE,1,23,37,60,B+,CT-ODL,PASS,AUC,M
12321100055,20059,OBA1105,Problem Solving & Python Programming,159,B.E. Computer Science and Engineering (ODL),OFFLINE,1,20,33,53,B,CT-ODL,PASS,AUC,M
12321100055,20060,OBA1106,Engineering Graphics & Modeling,159,B.E. Computer Science and Engineering (ODL),OFFLINE,1,30,45,75,A,CT-ODL,PASS,AUC,M
12321100055,20061,OBA1107,Physics & Chemistry Laboratory,159,B.E. Computer Science and Engineering (ODL),OFFLINE,1,29,35,64,B+,CT-ODL,PASS,AUC,M
12321100055,20062,OBA1108,Python Programming Laboratory,159,B.E. Computer Science and Engineering (ODL),OFFLINE,1,24,54,78,A,CT-ODL,PASS,AUC,M
12321100056,20055,OBA1101,Professional English & Technical Writing,159,B.E. Computer Science and Engineering (ODL),OFFLINE,1,15,57,72,A,CT-ODL,PASS,AUC,M
12321100056,20056,OBA1102,"Matrices, Calculus & Linear Algebra",159,B.E. Computer Science and Engineering (ODL),OFFLINE,1,24,57,81,A+,CT-ODL,PASS,AUC,M
12321100056,20057,OBA1103,Engineering Physics & Quantum Mechanics,159,B.E. Computer Science and Engineering (ODL),OFFLINE,1,25,41,66,B+,CT-ODL,PASS,AUC,M
12321100056,20058,OBA1104,Engineering Chemistry & Material Science,159,B.E. Computer Science and Engineering (ODL),OFFLINE,1,26,25,51,B,CT-ODL,PASS,AUC,M
12321100056,20059,OBA1105,Problem Solving & Python Programming,159,B.E. Computer Science and Engineering (ODL),OFFLINE,1,25,57,82,A+,CT-ODL,PASS,AUC,M
12321100056,20060,OBA1106,Engineering Graphics & Modeling,159,B.E. Computer Science and Engineering (ODL),OFFLINE,1,20,45,65,B+,CT-ODL,PASS,AUC,M
12321100056,20061,OBA1107,Physics & Chemistry Laboratory,159,B.E. Computer Science and Engineering (ODL),OFFLINE,1,16,30,46,C,CT-ODL,PASS,AUC,M
12321100056,20062,OBA1108,Python Programming Laboratory,159,B.E. Computer Science and Engineering (ODL),OFFLINE,1,29,34,63,B+,CT-ODL,PASS,AUC,M
12321100057,20055,OBA1101,Professional English & Technical Writing,159,B.E. Computer Science and Engineering (ODL),OFFLINE,1,22,34,56,B,CT-ODL,PASS,AUC,M
12321100057,20056,OBA1102,"Matrices, Calculus & Linear Algebra",159,B.E. Computer Science and Engineering (ODL),OFFLINE,1,20,33,53,B,CT-ODL,PASS,AUC,M
12321100057,20057,OBA1103,Engineering Physics & Quantum Mechanics,159,B.E. Computer Science and Engineering (ODL),OFFLINE,1,19,31,50,B,CT-ODL,PASS,AUC,M
12321100057,20058,OBA1104,Engineering Chemistry & Material Science,159,B.E. Computer Science and Engineering (ODL),OFFLINE,1,20,36,56,B,CT-ODL,PASS,AUC,M
12321100057,20059,OBA1105,Problem Solving & Python Programming,159,B.E. Computer Science and Engineering (ODL),OFFLINE,1,30,56,86,A+,CT-ODL,PASS,AUC,M
12321100057,20060,OBA1106,Engineering Graphics & Modeling,159,B.E. Computer Science and Engineering (ODL),OFFLINE,1,30,44,74,A,CT-ODL,PASS,AUC,M
12321100057,20061,OBA1107,Physics & Chemistry Laboratory,159,B.E. Computer Science and Engineering (ODL),OFFLINE,1,27,56,83,A+,CT-ODL,PASS,AUC,M
12321100057,20062,OBA1108,Python Programming Laboratory,159,B.E. Computer Science and Engineering (ODL),OFFLINE,1,28,51,79,A,CT-ODL,PASS,AUC,M
12321100058,20055,OBA1101,Professional English & Technical Writing,159,B.E. Computer Science and Engineering (ODL),OFFLINE,1,21,29,50,B,CT-ODL,PASS,AUC,M
12321100058,20056,OBA1102,"Matrices, Calculus & Linear Algebra",159,B.E. Computer Science and Engineering (ODL),OFFLINE,1,25,61,86,A+,CT-ODL,PASS,AUC,M
12321100058,20057,OBA1103,Engineering Physics & Quantum Mechanics,159,B.E. Computer Science and Engineering (ODL),OFFLINE,1,26,53,79,A,CT-ODL,PASS,AUC,M
12321100058,20058,OBA1104,Engineering Chemistry & Material Science,159,B.E. Computer Science and Engineering (ODL),OFFLINE,1,15,65,80,A+,CT-ODL,PASS,AUC,M
12321100058,20059,OBA1105,Problem Solving & Python Programming,159,B.E. Computer Science and Engineering (ODL),OFFLINE,1,17,51,68,B+,CT-ODL,PASS,AUC,M
12321100058,20060,OBA1106,Engineering Graphics & Modeling,159,B.E. Computer Science and Engineering (ODL),OFFLINE,1,19,56,75,A,CT-ODL,PASS,AUC,M
12321100058,20061,OBA1107,Physics & Chemistry Laboratory,159,B.E. Computer Science and Engineering (ODL),OFFLINE,1,15,60,75,A,CT-ODL,PASS,AUC,M
12321100058,20062,OBA1108,Python Programming Laboratory,159,B.E. Computer Science and Engineering (ODL),OFFLINE,1,30,32,62,B+,CT-ODL,PASS,AUC,M
12321100059,20055,OBA1101,Professional English & Technical Writing,159,B.E. Computer Science and Engineering (ODL),OFFLINE,1,30,25,55,B,CT-ODL,PASS,AUC,M
12321100059,20056,OBA1102,"Matrices, Calculus & Linear Algebra",159,B.E. Computer Science and Engineering (ODL),OFFLINE,1,15,42,57,B,CT-ODL,PASS,AUC,M
12321100059,20057,OBA1103,Engineering Physics & Quantum Mechanics,159,B.E. Computer Science and Engineering (ODL),OFFLINE,1,25,45,70,A,CT-ODL,PASS,AUC,M
12321100059,20058,OBA1104,Engineering Chemistry & Material Science,159,B.E. Computer Science and Engineering (ODL),OFFLINE,1,25,27,52,B,CT-ODL,PASS,AUC,M
12321100059,20059,OBA1105,Problem Solving & Python Programming,159,B.E. Computer Science and Engineering (ODL),OFFLINE,1,18,61,79,A,CT-ODL,PASS,AUC,M
12321100059,20060,OBA1106,Engineering Graphics & Modeling,159,B.E. Computer Science and Engineering (ODL),OFFLINE,1,21,43,64,B+,CT-ODL,PASS,AUC,M
12321100059,20061,OBA1107,Physics & Chemistry Laboratory,159,B.E. Computer Science and Engineering (ODL),OFFLINE,1,24,43,67,B+,CT-ODL,PASS,AUC,M
12321100059,20062,OBA1108,Python Programming Laboratory,159,B.E. Computer Science and Engineering (ODL),OFFLINE,1,26,45,71,A,CT-ODL,PASS,AUC,M
12321100060,20055,OBA1101,Professional English & Technical Writing,159,B.E. Computer Science and Engineering (ODL),OFFLINE,1,28,28,56,B,CT-ODL,PASS,AUC,M
12321100060,20056,OBA1102,"Matrices, Calculus & Linear Algebra",159,B.E. Computer Science and Engineering (ODL),OFFLINE,1,15,63,78,A,CT-ODL,PASS,AUC,M
12321100060,20057,OBA1103,Engineering Physics & Quantum Mechanics,159,B.E. Computer Science and Engineering (ODL),OFFLINE,1,21,58,79,A,CT-ODL,PASS,AUC,M
12321100060,20058,OBA1104,Engineering Chemistry & Material Science,159,B.E. Computer Science and Engineering (ODL),OFFLINE,1,23,56,79,A,CT-ODL,PASS,AUC,M
12321100060,20059,OBA1105,Problem Solving & Python Programming,159,B.E. Computer Science and Engineering (ODL),OFFLINE,1,21,62,83,A+,CT-ODL,PASS,AUC,M
12321100060,20060,OBA1106,Engineering Graphics & Modeling,159,B.E. Computer Science and Engineering (ODL),OFFLINE,1,19,59,78,A,CT-ODL,PASS,AUC,M
12321100060,20061,OBA1107,Physics & Chemistry Laboratory,159,B.E. Computer Science and Engineering (ODL),OFFLINE,1,28,46,74,A,CT-ODL,PASS,AUC,M
12321100060,20062,OBA1108,Python Programming Laboratory,159,B.E. Computer Science and Engineering (ODL),OFFLINE,1,22,38,60,B+,CT-ODL,PASS,AUC,M
12321100061,20055,OBA1101,Professional English & Technical Writing,159,B.E. Computer Science and Engineering (ODL),OFFLINE,1,20,30,50,B,CT-ODL,PASS,AUC,M
12321100061,20056,OBA1102,"Matrices, Calculus & Linear Algebra",159,B.E. Computer Science and Engineering (ODL),OFFLINE,1,29,30,59,B,CT-ODL,PASS,AUC,M
12321100061,20057,OBA1103,Engineering Physics & Quantum Mechanics,159,B.E. Computer Science and Engineering (ODL),OFFLINE,1,17,44,61,B+,CT-ODL,PASS,AUC,M
12321100061,20058,OBA1104,Engineering Chemistry & Material Science,159,B.E. Computer Science and Engineering (ODL),OFFLINE,1,24,47,71,A,CT-ODL,PASS,AUC,M
12321100061,20059,OBA1105,Problem Solving & Python Programming,159,B.E. Computer Science and Engineering (ODL),OFFLINE,1,21,40,61,B+,CT-ODL,PASS,AUC,M
12321100061,20060,OBA1106,Engineering Graphics & Modeling,159,B.E. Computer Science and Engineering (ODL),OFFLINE,1,30,51,81,A+,CT-ODL,PASS,AUC,M
12321100061,20061,OBA1107,Physics & Chemistry Laboratory,159,B.E. Computer Science and Engineering (ODL),OFFLINE,1,24,63,87,A+,CT-ODL,PASS,AUC,M
12321100061,20062,OBA1108,Python Programming Laboratory,159,B.E. Computer Science and Engineering (ODL),OFFLINE,1,15,33,48,C,CT-ODL,PASS,AUC,M
12321100062,20061,OBA1107,Physics & Chemistry Laboratory,159,B.E. Computer Science and Engineering (ODL),OFFLINE,1,22,44,66,B+,CT-ODL,PASS,AUC,M
12321100062,20062,OBA1108,Python Programming Laboratory,159,B.E. Computer Science and Engineering (ODL),OFFLINE,1,28,48,76,A,CT-ODL,PASS,AUC,M
12321100064,20055,OBA1101,Professional English & Technical Writing,159,B.E. Computer Science and Engineering (ODL),OFFLINE,1,28,42,70,A,CT-ODL,PASS,AUC,M
12321100064,20056,OBA1102,"Matrices, Calculus & Linear Algebra",159,B.E. Computer Science and Engineering (ODL),OFFLINE,1,25,47,72,A,CT-ODL,PASS,AUC,M
12321100064,20057,OBA1103,Engineering Physics & Quantum Mechanics,159,B.E. Computer Science and Engineering (ODL),OFFLINE,1,29,53,82,A+,CT-ODL,PASS,AUC,M
12321100064,20058,OBA1104,Engineering Chemistry & Material Science,159,B.E. Computer Science and Engineering (ODL),OFFLINE,1,26,41,67,B+,CT-ODL,PASS,AUC,M
12321100064,20059,OBA1105,Problem Solving & Python Programming,159,B.E. Computer Science and Engineering (ODL),OFFLINE,1,26,43,69,B+,CT-ODL,PASS,AUC,M
12321100064,20060,OBA1106,Engineering Graphics & Modeling,159,B.E. Computer Science and Engineering (ODL),OFFLINE,1,28,42,70,A,CT-ODL,PASS,AUC,M
12321100064,20061,OBA1107,Physics & Chemistry Laboratory,159,B.E. Computer Science and Engineering (ODL),OFFLINE,1,25,35,60,B+,CT-ODL,PASS,AUC,M
12321100064,20062,OBA1108,Python Programming Laboratory,159,B.E. Computer Science and Engineering (ODL),OFFLINE,1,28,56,84,A+,CT-ODL,PASS,AUC,M
12321100065,20055,OBA1101,Professional English & Technical Writing,159,B.E. Computer Science and Engineering (ODL),OFFLINE,1,27,53,80,A+,CT-ODL,PASS,AUC,M
12321100065,20056,OBA1102,"Matrices, Calculus & Linear Algebra",159,B.E. Computer Science and Engineering (ODL),OFFLINE,1,26,50,76,A,CT-ODL,PASS,AUC,M
12321100065,20057,OBA1103,Engineering Physics & Quantum Mechanics,159,B.E. Computer Science and Engineering (ODL),OFFLINE,1,29,54,83,A+,CT-ODL,PASS,AUC,M
12321100065,20058,OBA1104,Engineering Chemistry & Material Science,159,B.E. Computer Science and Engineering (ODL),OFFLINE,1,26,34,60,B+,CT-ODL,PASS,AUC,M
12321100065,20059,OBA1105,Problem Solving & Python Programming,159,B.E. Computer Science and Engineering (ODL),OFFLINE,1,25,53,78,A,CT-ODL,PASS,AUC,M
12321100065,20060,OBA1106,Engineering Graphics & Modeling,159,B.E. Computer Science and Engineering (ODL),OFFLINE,1,26,46,72,A,CT-ODL,PASS,AUC,M
12321100065,20061,OBA1107,Physics & Chemistry Laboratory,159,B.E. Computer Science and Engineering (ODL),OFFLINE,1,26,43,69,B+,CT-ODL,PASS,AUC,M
12321100065,20062,OBA1108,Python Programming Laboratory,159,B.E. Computer Science and Engineering (ODL),OFFLINE,1,29,52,81,A+,CT-ODL,PASS,AUC,M
12321100066,20055,OBA1101,Professional English & Technical Writing,159,B.E. Computer Science and Engineering (ODL),OFFLINE,1,16,24,40,C,CT-ODL,PASS,AUC,M
12321100066,20056,OBA1102,"Matrices, Calculus & Linear Algebra",159,B.E. Computer Science and Engineering (ODL),OFFLINE,1,14,42,56,B,CT-ODL,PASS,AUC,M
12321100066,20057,OBA1103,Engineering Physics & Quantum Mechanics,159,B.E. Computer Science and Engineering (ODL),OFFLINE,1,17,24,41,C,CT-ODL,PASS,AUC,M
12321100066,20058,OBA1104,Engineering Chemistry & Material Science,159,B.E. Computer Science and Engineering (ODL),OFFLINE,1,16,41,57,B,CT-ODL,PASS,AUC,M
12321100066,20059,OBA1105,Problem Solving & Python Programming,159,B.E. Computer Science and Engineering (ODL),OFFLINE,1,17,,,,CT-ODL,CANCELLED,AUC,M
12321100066,20060,OBA1106,Engineering Graphics & Modeling,159,B.E. Computer Science and Engineering (ODL),OFFLINE,1,10,20,30,F,CT-ODL,FAIL,AUC,M
12321100066,20061,OBA1107,Physics & Chemistry Laboratory,159,B.E. Computer Science and Engineering (ODL),OFFLINE,1,15,4,19,F,CT-ODL,FAIL,AUC,M
12321100066,20062,OBA1108,Python Programming Laboratory,159,B.E. Computer Science and Engineering (ODL),OFFLINE,1,17,33,50,B,CT-ODL,PASS,AUC,M
12321100068,20055,OBA1101,Professional English & Technical Writing,159,B.E. Computer Science and Engineering (ODL),OFFLINE,1,24,52,76,A,CT-ODL,PASS,AUC,M
12321100068,20056,OBA1102,"Matrices, Calculus & Linear Algebra",159,B.E. Computer Science and Engineering (ODL),OFFLINE,1,22,42,64,B+,CT-ODL,PASS,AUC,M
12321100068,20057,OBA1103,Engineering Physics & Quantum Mechanics,159,B.E. Computer Science and Engineering (ODL),OFFLINE,1,27,40,67,B+,CT-ODL,PASS,AUC,M
12321100068,20058,OBA1104,Engineering Chemistry & Material Science,159,B.E. Computer Science and Engineering (ODL),OFFLINE,1,25,39,64,B+,CT-ODL,PASS,AUC,M
12321100068,20059,OBA1105,Problem Solving & Python Programming,159,B.E. Computer Science and Engineering (ODL),OFFLINE,1,21,43,64,B+,CT-ODL,PASS,AUC,M
12321100068,20060,OBA1106,Engineering Graphics & Modeling,159,B.E. Computer Science and Engineering (ODL),OFFLINE,1,22,34,56,B,CT-ODL,PASS,AUC,M
12321100068,20061,OBA1107,Physics & Chemistry Laboratory,159,B.E. Computer Science and Engineering (ODL),OFFLINE,1,22,25,47,C,CT-ODL,PASS,AUC,M
12321100068,20062,OBA1108,Python Programming Laboratory,159,B.E. Computer Science and Engineering (ODL),OFFLINE,1,25,50,75,A,CT-ODL,PASS,AUC,M
12321100069,20055,OBA1101,Professional English & Technical Writing,159,B.E. Computer Science and Engineering (ODL),OFFLINE,1,27,50,77,A,CT-ODL,PASS,AUC,M
12321100069,20056,OBA1102,"Matrices, Calculus & Linear Algebra",159,B.E. Computer Science and Engineering (ODL),OFFLINE,1,26,59,85,A+,CT-ODL,PASS,AUC,M
12321100069,20057,OBA1103,Engineering Physics & Quantum Mechanics,159,B.E. Computer Science and Engineering (ODL),OFFLINE,1,27,49,76,A,CT-ODL,PASS,AUC,M
12321100069,20058,OBA1104,Engineering Chemistry & Material Science,159,B.E. Computer Science and Engineering (ODL),OFFLINE,1,25,37,62,B+,CT-ODL,PASS,AUC,M
12321100069,20059,OBA1105,Problem Solving & Python Programming,159,B.E. Computer Science and Engineering (ODL),OFFLINE,1,27,53,80,A+,CT-ODL,PASS,AUC,M
12321100069,20060,OBA1106,Engineering Graphics & Modeling,159,B.E. Computer Science and Engineering (ODL),OFFLINE,1,27,50,77,A,CT-ODL,PASS,AUC,M
12321100069,20061,OBA1107,Physics & Chemistry Laboratory,159,B.E. Computer Science and Engineering (ODL),OFFLINE,1,29,57,86,A+,CT-ODL,PASS,AUC,M
12321100069,20062,OBA1108,Python Programming Laboratory,159,B.E. Computer Science and Engineering (ODL),OFFLINE,1,30,60,90,O,CT-ODL,PASS,AUC,M
12321100070,20055,OBA1101,Professional English & Technical Writing,159,B.E. Computer Science and Engineering (ODL),OFFLINE,1,29,32,61,B+,CT-ODL,PASS,AUC,M
12321100070,20056,OBA1102,"Matrices, Calculus & Linear Algebra",159,B.E. Computer Science and Engineering (ODL),OFFLINE,1,24,42,66,B+,CT-ODL,PASS,AUC,M
12321100070,20057,OBA1103,Engineering Physics & Quantum Mechanics,159,B.E. Computer Science and Engineering (ODL),OFFLINE,1,28,32,60,B+,CT-ODL,PASS,AUC,M
12321100070,20058,OBA1104,Engineering Chemistry & Material Science,159,B.E. Computer Science and Engineering (ODL),OFFLINE,1,25,43,68,B+,CT-ODL,PASS,AUC,M
12321100070,20059,OBA1105,Problem Solving & Python Programming,159,B.E. Computer Science and Engineering (ODL),OFFLINE,1,26,36,62,B+,CT-ODL,PASS,AUC,M
12321100070,20060,OBA1106,Engineering Graphics & Modeling,159,B.E. Computer Science and Engineering (ODL),OFFLINE,1,26,44,70,A,CT-ODL,PASS,AUC,M
12321100070,20061,OBA1107,Physics & Chemistry Laboratory,159,B.E. Computer Science and Engineering (ODL),OFFLINE,1,26,47,73,A,CT-ODL,PASS,AUC,M
12321100070,20062,OBA1108,Python Programming Laboratory,159,B.E. Computer Science and Engineering (ODL),OFFLINE,1,29,49,78,A,CT-ODL,PASS,AUC,M
12321100071,20055,OBA1101,Professional English & Technical Writing,159,B.E. Computer Science and Engineering (ODL),OFFLINE,1,24,50,74,A,CT-ODL,PASS,AUC,M
12321100071,20056,OBA1102,"Matrices, Calculus & Linear Algebra",159,B.E. Computer Science and Engineering (ODL),OFFLINE,1,20,50,70,A,CT-ODL,PASS,AUC,M
12321100071,20057,OBA1103,Engineering Physics & Quantum Mechanics,159,B.E. Computer Science and Engineering (ODL),OFFLINE,1,20,43,63,B+,CT-ODL,PASS,AUC,M
12321100071,20058,OBA1104,Engineering Chemistry & Material Science,159,B.E. Computer Science and Engineering (ODL),OFFLINE,1,23,32,55,B,CT-ODL,PASS,AUC,M
12321100071,20059,OBA1105,Problem Solving & Python Programming,159,B.E. Computer Science and Engineering (ODL),OFFLINE,1,17,65,82,A+,CT-ODL,PASS,AUC,M
12321100071,20060,OBA1106,Engineering Graphics & Modeling,159,B.E. Computer Science and Engineering (ODL),OFFLINE,1,16,51,67,B+,CT-ODL,PASS,AUC,M
12321100071,20061,OBA1107,Physics & Chemistry Laboratory,159,B.E. Computer Science and Engineering (ODL),OFFLINE,1,22,29,51,B,CT-ODL,PASS,AUC,M
12321100071,20062,OBA1108,Python Programming Laboratory,159,B.E. Computer Science and Engineering (ODL),OFFLINE,1,24,63,87,A+,CT-ODL,PASS,AUC,M
12321100072,20055,OBA1101,Professional English & Technical Writing,159,B.E. Computer Science and Engineering (ODL),OFFLINE,1,28,35,63,B+,CT-ODL,PASS,AUC,M
12321100072,20056,OBA1102,"Matrices, Calculus & Linear Algebra",159,B.E. Computer Science and Engineering (ODL),OFFLINE,1,21,51,72,A,CT-ODL,PASS,AUC,M
12321100072,20057,OBA1103,Engineering Physics & Quantum Mechanics,159,B.E. Computer Science and Engineering (ODL),OFFLINE,1,,,,,CT-ODL,CANCELLED,AUC,M
12321100072,20058,OBA1104,Engineering Chemistry & Material Science,159,B.E. Computer Science and Engineering (ODL),OFFLINE,1,21,38,59,B,CT-ODL,PASS,AUC,M
12321100072,20059,OBA1105,Problem Solving & Python Programming,159,B.E. Computer Science and Engineering (ODL),OFFLINE,1,15,47,62,B+,CT-ODL,PASS,AUC,M
12321100072,20060,OBA1106,Engineering Graphics & Modeling,159,B.E. Computer Science and Engineering (ODL),OFFLINE,1,25,52,77,A,CT-ODL,PASS,AUC,M
12321100072,20061,OBA1107,Physics & Chemistry Laboratory,159,B.E. Computer Science and Engineering (ODL),OFFLINE,1,19,50,69,B+,CT-ODL,PASS,AUC,M
12321100072,20062,OBA1108,Python Programming Laboratory,159,B.E. Computer Science and Engineering (ODL),OFFLINE,1,16,49,65,B+,CT-ODL,PASS,AUC,M
12321100073,20055,OBA1101,Professional English & Technical Writing,159,B.E. Computer Science and Engineering (ODL),OFFLINE,1,25,48,73,A,CT-ODL,PASS,AUC,M
12321100073,20056,OBA1102,"Matrices, Calculus & Linear Algebra",159,B.E. Computer Science and Engineering (ODL),OFFLINE,1,15,32,47,C,CT-ODL,PASS,AUC,M
12321100073,20057,OBA1103,Engineering Physics & Quantum Mechanics,159,B.E. Computer Science and Engineering (ODL),OFFLINE,1,22,53,75,A,CT-ODL,PASS,AUC,M
12321100073,20058,OBA1104,Engineering Chemistry & Material Science,159,B.E. Computer Science and Engineering (ODL),OFFLINE,1,17,33,50,B,CT-ODL,PASS,AUC,M
12321100073,20059,OBA1105,Problem Solving & Python Programming,159,B.E. Computer Science and Engineering (ODL),OFFLINE,1,25,33,58,B,CT-ODL,PASS,AUC,M
12321100073,20060,OBA1106,Engineering Graphics & Modeling,159,B.E. Computer Science and Engineering (ODL),OFFLINE,1,23,33,56,B,CT-ODL,PASS,AUC,M
12321100073,20061,OBA1107,Physics & Chemistry Laboratory,159,B.E. Computer Science and Engineering (ODL),OFFLINE,1,19,33,52,B,CT-ODL,PASS,AUC,M
12321100073,20062,OBA1108,Python Programming Laboratory,159,B.E. Computer Science and Engineering (ODL),OFFLINE,1,23,61,84,A+,CT-ODL,PASS,AUC,M
12321100074,20055,OBA1101,Professional English & Technical Writing,159,B.E. Computer Science and Engineering (ODL),OFFLINE,1,18,41,59,B,CT-ODL,PASS,AUC,M
12321100074,20056,OBA1102,"Matrices, Calculus & Linear Algebra",159,B.E. Computer Science and Engineering (ODL),OFFLINE,1,23,40,63,B+,CT-ODL,PASS,AUC,M
12321100074,20057,OBA1103,Engineering Physics & Quantum Mechanics,159,B.E. Computer Science and Engineering (ODL),OFFLINE,1,20,40,60,B+,CT-ODL,PASS,AUC,M
12321100074,20058,OBA1104,Engineering Chemistry & Material Science,159,B.E. Computer Science and Engineering (ODL),OFFLINE,1,25,49,74,A,CT-ODL,PASS,AUC,M
12321100074,20059,OBA1105,Problem Solving & Python Programming,159,B.E. Computer Science and Engineering (ODL),OFFLINE,1,27,29,56,B,CT-ODL,PASS,AUC,M
12321100074,20060,OBA1106,Engineering Graphics & Modeling,159,B.E. Computer Science and Engineering (ODL),OFFLINE,1,18,55,73,A,CT-ODL,PASS,AUC,M
12321100074,20061,OBA1107,Physics & Chemistry Laboratory,159,B.E. Computer Science and Engineering (ODL),OFFLINE,1,17,50,67,B+,CT-ODL,PASS,AUC,M
12321100074,20062,OBA1108,Python Programming Laboratory,159,B.E. Computer Science and Engineering (ODL),OFFLINE,1,23,65,88,A+,CT-ODL,PASS,AUC,M
12321100075,20055,OBA1101,Professional English & Technical Writing,159,B.E. Computer Science and Engineering (ODL),OFFLINE,1,19,63,82,A+,CT-ODL,PASS,AUC,M
12321100075,20056,OBA1102,"Matrices, Calculus & Linear Algebra",159,B.E. Computer Science and Engineering (ODL),OFFLINE,1,25,27,52,B,CT-ODL,PASS,AUC,M
12321100075,20057,OBA1103,Engineering Physics & Quantum Mechanics,159,B.E. Computer Science and Engineering (ODL),OFFLINE,1,22,54,76,A,CT-ODL,PASS,AUC,M
12321100075,20058,OBA1104,Engineering Chemistry & Material Science,159,B.E. Computer Science and Engineering (ODL),OFFLINE,1,25,48,73,A,CT-ODL,PASS,AUC,M
12321100075,20059,OBA1105,Problem Solving & Python Programming,159,B.E. Computer Science and Engineering (ODL),OFFLINE,1,16,42,58,B,CT-ODL,PASS,AUC,M
12321100075,20060,OBA1106,Engineering Graphics & Modeling,159,B.E. Computer Science and Engineering (ODL),OFFLINE,1,21,39,60,B+,CT-ODL,PASS,AUC,M
12321100075,20061,OBA1107,Physics & Chemistry Laboratory,159,B.E. Computer Science and Engineering (ODL),OFFLINE,1,27,59,86,A+,CT-ODL,PASS,AUC,M
12321100075,20062,OBA1108,Python Programming Laboratory,159,B.E. Computer Science and Engineering (ODL),OFFLINE,1,29,54,83,A+,CT-ODL,PASS,AUC,M
12321100076,20055,OBA1101,Professional English & Technical Writing,159,B.E. Computer Science and Engineering (ODL),OFFLINE,1,23,33,56,B,CT-ODL,PASS,AUC,M
12321100076,20056,OBA1102,"Matrices, Calculus & Linear Algebra",159,B.E. Computer Science and Engineering (ODL),OFFLINE,1,26,32,58,B,CT-ODL,PASS,AUC,M
12321100076,20057,OBA1103,Engineering Physics & Quantum Mechanics,159,B.E. Computer Science and Engineering (ODL),OFFLINE,1,30,62,92,O,CT-ODL,PASS,AUC,M
12321100076,20058,OBA1104,Engineering Chemistry & Material Science,159,B.E. Computer Science and Engineering (ODL),OFFLINE,1,20,62,82,A+,CT-ODL,PASS,AUC,M
12321100076,20059,OBA1105,Problem Solving & Python Programming,159,B.E. Computer Science and Engineering (ODL),OFFLINE,1,29,48,77,A,CT-ODL,PASS,AUC,M
12321100076,20060,OBA1106,Engineering Graphics & Modeling,159,B.E. Computer Science and Engineering (ODL),OFFLINE,1,15,46,61,B+,CT-ODL,PASS,AUC,M
12321100076,20061,OBA1107,Physics & Chemistry Laboratory,159,B.E. Computer Science and Engineering (ODL),OFFLINE,1,,,,,CT-ODL,CANCELLED,AUC,M
12321100076,20062,OBA1108,Python Programming Laboratory,159,B.E. Computer Science and Engineering (ODL),OFFLINE,1,30,65,95,O,CT-ODL,PASS,AUC,M
12321100079,20055,OBA1101,Professional English & Technical Writing,159,B.E. Computer Science and Engineering (ODL),OFFLINE,1,21,50,71,A,CT-ODL,PASS,AUC,M
12321100079,20056,OBA1102,"Matrices, Calculus & Linear Algebra",159,B.E. Computer Science and Engineering (ODL),OFFLINE,1,22,25,47,C,CT-ODL,PASS,AUC,M
12321100079,20057,OBA1103,Engineering Physics & Quantum Mechanics,159,B.E. Computer Science and Engineering (ODL),OFFLINE,1,22,63,85,A+,CT-ODL,PASS,AUC,M
12321100079,20058,OBA1104,Engineering Chemistry & Material Science,159,B.E. Computer Science and Engineering (ODL),OFFLINE,1,21,32,53,B,CT-ODL,PASS,AUC,M
12321100079,20059,OBA1105,Problem Solving & Python Programming,159,B.E. Computer Science and Engineering (ODL),OFFLINE,1,26,64,90,O,CT-ODL,PASS,AUC,M
12321100079,20060,OBA1106,Engineering Graphics & Modeling,159,B.E. Computer Science and Engineering (ODL),OFFLINE,1,30,32,62,B+,CT-ODL,PASS,AUC,M
12321100079,20061,OBA1107,Physics & Chemistry Laboratory,159,B.E. Computer Science and Engineering (ODL),OFFLINE,1,28,64,92,O,CT-ODL,PASS,AUC,M
12321100079,20062,OBA1108,Python Programming Laboratory,159,B.E. Computer Science and Engineering (ODL),OFFLINE,1,21,37,58,B,CT-ODL,PASS,AUC,M
12321100080,20055,OBA1101,Professional English & Technical Writing,159,B.E. Computer Science and Engineering (ODL),OFFLINE,1,28,42,70,A,CT-ODL,PASS,AUC,M
12321100080,20056,OBA1102,"Matrices, Calculus & Linear Algebra",159,B.E. Computer Science and Engineering (ODL),OFFLINE,1,25,62,87,A+,CT-ODL,PASS,AUC,M
12321100080,20057,OBA1103,Engineering Physics & Quantum Mechanics,159,B.E. Computer Science and Engineering (ODL),OFFLINE,1,15,38,53,B,CT-ODL,PASS,AUC,M
12321100080,20058,OBA1104,Engineering Chemistry & Material Science,159,B.E. Computer Science and Engineering (ODL),OFFLINE,1,15,65,80,A+,CT-ODL,PASS,AUC,M
12321100080,20059,OBA1105,Problem Solving & Python Programming,159,B.E. Computer Science and Engineering (ODL),OFFLINE,1,,,,,CT-ODL,CANCELLED,AUC,M
12321100080,20060,OBA1106,Engineering Graphics & Modeling,159,B.E. Computer Science and Engineering (ODL),OFFLINE,1,17,64,81,A+,CT-ODL,PASS,AUC,M
12321100080,20061,OBA1107,Physics & Chemistry Laboratory,159,B.E. Computer Science and Engineering (ODL),OFFLINE,1,22,55,77,A,CT-ODL,PASS,AUC,M
12321100080,20062,OBA1108,Python Programming Laboratory,159,B.E. Computer Science and Engineering (ODL),OFFLINE,1,24,44,68,B+,CT-ODL,PASS,AUC,M
12321100081,20055,OBA1101,Professional English & Technical Writing,159,B.E. Computer Science and Engineering (ODL),OFFLINE,1,30,39,69,B+,CT-ODL,PASS,AUC,M
12321100081,20056,OBA1102,"Matrices, Calculus & Linear Algebra",159,B.E. Computer Science and Engineering (ODL),OFFLINE,1,30,25,55,B,CT-ODL,PASS,AUC,M
12321100081,20057,OBA1103,Engineering Physics & Quantum Mechanics,159,B.E. Computer Science and Engineering (ODL),OFFLINE,1,17,42,59,B,CT-ODL,PASS,AUC,M
12321100081,20058,OBA1104,Engineering Chemistry & Material Science,159,B.E. Computer Science and Engineering (ODL),OFFLINE,1,15,36,51,B,CT-ODL,PASS,AUC,M
12321100081,20059,OBA1105,Problem Solving & Python Programming,159,B.E. Computer Science and Engineering (ODL),OFFLINE,1,18,42,60,B+,CT-ODL,PASS,AUC,M
12321100081,20060,OBA1106,Engineering Graphics & Modeling,159,B.E. Computer Science and Engineering (ODL),OFFLINE,1,29,65,94,O,CT-ODL,PASS,AUC,M
12321100081,20061,OBA1107,Physics & Chemistry Laboratory,159,B.E. Computer Science and Engineering (ODL),OFFLINE,1,19,56,75,A,CT-ODL,PASS,AUC,M
12321100081,20062,OBA1108,Python Programming Laboratory,159,B.E. Computer Science and Engineering (ODL),OFFLINE,1,29,63,92,O,CT-ODL,PASS,AUC,M
12321100082,20055,OBA1101,Professional English & Technical Writing,159,B.E. Computer Science and Engineering (ODL),OFFLINE,1,23,50,73,A,CT-ODL,PASS,AUC,M
12321100082,20056,OBA1102,"Matrices, Calculus & Linear Algebra",159,B.E. Computer Science and Engineering (ODL),OFFLINE,1,29,28,57,B,CT-ODL,PASS,AUC,M
12321100082,20057,OBA1103,Engineering Physics & Quantum Mechanics,159,B.E. Computer Science and Engineering (ODL),OFFLINE,1,21,30,51,B,CT-ODL,PASS,AUC,M
12321100082,20058,OBA1104,Engineering Chemistry & Material Science,159,B.E. Computer Science and Engineering (ODL),OFFLINE,1,19,45,64,B+,CT-ODL,PASS,AUC,M
12321100082,20059,OBA1105,Problem Solving & Python Programming,159,B.E. Computer Science and Engineering (ODL),OFFLINE,1,20,49,69,B+,CT-ODL,PASS,AUC,M
12321100082,20060,OBA1106,Engineering Graphics & Modeling,159,B.E. Computer Science and Engineering (ODL),OFFLINE,1,27,28,55,B,CT-ODL,PASS,AUC,M
12321100082,20061,OBA1107,Physics & Chemistry Laboratory,159,B.E. Computer Science and Engineering (ODL),OFFLINE,1,29,29,58,B,CT-ODL,PASS,AUC,M
12321100082,20062,OBA1108,Python Programming Laboratory,159,B.E. Computer Science and Engineering (ODL),OFFLINE,1,18,46,64,B+,CT-ODL,PASS,AUC,M
12321100084,20055,OBA1101,Professional English & Technical Writing,159,B.E. Computer Science and Engineering (ODL),OFFLINE,1,30,64,94,O,CT-ODL,PASS,AUC,M
12321100084,20056,OBA1102,"Matrices, Calculus & Linear Algebra",159,B.E. Computer Science and Engineering (ODL),OFFLINE,1,,,,,CT-ODL,CANCELLED,AUC,M
12321100084,20057,OBA1103,Engineering Physics & Quantum Mechanics,159,B.E. Computer Science and Engineering (ODL),OFFLINE,1,26,39,65,B+,CT-ODL,PASS,AUC,M
12321100084,20058,OBA1104,Engineering Chemistry & Material Science,159,B.E. Computer Science and Engineering (ODL),OFFLINE,1,28,59,87,A+,CT-ODL,PASS,AUC,M
12321100084,20059,OBA1105,Problem Solving & Python Programming,159,B.E. Computer Science and Engineering (ODL),OFFLINE,1,25,49,74,A,CT-ODL,PASS,AUC,M
12321100084,20060,OBA1106,Engineering Graphics & Modeling,159,B.E. Computer Science and Engineering (ODL),OFFLINE,1,22,30,52,B,CT-ODL,PASS,AUC,M
12321100084,20061,OBA1107,Physics & Chemistry Laboratory,159,B.E. Computer Science and Engineering (ODL),OFFLINE,1,29,53,82,A+,CT-ODL,PASS,AUC,M
12321100084,20062,OBA1108,Python Programming Laboratory,159,B.E. Computer Science and Engineering (ODL),OFFLINE,1,,,,,CT-ODL,CANCELLED,AUC,M
12321100087,20055,OBA1101,Professional English & Technical Writing,159,B.E. Computer Science and Engineering (ODL),OFFLINE,1,15,29,44,C,CT-ODL,PASS,AUC,M
12321100087,20056,OBA1102,"Matrices, Calculus & Linear Algebra",159,B.E. Computer Science and Engineering (ODL),OFFLINE,1,15,64,79,A,CT-ODL,PASS,AUC,M
12321100087,20057,OBA1103,Engineering Physics & Quantum Mechanics,159,B.E. Computer Science and Engineering (ODL),OFFLINE,1,23,58,81,A+,CT-ODL,PASS,AUC,M
12321100087,20058,OBA1104,Engineering Chemistry & Material Science,159,B.E. Computer Science and Engineering (ODL),OFFLINE,1,21,32,53,B,CT-ODL,PASS,AUC,M
12321100087,20059,OBA1105,Problem Solving & Python Programming,159,B.E. Computer Science and Engineering (ODL),OFFLINE,1,16,42,58,B,CT-ODL,PASS,AUC,M
12321100087,20060,OBA1106,Engineering Graphics & Modeling,159,B.E. Computer Science and Engineering (ODL),OFFLINE,1,26,46,72,A,CT-ODL,PASS,AUC,M
12321100087,20061,OBA1107,Physics & Chemistry Laboratory,159,B.E. Computer Science and Engineering (ODL),OFFLINE,1,21,55,76,A,CT-ODL,PASS,AUC,M
12321100087,20062,OBA1108,Python Programming Laboratory,159,B.E. Computer Science and Engineering (ODL),OFFLINE,1,21,33,54,B,CT-ODL,PASS,AUC,M
12321100088,20055,OBA1101,Professional English & Technical Writing,159,B.E. Computer Science and Engineering (ODL),OFFLINE,1,18,26,44,C,CT-ODL,PASS,AUC,M
12321100088,20056,OBA1102,"Matrices, Calculus & Linear Algebra",159,B.E. Computer Science and Engineering (ODL),OFFLINE,1,28,52,80,A+,CT-ODL,PASS,AUC,M
12321100088,20057,OBA1103,Engineering Physics & Quantum Mechanics,159,B.E. Computer Science and Engineering (ODL),OFFLINE,1,30,42,72,A,CT-ODL,PASS,AUC,M
12321100088,20058,OBA1104,Engineering Chemistry & Material Science,159,B.E. Computer Science and Engineering (ODL),OFFLINE,1,25,55,80,A+,CT-ODL,PASS,AUC,M
12321100088,20059,OBA1105,Problem Solving & Python Programming,159,B.E. Computer Science and Engineering (ODL),OFFLINE,1,23,57,80,A+,CT-ODL,PASS,AUC,M
12321100088,20060,OBA1106,Engineering Graphics & Modeling,159,B.E. Computer Science and Engineering (ODL),OFFLINE,1,23,57,80,A+,CT-ODL,PASS,AUC,M
12321100088,20061,OBA1107,Physics & Chemistry Laboratory,159,B.E. Computer Science and Engineering (ODL),OFFLINE,1,28,53,81,A+,CT-ODL,PASS,AUC,M
12321100088,20062,OBA1108,Python Programming Laboratory,159,B.E. Computer Science and Engineering (ODL),OFFLINE,1,,,,,CT-ODL,CANCELLED,AUC,M
12321100089,20055,OBA1101,Professional English & Technical Writing,159,B.E. Computer Science and Engineering (ODL),OFFLINE,1,19,27,46,C,CT-ODL,PASS,AUC,M
12321100089,20056,OBA1102,"Matrices, Calculus & Linear Algebra",159,B.E. Computer Science and Engineering (ODL),OFFLINE,1,20,48,68,B+,CT-ODL,PASS,AUC,M
12321100089,20057,OBA1103,Engineering Physics & Quantum Mechanics,159,B.E. Computer Science and Engineering (ODL),OFFLINE,1,16,47,63,B+,CT-ODL,PASS,AUC,M
12321100089,20058,OBA1104,Engineering Chemistry & Material Science,159,B.E. Computer Science and Engineering (ODL),OFFLINE,1,19,26,45,C,CT-ODL,PASS,AUC,M
12321100089,20059,OBA1105,Problem Solving & Python Programming,159,B.E. Computer Science and Engineering (ODL),OFFLINE,1,20,32,52,B,CT-ODL,PASS,AUC,M
12321100089,20060,OBA1106,Engineering Graphics & Modeling,159,B.E. Computer Science and Engineering (ODL),OFFLINE,1,25,62,87,A+,CT-ODL,PASS,AUC,M
12321100089,20061,OBA1107,Physics & Chemistry Laboratory,159,B.E. Computer Science and Engineering (ODL),OFFLINE,1,,,,,CT-ODL,CANCELLED,AUC,M
12321100089,20062,OBA1108,Python Programming Laboratory,159,B.E. Computer Science and Engineering (ODL),OFFLINE,1,28,46,74,A,CT-ODL,PASS,AUC,M
12321100090,20055,OBA1101,Professional English & Technical Writing,159,B.E. Computer Science and Engineering (ODL),OFFLINE,1,18,51,69,B+,CT-ODL,PASS,AUC,M
12321100090,20056,OBA1102,"Matrices, Calculus & Linear Algebra",159,B.E. Computer Science and Engineering (ODL),OFFLINE,1,18,58,76,A,CT-ODL,PASS,AUC,M
12321100090,20057,OBA1103,Engineering Physics & Quantum Mechanics,159,B.E. Computer Science and Engineering (ODL),OFFLINE,1,22,51,73,A,CT-ODL,PASS,AUC,M
12321100090,20058,OBA1104,Engineering Chemistry & Material Science,159,B.E. Computer Science and Engineering (ODL),OFFLINE,1,26,55,81,A+,CT-ODL,PASS,AUC,M
12321100090,20059,OBA1105,Problem Solving & Python Programming,159,B.E. Computer Science and Engineering (ODL),OFFLINE,1,26,36,62,B+,CT-ODL,PASS,AUC,M
12321100090,20060,OBA1106,Engineering Graphics & Modeling,159,B.E. Computer Science and Engineering (ODL),OFFLINE,1,26,55,81,A+,CT-ODL,PASS,AUC,M
12321100090,20061,OBA1107,Physics & Chemistry Laboratory,159,B.E. Computer Science and Engineering (ODL),OFFLINE,1,20,50,70,A,CT-ODL,PASS,AUC,M
12321100090,20062,OBA1108,Python Programming Laboratory,159,B.E. Computer Science and Engineering (ODL),OFFLINE,1,20,62,82,A+,CT-ODL,PASS,AUC,M
12321100091,20055,OBA1101,Professional English & Technical Writing,159,B.E. Computer Science and Engineering (ODL),OFFLINE,1,16,50,66,B+,CT-ODL,PASS,AUC,M
12321100091,20056,OBA1102,"Matrices, Calculus & Linear Algebra",159,B.E. Computer Science and Engineering (ODL),OFFLINE,1,17,47,64,B+,CT-ODL,PASS,AUC,M
12321100091,20057,OBA1103,Engineering Physics & Quantum Mechanics,159,B.E. Computer Science and Engineering (ODL),OFFLINE,1,29,52,81,A+,CT-ODL,PASS,AUC,M
12321100091,20058,OBA1104,Engineering Chemistry & Material Science,159,B.E. Computer Science and Engineering (ODL),OFFLINE,1,25,57,82,A+,CT-ODL,PASS,AUC,M
12321100091,20059,OBA1105,Problem Solving & Python Programming,159,B.E. Computer Science and Engineering (ODL),OFFLINE,1,22,59,81,A+,CT-ODL,PASS,AUC,M
12321100091,20060,OBA1106,Engineering Graphics & Modeling,159,B.E. Computer Science and Engineering (ODL),OFFLINE,1,20,37,57,B,CT-ODL,PASS,AUC,M
12321100091,20061,OBA1107,Physics & Chemistry Laboratory,159,B.E. Computer Science and Engineering (ODL),OFFLINE,1,16,55,71,A,CT-ODL,PASS,AUC,M
12321100091,20062,OBA1108,Python Programming Laboratory,159,B.E. Computer Science and Engineering (ODL),OFFLINE,1,20,25,45,C,CT-ODL,PASS,AUC,M
12321100092,20055,OBA1101,Professional English & Technical Writing,159,B.E. Computer Science and Engineering (ODL),OFFLINE,1,29,65,94,O,CT-ODL,PASS,AUC,M
12321100092,20056,OBA1102,"Matrices, Calculus & Linear Algebra",159,B.E. Computer Science and Engineering (ODL),OFFLINE,1,29,31,60,B+,CT-ODL,PASS,AUC,M
12321100092,20057,OBA1103,Engineering Physics & Quantum Mechanics,159,B.E. Computer Science and Engineering (ODL),OFFLINE,1,24,52,76,A,CT-ODL,PASS,AUC,M
12321100092,20058,OBA1104,Engineering Chemistry & Material Science,159,B.E. Computer Science and Engineering (ODL),OFFLINE,1,26,62,88,A+,CT-ODL,PASS,AUC,M
12321100092,20059,OBA1105,Problem Solving & Python Programming,159,B.E. Computer Science and Engineering (ODL),OFFLINE,1,16,55,71,A,CT-ODL,PASS,AUC,M
12321100092,20060,OBA1106,Engineering Graphics & Modeling,159,B.E. Computer Science and Engineering (ODL),OFFLINE,1,27,48,75,A,CT-ODL,PASS,AUC,M
12321100092,20061,OBA1107,Physics & Chemistry Laboratory,159,B.E. Computer Science and Engineering (ODL),OFFLINE,1,25,37,62,B+,CT-ODL,PASS,AUC,M
12321100092,20062,OBA1108,Python Programming Laboratory,159,B.E. Computer Science and Engineering (ODL),OFFLINE,1,,,,,CT-ODL,CANCELLED,AUC,M
12321100094,20055,OBA1101,Professional English & Technical Writing,159,B.E. Computer Science and Engineering (ODL),OFFLINE,1,20,46,66,B+,CT-ODL,PASS,AUC,M
12321100094,20056,OBA1102,"Matrices, Calculus & Linear Algebra",159,B.E. Computer Science and Engineering (ODL),OFFLINE,1,18,30,48,C,CT-ODL,PASS,AUC,M
12321100094,20057,OBA1103,Engineering Physics & Quantum Mechanics,159,B.E. Computer Science and Engineering (ODL),OFFLINE,1,29,41,70,A,CT-ODL,PASS,AUC,M
12321100094,20058,OBA1104,Engineering Chemistry & Material Science,159,B.E. Computer Science and Engineering (ODL),OFFLINE,1,15,32,47,C,CT-ODL,PASS,AUC,M
12321100094,20059,OBA1105,Problem Solving & Python Programming,159,B.E. Computer Science and Engineering (ODL),OFFLINE,1,20,33,53,B,CT-ODL,PASS,AUC,M
12321100094,20060,OBA1106,Engineering Graphics & Modeling,159,B.E. Computer Science and Engineering (ODL),OFFLINE,1,27,34,61,B+,CT-ODL,PASS,AUC,M
12321100094,20061,OBA1107,Physics & Chemistry Laboratory,159,B.E. Computer Science and Engineering (ODL),OFFLINE,1,25,43,68,B+,CT-ODL,PASS,AUC,M
12321100094,20062,OBA1108,Python Programming Laboratory,159,B.E. Computer Science and Engineering (ODL),OFFLINE,1,18,32,50,B,CT-ODL,PASS,AUC,M
12321100095,20055,OBA1101,Professional English & Technical Writing,159,B.E. Computer Science and Engineering (ODL),OFFLINE,1,16,45,61,B+,CT-ODL,PASS,AUC,M
12321100095,20056,OBA1102,"Matrices, Calculus & Linear Algebra",159,B.E. Computer Science and Engineering (ODL),OFFLINE,1,25,35,60,B+,CT-ODL,PASS,AUC,M
12321100095,20057,OBA1103,Engineering Physics & Quantum Mechanics,159,B.E. Computer Science and Engineering (ODL),OFFLINE,1,19,52,71,A,CT-ODL,PASS,AUC,M
12321100095,20058,OBA1104,Engineering Chemistry & Material Science,159,B.E. Computer Science and Engineering (ODL),OFFLINE,1,18,31,49,C,CT-ODL,PASS,AUC,M
12321100095,20059,OBA1105,Problem Solving & Python Programming,159,B.E. Computer Science and Engineering (ODL),OFFLINE,1,26,57,83,A+,CT-ODL,PASS,AUC,M
12321100095,20060,OBA1106,Engineering Graphics & Modeling,159,B.E. Computer Science and Engineering (ODL),OFFLINE,1,20,27,47,C,CT-ODL,PASS,AUC,M
12321100095,20061,OBA1107,Physics & Chemistry Laboratory,159,B.E. Computer Science and Engineering (ODL),OFFLINE,1,27,63,90,O,CT-ODL,PASS,AUC,M
12321100095,20062,OBA1108,Python Programming Laboratory,159,B.E. Computer Science and Engineering (ODL),OFFLINE,1,22,65,87,A+,CT-ODL,PASS,AUC,M
12321100096,20055,OBA1101,Professional English & Technical Writing,159,B.E. Computer Science and Engineering (ODL),OFFLINE,1,26,51,77,A,CT-ODL,PASS,AUC,M
12321100096,20056,OBA1102,"Matrices, Calculus & Linear Algebra",159,B.E. Computer Science and Engineering (ODL),OFFLINE,1,15,64,79,A,CT-ODL,PASS,AUC,M
12321100096,20057,OBA1103,Engineering Physics & Quantum Mechanics,159,B.E. Computer Science and Engineering (ODL),OFFLINE,1,19,37,56,B,CT-ODL,PASS,AUC,M
12321100096,20058,OBA1104,Engineering Chemistry & Material Science,159,B.E. Computer Science and Engineering (ODL),OFFLINE,1,23,30,53,B,CT-ODL,PASS,AUC,M
12321100096,20059,OBA1105,Problem Solving & Python Programming,159,B.E. Computer Science and Engineering (ODL),OFFLINE,1,15,55,70,A,CT-ODL,PASS,AUC,M
12321100096,20060,OBA1106,Engineering Graphics & Modeling,159,B.E. Computer Science and Engineering (ODL),OFFLINE,1,29,40,69,B+,CT-ODL,PASS,AUC,M
12321100096,20061,OBA1107,Physics & Chemistry Laboratory,159,B.E. Computer Science and Engineering (ODL),OFFLINE,1,16,58,74,A,CT-ODL,PASS,AUC,M
12321100096,20062,OBA1108,Python Programming Laboratory,159,B.E. Computer Science and Engineering (ODL),OFFLINE,1,29,46,75,A,CT-ODL,PASS,AUC,M
12321100097,20055,OBA1101,Professional English & Technical Writing,159,B.E. Computer Science and Engineering (ODL),OFFLINE,1,22,41,63,B+,CT-ODL,PASS,AUC,M
12321100097,20056,OBA1102,"Matrices, Calculus & Linear Algebra",159,B.E. Computer Science and Engineering (ODL),OFFLINE,1,28,39,67,B+,CT-ODL,PASS,AUC,M
12321100097,20057,OBA1103,Engineering Physics & Quantum Mechanics,159,B.E. Computer Science and Engineering (ODL),OFFLINE,1,19,61,80,A+,CT-ODL,PASS,AUC,M
12321100097,20058,OBA1104,Engineering Chemistry & Material Science,159,B.E. Computer Science and Engineering (ODL),OFFLINE,1,30,58,88,A+,CT-ODL,PASS,AUC,M
12321100097,20059,OBA1105,Problem Solving & Python Programming,159,B.E. Computer Science and Engineering (ODL),OFFLINE,1,15,56,71,A,CT-ODL,PASS,AUC,M
12321100097,20060,OBA1106,Engineering Graphics & Modeling,159,B.E. Computer Science and Engineering (ODL),OFFLINE,1,26,30,56,B,CT-ODL,PASS,AUC,M
12321100097,20061,OBA1107,Physics & Chemistry Laboratory,159,B.E. Computer Science and Engineering (ODL),OFFLINE,1,28,33,61,B+,CT-ODL,PASS,AUC,M
12321100097,20062,OBA1108,Python Programming Laboratory,159,B.E. Computer Science and Engineering (ODL),OFFLINE,1,,,,,CT-ODL,CANCELLED,AUC,M
12321100098,20055,OBA1101,Professional English & Technical Writing,159,B.E. Computer Science and Engineering (ODL),OFFLINE,1,,,,,CT-ODL,CANCELLED,AUC,M
12321100098,20056,OBA1102,"Matrices, Calculus & Linear Algebra",159,B.E. Computer Science and Engineering (ODL),OFFLINE,1,,,,,CT-ODL,CANCELLED,AUC,M
12321100098,20057,OBA1103,Engineering Physics & Quantum Mechanics,159,B.E. Computer Science and Engineering (ODL),OFFLINE,1,21,59,80,A+,CT-ODL,PASS,AUC,M
12321100098,20058,OBA1104,Engineering Chemistry & Material Science,159,B.E. Computer Science and Engineering (ODL),OFFLINE,1,27,30,57,B,CT-ODL,PASS,AUC,M
12321100098,20059,OBA1105,Problem Solving & Python Programming,159,B.E. Computer Science and Engineering (ODL),OFFLINE,1,17,45,62,B+,CT-ODL,PASS,AUC,M
12321100098,20060,OBA1106,Engineering Graphics & Modeling,159,B.E. Computer Science and Engineering (ODL),OFFLINE,1,17,29,46,C,CT-ODL,PASS,AUC,M
12321100098,20061,OBA1107,Physics & Chemistry Laboratory,159,B.E. Computer Science and Engineering (ODL),OFFLINE,1,18,26,44,C,CT-ODL,PASS,AUC,M
12321100098,20062,OBA1108,Python Programming Laboratory,159,B.E. Computer Science and Engineering (ODL),OFFLINE,1,23,61,84,A+,CT-ODL,PASS,AUC,M
12321100099,20055,OBA1101,Professional English & Technical Writing,159,B.E. Computer Science and Engineering (ODL),OFFLINE,1,16,42,58,B,CT-ODL,PASS,AUC,M
12321100099,20056,OBA1102,"Matrices, Calculus & Linear Algebra",159,B.E. Computer Science and Engineering (ODL),OFFLINE,1,20,30,50,B,CT-ODL,PASS,AUC,M
12321100099,20057,OBA1103,Engineering Physics & Quantum Mechanics,159,B.E. Computer Science and Engineering (ODL),OFFLINE,1,16,61,77,A,CT-ODL,PASS,AUC,M
12321100099,20058,OBA1104,Engineering Chemistry & Material Science,159,B.E. Computer Science and Engineering (ODL),OFFLINE,1,17,41,58,B,CT-ODL,PASS,AUC,M
12321100099,20059,OBA1105,Problem Solving & Python Programming,159,B.E. Computer Science and Engineering (ODL),OFFLINE,1,15,46,61,B+,CT-ODL,PASS,AUC,M
12321100099,20060,OBA1106,Engineering Graphics & Modeling,159,B.E. Computer Science and Engineering (ODL),OFFLINE,1,18,40,58,B,CT-ODL,PASS,AUC,M
12321100099,20061,OBA1107,Physics & Chemistry Laboratory,159,B.E. Computer Science and Engineering (ODL),OFFLINE,1,27,33,60,B+,CT-ODL,PASS,AUC,M
12321100099,20062,OBA1108,Python Programming Laboratory,159,B.E. Computer Science and Engineering (ODL),OFFLINE,1,29,50,79,A,CT-ODL,PASS,AUC,M
12321100101,20055,OBA1101,Professional English & Technical Writing,159,B.E. Computer Science and Engineering (ODL),OFFLINE,1,29,32,61,B+,CT-ODL,PASS,AUC,M
12321100101,20056,OBA1102,"Matrices, Calculus & Linear Algebra",159,B.E. Computer Science and Engineering (ODL),OFFLINE,1,22,49,71,A,CT-ODL,PASS,AUC,M
12321100101,20057,OBA1103,Engineering Physics & Quantum Mechanics,159,B.E. Computer Science and Engineering (ODL),OFFLINE,1,18,49,67,B+,CT-ODL,PASS,AUC,M
12321100101,20058,OBA1104,Engineering Chemistry & Material Science,159,B.E. Computer Science and Engineering (ODL),OFFLINE,1,28,42,70,A,CT-ODL,PASS,AUC,M
12321100101,20059,OBA1105,Problem Solving & Python Programming,159,B.E. Computer Science and Engineering (ODL),OFFLINE,1,18,45,63,B+,CT-ODL,PASS,AUC,M
12321100101,20060,OBA1106,Engineering Graphics & Modeling,159,B.E. Computer Science and Engineering (ODL),OFFLINE,1,29,62,91,O,CT-ODL,PASS,AUC,M
12321100101,20061,OBA1107,Physics & Chemistry Laboratory,159,B.E. Computer Science and Engineering (ODL),OFFLINE,1,28,53,81,A+,CT-ODL,PASS,AUC,M
12321100101,20062,OBA1108,Python Programming Laboratory,159,B.E. Computer Science and Engineering (ODL),OFFLINE,1,,,,,CT-ODL,CANCELLED,AUC,M
12321100102,20055,OBA1101,Professional English & Technical Writing,159,B.E. Computer Science and Engineering (ODL),OFFLINE,1,25,64,89,A+,CT-ODL,PASS,AUC,M
12321100102,20056,OBA1102,"Matrices, Calculus & Linear Algebra",159,B.E. Computer Science and Engineering (ODL),OFFLINE,1,27,55,82,A+,CT-ODL,PASS,AUC,M
12321100102,20057,OBA1103,Engineering Physics & Quantum Mechanics,159,B.E. Computer Science and Engineering (ODL),OFFLINE,1,,,,,CT-ODL,CANCELLED,AUC,M
12321100102,20058,OBA1104,Engineering Chemistry & Material Science,159,B.E. Computer Science and Engineering (ODL),OFFLINE,1,27,62,89,A+,CT-ODL,PASS,AUC,M
12321100102,20059,OBA1105,Problem Solving & Python Programming,159,B.E. Computer Science and Engineering (ODL),OFFLINE,1,24,44,68,B+,CT-ODL,PASS,AUC,M
12321100102,20060,OBA1106,Engineering Graphics & Modeling,159,B.E. Computer Science and Engineering (ODL),OFFLINE,1,24,38,62,B+,CT-ODL,PASS,AUC,M
12321100102,20061,OBA1107,Physics & Chemistry Laboratory,159,B.E. Computer Science and Engineering (ODL),OFFLINE,1,25,64,89,A+,CT-ODL,PASS,AUC,M
12321100102,20062,OBA1108,Python Programming Laboratory,159,B.E. Computer Science and Engineering (ODL),OFFLINE,1,24,51,75,A,CT-ODL,PASS,AUC,M
12321100103,20055,OBA1101,Professional English & Technical Writing,159,B.E. Computer Science and Engineering (ODL),OFFLINE,1,19,30,49,C,CT-ODL,PASS,AUC,M
12321100103,20056,OBA1102,"Matrices, Calculus & Linear Algebra",159,B.E. Computer Science and Engineering (ODL),OFFLINE,1,18,56,74,A,CT-ODL,PASS,AUC,M
12321100103,20057,OBA1103,Engineering Physics & Quantum Mechanics,159,B.E. Computer Science and Engineering (ODL),OFFLINE,1,26,58,84,A+,CT-ODL,PASS,AUC,M
12321100103,20058,OBA1104,Engineering Chemistry & Material Science,159,B.E. Computer Science and Engineering (ODL),OFFLINE,1,26,30,56,B,CT-ODL,PASS,AUC,M
12321100103,20059,OBA1105,Problem Solving & Python Programming,159,B.E. Computer Science and Engineering (ODL),OFFLINE,1,15,64,79,A,CT-ODL,PASS,AUC,M
12321100103,20060,OBA1106,Engineering Graphics & Modeling,159,B.E. Computer Science and Engineering (ODL),OFFLINE,1,22,59,81,A+,CT-ODL,PASS,AUC,M
12321100103,20061,OBA1107,Physics & Chemistry Laboratory,159,B.E. Computer Science and Engineering (ODL),OFFLINE,1,21,27,48,C,CT-ODL,PASS,AUC,M
12321100103,20062,OBA1108,Python Programming Laboratory,159,B.E. Computer Science and Engineering (ODL),OFFLINE,1,18,59,77,A,CT-ODL,PASS,AUC,M
12321100104,20055,OBA1101,Professional English & Technical Writing,159,B.E. Computer Science and Engineering (ODL),OFFLINE,1,27,53,80,A+,CT-ODL,PASS,AUC,M
12321100104,20056,OBA1102,"Matrices, Calculus & Linear Algebra",159,B.E. Computer Science and Engineering (ODL),OFFLINE,1,28,29,57,B,CT-ODL,PASS,AUC,M
12321100104,20057,OBA1103,Engineering Physics & Quantum Mechanics,159,B.E. Computer Science and Engineering (ODL),OFFLINE,1,25,25,50,B,CT-ODL,PASS,AUC,M
12321100104,20058,OBA1104,Engineering Chemistry & Material Science,159,B.E. Computer Science and Engineering (ODL),OFFLINE,1,17,54,71,A,CT-ODL,PASS,AUC,M
12321100104,20059,OBA1105,Problem Solving & Python Programming,159,B.E. Computer Science and Engineering (ODL),OFFLINE,1,28,34,62,B+,CT-ODL,PASS,AUC,M
12321100104,20060,OBA1106,Engineering Graphics & Modeling,159,B.E. Computer Science and Engineering (ODL),OFFLINE,1,17,27,44,C,CT-ODL,PASS,AUC,M
12321100104,20061,OBA1107,Physics & Chemistry Laboratory,159,B.E. Computer Science and Engineering (ODL),OFFLINE,1,25,45,70,A,CT-ODL,PASS,AUC,M
12321100104,20062,OBA1108,Python Programming Laboratory,159,B.E. Computer Science and Engineering (ODL),OFFLINE,1,22,26,48,C,CT-ODL,PASS,AUC,M
12321100105,20055,OBA1101,Professional English & Technical Writing,159,B.E. Computer Science and Engineering (ODL),OFFLINE,1,23,39,62,B+,CT-ODL,PASS,AUC,M
12321100105,20056,OBA1102,"Matrices, Calculus & Linear Algebra",159,B.E. Computer Science and Engineering (ODL),OFFLINE,1,24,50,74,A,CT-ODL,PASS,AUC,M
12321100105,20057,OBA1103,Engineering Physics & Quantum Mechanics,159,B.E. Computer Science and Engineering (ODL),OFFLINE,1,23,46,69,B+,CT-ODL,PASS,AUC,M
12321100105,20058,OBA1104,Engineering Chemistry & Material Science,159,B.E. Computer Science and Engineering (ODL),OFFLINE,1,29,35,64,B+,CT-ODL,PASS,AUC,M
12321100105,20059,OBA1105,Problem Solving & Python Programming,159,B.E. Computer Science and Engineering (ODL),OFFLINE,1,25,64,89,A+,CT-ODL,PASS,AUC,M
12321100105,20060,OBA1106,Engineering Graphics & Modeling,159,B.E. Computer Science and Engineering (ODL),OFFLINE,1,23,55,78,A,CT-ODL,PASS,AUC,M
12321100105,20061,OBA1107,Physics & Chemistry Laboratory,159,B.E. Computer Science and Engineering (ODL),OFFLINE,1,20,41,61,B+,CT-ODL,PASS,AUC,M
12321100105,20062,OBA1108,Python Programming Laboratory,159,B.E. Computer Science and Engineering (ODL),OFFLINE,1,26,37,63,B+,CT-ODL,PASS,AUC,M
12321100106,20055,OBA1101,Professional English & Technical Writing,159,B.E. Computer Science and Engineering (ODL),OFFLINE,1,28,45,73,A,CT-ODL,PASS,AUC,M
12321100106,20056,OBA1102,"Matrices, Calculus & Linear Algebra",159,B.E. Computer Science and Engineering (ODL),OFFLINE,1,28,32,60,B+,CT-ODL,PASS,AUC,M
12321100106,20057,OBA1103,Engineering Physics & Quantum Mechanics,159,B.E. Computer Science and Engineering (ODL),OFFLINE,1,15,62,77,A,CT-ODL,PASS,AUC,M
12321100106,20058,OBA1104,Engineering Chemistry & Material Science,159,B.E. Computer Science and Engineering (ODL),OFFLINE,1,22,52,74,A,CT-ODL,PASS,AUC,M
12321100106,20059,OBA1105,Problem Solving & Python Programming,159,B.E. Computer Science and Engineering (ODL),OFFLINE,1,20,60,80,A+,CT-ODL,PASS,AUC,M
12321100106,20060,OBA1106,Engineering Graphics & Modeling,159,B.E. Computer Science and Engineering (ODL),OFFLINE,1,24,54,78,A,CT-ODL,PASS,AUC,M
12321100106,20061,OBA1107,Physics & Chemistry Laboratory,159,B.E. Computer Science and Engineering (ODL),OFFLINE,1,,,,,CT-ODL,CANCELLED,AUC,M
12321100106,20062,OBA1108,Python Programming Laboratory,159,B.E. Computer Science and Engineering (ODL),OFFLINE,1,18,56,74,A,CT-ODL,PASS,AUC,M
12321100107,20055,OBA1101,Professional English & Technical Writing,159,B.E. Computer Science and Engineering (ODL),OFFLINE,1,,,,,CT-ODL,CANCELLED,AUC,M
12321100107,20056,OBA1102,"Matrices, Calculus & Linear Algebra",159,B.E. Computer Science and Engineering (ODL),OFFLINE,1,24,62,86,A+,CT-ODL,PASS,AUC,M
12321100107,20057,OBA1103,Engineering Physics & Quantum Mechanics,159,B.E. Computer Science and Engineering (ODL),OFFLINE,1,27,46,73,A,CT-ODL,PASS,AUC,M
12321100107,20058,OBA1104,Engineering Chemistry & Material Science,159,B.E. Computer Science and Engineering (ODL),OFFLINE,1,25,55,80,A+,CT-ODL,PASS,AUC,M
12321100107,20059,OBA1105,Problem Solving & Python Programming,159,B.E. Computer Science and Engineering (ODL),OFFLINE,1,23,61,84,A+,CT-ODL,PASS,AUC,M
12321100107,20060,OBA1106,Engineering Graphics & Modeling,159,B.E. Computer Science and Engineering (ODL),OFFLINE,1,23,49,72,A,CT-ODL,PASS,AUC,M
12321100107,20061,OBA1107,Physics & Chemistry Laboratory,159,B.E. Computer Science and Engineering (ODL),OFFLINE,1,15,49,64,B+,CT-ODL,PASS,AUC,M
12321100107,20062,OBA1108,Python Programming Laboratory,159,B.E. Computer Science and Engineering (ODL),OFFLINE,1,17,45,62,B+,CT-ODL,PASS,AUC,M
12321100108,20055,OBA1101,Professional English & Technical Writing,159,B.E. Computer Science and Engineering (ODL),OFFLINE,1,20,65,85,A+,CT-ODL,PASS,AUC,M
12321100108,20056,OBA1102,"Matrices, Calculus & Linear Algebra",159,B.E. Computer Science and Engineering (ODL),OFFLINE,1,21,26,47,C,CT-ODL,PASS,AUC,M
12321100108,20057,OBA1103,Engineering Physics & Quantum Mechanics,159,B.E. Computer Science and Engineering (ODL),OFFLINE,1,17,40,57,B,CT-ODL,PASS,AUC,M
12321100108,20058,OBA1104,Engineering Chemistry & Material Science,159,B.E. Computer Science and Engineering (ODL),OFFLINE,1,30,43,73,A,CT-ODL,PASS,AUC,M
12321100108,20059,OBA1105,Problem Solving & Python Programming,159,B.E. Computer Science and Engineering (ODL),OFFLINE,1,25,55,80,A+,CT-ODL,PASS,AUC,M
12321100108,20060,OBA1106,Engineering Graphics & Modeling,159,B.E. Computer Science and Engineering (ODL),OFFLINE,1,20,54,74,A,CT-ODL,PASS,AUC,M
12321100108,20061,OBA1107,Physics & Chemistry Laboratory,159,B.E. Computer Science and Engineering (ODL),OFFLINE,1,30,31,61,B+,CT-ODL,PASS,AUC,M
12321100108,20062,OBA1108,Python Programming Laboratory,159,B.E. Computer Science and Engineering (ODL),OFFLINE,1,20,30,50,B,CT-ODL,PASS,AUC,M
12321100109,20055,OBA1101,Professional English & Technical Writing,159,B.E. Computer Science and Engineering (ODL),OFFLINE,1,24,54,78,A,CT-ODL,PASS,AUC,M
12321100109,20056,OBA1102,"Matrices, Calculus & Linear Algebra",159,B.E. Computer Science and Engineering (ODL),OFFLINE,1,24,42,66,B+,CT-ODL,PASS,AUC,M
12321100109,20057,OBA1103,Engineering Physics & Quantum Mechanics,159,B.E. Computer Science and Engineering (ODL),OFFLINE,1,28,47,75,A,CT-ODL,PASS,AUC,M
12321100109,20058,OBA1104,Engineering Chemistry & Material Science,159,B.E. Computer Science and Engineering (ODL),OFFLINE,1,23,59,82,A+,CT-ODL,PASS,AUC,M
12321100109,20059,OBA1105,Problem Solving & Python Programming,159,B.E. Computer Science and Engineering (ODL),OFFLINE,1,16,51,67,B+,CT-ODL,PASS,AUC,M
12321100109,20060,OBA1106,Engineering Graphics & Modeling,159,B.E. Computer Science and Engineering (ODL),OFFLINE,1,28,65,93,O,CT-ODL,PASS,AUC,M
12321100109,20061,OBA1107,Physics & Chemistry Laboratory,159,B.E. Computer Science and Engineering (ODL),OFFLINE,1,22,40,62,B+,CT-ODL,PASS,AUC,M
12321100109,20062,OBA1108,Python Programming Laboratory,159,B.E. Computer Science and Engineering (ODL),OFFLINE,1,,,,,CT-ODL,CANCELLED,AUC,M
12321100110,20055,OBA1101,Professional English & Technical Writing,159,B.E. Computer Science and Engineering (ODL),OFFLINE,1,28,34,62,B+,CT-ODL,PASS,AUC,M
12321100110,20056,OBA1102,"Matrices, Calculus & Linear Algebra",159,B.E. Computer Science and Engineering (ODL),OFFLINE,1,21,44,65,B+,CT-ODL,PASS,AUC,M
12321100110,20057,OBA1103,Engineering Physics & Quantum Mechanics,159,B.E. Computer Science and Engineering (ODL),OFFLINE,1,15,26,41,C,CT-ODL,PASS,AUC,M
12321100110,20058,OBA1104,Engineering Chemistry & Material Science,159,B.E. Computer Science and Engineering (ODL),OFFLINE,1,20,56,76,A,CT-ODL,PASS,AUC,M
12321100110,20059,OBA1105,Problem Solving & Python Programming,159,B.E. Computer Science and Engineering (ODL),OFFLINE,1,26,53,79,A,CT-ODL,PASS,AUC,M
12321100110,20060,OBA1106,Engineering Graphics & Modeling,159,B.E. Computer Science and Engineering (ODL),OFFLINE,1,21,52,73,A,CT-ODL,PASS,AUC,M
12321100110,20061,OBA1107,Physics & Chemistry Laboratory,159,B.E. Computer Science and Engineering (ODL),OFFLINE,1,15,35,50,B,CT-ODL,PASS,AUC,M
12321100110,20062,OBA1108,Python Programming Laboratory,159,B.E. Computer Science and Engineering (ODL),OFFLINE,1,29,60,89,A+,CT-ODL,PASS,AUC,M
12321100111,20055,OBA1101,Professional English & Technical Writing,159,B.E. Computer Science and Engineering (ODL),OFFLINE,1,21,33,54,B,CT-ODL,PASS,AUC,M
12321100111,20056,OBA1102,"Matrices, Calculus & Linear Algebra",159,B.E. Computer Science and Engineering (ODL),OFFLINE,1,21,33,54,B,CT-ODL,PASS,AUC,M
12321100111,20057,OBA1103,Engineering Physics & Quantum Mechanics,159,B.E. Computer Science and Engineering (ODL),OFFLINE,1,21,47,68,B+,CT-ODL,PASS,AUC,M
12321100111,20058,OBA1104,Engineering Chemistry & Material Science,159,B.E. Computer Science and Engineering (ODL),OFFLINE,1,23,50,73,A,CT-ODL,PASS,AUC,M
12321100111,20059,OBA1105,Problem Solving & Python Programming,159,B.E. Computer Science and Engineering (ODL),OFFLINE,1,26,46,72,A,CT-ODL,PASS,AUC,M
12321100111,20060,OBA1106,Engineering Graphics & Modeling,159,B.E. Computer Science and Engineering (ODL),OFFLINE,1,19,55,74,A,CT-ODL,PASS,AUC,M
12321100111,20061,OBA1107,Physics & Chemistry Laboratory,159,B.E. Computer Science and Engineering (ODL),OFFLINE,1,16,56,72,A,CT-ODL,PASS,AUC,M
12321100111,20062,OBA1108,Python Programming Laboratory,159,B.E. Computer Science and Engineering (ODL),OFFLINE,1,22,45,67,B+,CT-ODL,PASS,AUC,M
12321100112,20055,OBA1101,Professional English & Technical Writing,159,B.E. Computer Science and Engineering (ODL),OFFLINE,1,29,41,70,A,CT-ODL,PASS,AUC,M
12321100112,20056,OBA1102,"Matrices, Calculus & Linear Algebra",159,B.E. Computer Science and Engineering (ODL),OFFLINE,1,29,57,86,A+,CT-ODL,PASS,AUC,M
12321100112,20057,OBA1103,Engineering Physics & Quantum Mechanics,159,B.E. Computer Science and Engineering (ODL),OFFLINE,1,23,25,48,C,CT-ODL,PASS,AUC,M
12321100112,20058,OBA1104,Engineering Chemistry & Material Science,159,B.E. Computer Science and Engineering (ODL),OFFLINE,1,28,55,83,A+,CT-ODL,PASS,AUC,M
12321100112,20059,OBA1105,Problem Solving & Python Programming,159,B.E. Computer Science and Engineering (ODL),OFFLINE,1,15,60,75,A,CT-ODL,PASS,AUC,M
12321100112,20060,OBA1106,Engineering Graphics & Modeling,159,B.E. Computer Science and Engineering (ODL),OFFLINE,1,,,,,CT-ODL,CANCELLED,AUC,M
12321100112,20061,OBA1107,Physics & Chemistry Laboratory,159,B.E. Computer Science and Engineering (ODL),OFFLINE,1,,,,,CT-ODL,CANCELLED,AUC,M
12321100112,20062,OBA1108,Python Programming Laboratory,159,B.E. Computer Science and Engineering (ODL),OFFLINE,1,27,38,65,B+,CT-ODL,PASS,AUC,M
12321100113,20055,OBA1101,Professional English & Technical Writing,159,B.E. Computer Science and Engineering (ODL),OFFLINE,1,26,61,87,A+,CT-ODL,PASS,AUC,M
12321100113,20056,OBA1102,"Matrices, Calculus & Linear Algebra",159,B.E. Computer Science and Engineering (ODL),OFFLINE,1,24,28,52,B,CT-ODL,PASS,AUC,M
12321100113,20057,OBA1103,Engineering Physics & Quantum Mechanics,159,B.E. Computer Science and Engineering (ODL),OFFLINE,1,19,54,73,A,CT-ODL,PASS,AUC,M
12321100113,20058,OBA1104,Engineering Chemistry & Material Science,159,B.E. Computer Science and Engineering (ODL),OFFLINE,1,29,38,67,B+,CT-ODL,PASS,AUC,M
12321100113,20059,OBA1105,Problem Solving & Python Programming,159,B.E. Computer Science and Engineering (ODL),OFFLINE,1,28,56,84,A+,CT-ODL,PASS,AUC,M
12321100113,20060,OBA1106,Engineering Graphics & Modeling,159,B.E. Computer Science and Engineering (ODL),OFFLINE,1,21,38,59,B,CT-ODL,PASS,AUC,M
12321100113,20061,OBA1107,Physics & Chemistry Laboratory,159,B.E. Computer Science and Engineering (ODL),OFFLINE,1,19,25,44,C,CT-ODL,PASS,AUC,M
12321100113,20062,OBA1108,Python Programming Laboratory,159,B.E. Computer Science and Engineering (ODL),OFFLINE,1,15,54,69,B+,CT-ODL,PASS,AUC,M
12321100114,20055,OBA1101,Professional English & Technical Writing,159,B.E. Computer Science and Engineering (ODL),OFFLINE,1,19,56,75,A,CT-ODL,PASS,AUC,M
12321100114,20056,OBA1102,"Matrices, Calculus & Linear Algebra",159,B.E. Computer Science and Engineering (ODL),OFFLINE,1,17,31,48,C,CT-ODL,PASS,AUC,M
12321100114,20057,OBA1103,Engineering Physics & Quantum Mechanics,159,B.E. Computer Science and Engineering (ODL),OFFLINE,1,25,30,55,B,CT-ODL,PASS,AUC,M
12321100114,20058,OBA1104,Engineering Chemistry & Material Science,159,B.E. Computer Science and Engineering (ODL),OFFLINE,1,19,25,44,C,CT-ODL,PASS,AUC,M
12321100114,20059,OBA1105,Problem Solving & Python Programming,159,B.E. Computer Science and Engineering (ODL),OFFLINE,1,29,45,74,A,CT-ODL,PASS,AUC,M
12321100114,20060,OBA1106,Engineering Graphics & Modeling,159,B.E. Computer Science and Engineering (ODL),OFFLINE,1,28,52,80,A+,CT-ODL,PASS,AUC,M
12321100114,20061,OBA1107,Physics & Chemistry Laboratory,159,B.E. Computer Science and Engineering (ODL),OFFLINE,1,23,50,73,A,CT-ODL,PASS,AUC,M
12321100114,20062,OBA1108,Python Programming Laboratory,159,B.E. Computer Science and Engineering (ODL),OFFLINE,1,16,34,50,B,CT-ODL,PASS,AUC,M
12321100115,20055,OBA1101,Professional English & Technical Writing,159,B.E. Computer Science and Engineering (ODL),OFFLINE,1,23,40,63,B+,CT-ODL,PASS,AUC,M
12321100115,20056,OBA1102,"Matrices, Calculus & Linear Algebra",159,B.E. Computer Science and Engineering (ODL),OFFLINE,1,15,60,75,A,CT-ODL,PASS,AUC,M
12321100115,20057,OBA1103,Engineering Physics & Quantum Mechanics,159,B.E. Computer Science and Engineering (ODL),OFFLINE,1,15,45,60,B+,CT-ODL,PASS,AUC,M
12321100115,20058,OBA1104,Engineering Chemistry & Material Science,159,B.E. Computer Science and Engineering (ODL),OFFLINE,1,27,57,84,A+,CT-ODL,PASS,AUC,M
12321100115,20059,OBA1105,Problem Solving & Python Programming,159,B.E. Computer Science and Engineering (ODL),OFFLINE,1,15,52,67,B+,CT-ODL,PASS,AUC,M
12321100115,20060,OBA1106,Engineering Graphics & Modeling,159,B.E. Computer Science and Engineering (ODL),OFFLINE,1,23,32,55,B,CT-ODL,PASS,AUC,M
12321100115,20061,OBA1107,Physics & Chemistry Laboratory,159,B.E. Computer Science and Engineering (ODL),OFFLINE,1,29,53,82,A+,CT-ODL,PASS,AUC,M
12321100115,20062,OBA1108,Python Programming Laboratory,159,B.E. Computer Science and Engineering (ODL),OFFLINE,1,16,44,60,B+,CT-ODL,PASS,AUC,M
12321100117,20055,OBA1101,Professional English & Technical Writing,159,B.E. Computer Science and Engineering (ODL),OFFLINE,1,,,,,CT-ODL,CANCELLED,AUC,M
12321100117,20056,OBA1102,"Matrices, Calculus & Linear Algebra",159,B.E. Computer Science and Engineering (ODL),OFFLINE,1,22,56,78,A,CT-ODL,PASS,AUC,M
12321100117,20057,OBA1103,Engineering Physics & Quantum Mechanics,159,B.E. Computer Science and Engineering (ODL),OFFLINE,1,,,,,CT-ODL,CANCELLED,AUC,M
12321100117,20058,OBA1104,Engineering Chemistry & Material Science,159,B.E. Computer Science and Engineering (ODL),OFFLINE,1,17,50,67,B+,CT-ODL,PASS,AUC,M
12321100117,20059,OBA1105,Problem Solving & Python Programming,159,B.E. Computer Science and Engineering (ODL),OFFLINE,1,18,61,79,A,CT-ODL,PASS,AUC,M
12321100117,20060,OBA1106,Engineering Graphics & Modeling,159,B.E. Computer Science and Engineering (ODL),OFFLINE,1,18,36,54,B,CT-ODL,PASS,AUC,M
12321100117,20061,OBA1107,Physics & Chemistry Laboratory,159,B.E. Computer Science and Engineering (ODL),OFFLINE,1,16,51,67,B+,CT-ODL,PASS,AUC,M
12321100117,20062,OBA1108,Python Programming Laboratory,159,B.E. Computer Science and Engineering (ODL),OFFLINE,1,22,27,49,C,CT-ODL,PASS,AUC,M
12321100118,20055,OBA1101,Professional English & Technical Writing,159,B.E. Computer Science and Engineering (ODL),OFFLINE,1,27,41,68,B+,CT-ODL,PASS,AUC,M
12321100118,20056,OBA1102,"Matrices, Calculus & Linear Algebra",159,B.E. Computer Science and Engineering (ODL),OFFLINE,1,21,38,59,B,CT-ODL,PASS,AUC,M
12321100118,20057,OBA1103,Engineering Physics & Quantum Mechanics,159,B.E. Computer Science and Engineering (ODL),OFFLINE,1,26,48,74,A,CT-ODL,PASS,AUC,M
12321100118,20058,OBA1104,Engineering Chemistry & Material Science,159,B.E. Computer Science and Engineering (ODL),OFFLINE,1,23,56,79,A,CT-ODL,PASS,AUC,M
12321100118,20059,OBA1105,Problem Solving & Python Programming,159,B.E. Computer Science and Engineering (ODL),OFFLINE,1,22,41,63,B+,CT-ODL,PASS,AUC,M
12321100118,20060,OBA1106,Engineering Graphics & Modeling,159,B.E. Computer Science and Engineering (ODL),OFFLINE,1,25,28,53,B,CT-ODL,PASS,AUC,M
12321100118,20061,OBA1107,Physics & Chemistry Laboratory,159,B.E. Computer Science and Engineering (ODL),OFFLINE,1,20,59,79,A,CT-ODL,PASS,AUC,M
12321100118,20062,OBA1108,Python Programming Laboratory,159,B.E. Computer Science and Engineering (ODL),OFFLINE,1,22,52,74,A,CT-ODL,PASS,AUC,M
12321100119,20055,OBA1101,Professional English & Technical Writing,159,B.E. Computer Science and Engineering (ODL),OFFLINE,1,21,49,70,A,CT-ODL,PASS,AUC,M
12321100119,20056,OBA1102,"Matrices, Calculus & Linear Algebra",159,B.E. Computer Science and Engineering (ODL),OFFLINE,1,15,35,50,B,CT-ODL,PASS,AUC,M
12321100119,20057,OBA1103,Engineering Physics & Quantum Mechanics,159,B.E. Computer Science and Engineering (ODL),OFFLINE,1,26,50,76,A,CT-ODL,PASS,AUC,M
12321100119,20058,OBA1104,Engineering Chemistry & Material Science,159,B.E. Computer Science and Engineering (ODL),OFFLINE,1,28,46,74,A,CT-ODL,PASS,AUC,M
12321100119,20059,OBA1105,Problem Solving & Python Programming,159,B.E. Computer Science and Engineering (ODL),OFFLINE,1,25,58,83,A+,CT-ODL,PASS,AUC,M
12321100119,20060,OBA1106,Engineering Graphics & Modeling,159,B.E. Computer Science and Engineering (ODL),OFFLINE,1,27,32,59,B,CT-ODL,PASS,AUC,M
12321100119,20061,OBA1107,Physics & Chemistry Laboratory,159,B.E. Computer Science and Engineering (ODL),OFFLINE,1,16,39,55,B,CT-ODL,PASS,AUC,M
12321100119,20062,OBA1108,Python Programming Laboratory,159,B.E. Computer Science and Engineering (ODL),OFFLINE,1,28,58,86,A+,CT-ODL,PASS,AUC,M
12321100121,20055,OBA1101,Professional English & Technical Writing,159,B.E. Computer Science and Engineering (ODL),OFFLINE,1,28,41,69,B+,CT-ODL,PASS,AUC,M
12321100121,20056,OBA1102,"Matrices, Calculus & Linear Algebra",159,B.E. Computer Science and Engineering (ODL),OFFLINE,1,20,56,76,A,CT-ODL,PASS,AUC,M
12321100121,20057,OBA1103,Engineering Physics & Quantum Mechanics,159,B.E. Computer Science and Engineering (ODL),OFFLINE,1,16,32,48,C,CT-ODL,PASS,AUC,M
12321100121,20058,OBA1104,Engineering Chemistry & Material Science,159,B.E. Computer Science and Engineering (ODL),OFFLINE,1,16,60,76,A,CT-ODL,PASS,AUC,M
12321100121,20059,OBA1105,Problem Solving & Python Programming,159,B.E. Computer Science and Engineering (ODL),OFFLINE,1,26,50,76,A,CT-ODL,PASS,AUC,M
12321100121,20060,OBA1106,Engineering Graphics & Modeling,159,B.E. Computer Science and Engineering (ODL),OFFLINE,1,17,41,58,B,CT-ODL,PASS,AUC,M
12321100121,20061,OBA1107,Physics & Chemistry Laboratory,159,B.E. Computer Science and Engineering (ODL),OFFLINE,1,26,52,78,A,CT-ODL,PASS,AUC,M
12321100121,20062,OBA1108,Python Programming Laboratory,159,B.E. Computer Science and Engineering (ODL),OFFLINE,1,21,46,67,B+,CT-ODL,PASS,AUC,M
12321100122,20055,OBA1101,Professional English & Technical Writing,159,B.E. Computer Science and Engineering (ODL),OFFLINE,1,28,52,80,A+,CT-ODL,PASS,AUC,M
12321100122,20056,OBA1102,"Matrices, Calculus & Linear Algebra",159,B.E. Computer Science and Engineering (ODL),OFFLINE,1,27,54,81,A+,CT-ODL,PASS,AUC,M
12321100122,20057,OBA1103,Engineering Physics & Quantum Mechanics,159,B.E. Computer Science and Engineering (ODL),OFFLINE,1,23,35,58,B,CT-ODL,PASS,AUC,M
12321100122,20058,OBA1104,Engineering Chemistry & Material Science,159,B.E. Computer Science and Engineering (ODL),OFFLINE,1,17,41,58,B,CT-ODL,PASS,AUC,M
12321100122,20059,OBA1105,Problem Solving & Python Programming,159,B.E. Computer Science and Engineering (ODL),OFFLINE,1,25,58,83,A+,CT-ODL,PASS,AUC,M
12321100122,20060,OBA1106,Engineering Graphics & Modeling,159,B.E. Computer Science and Engineering (ODL),OFFLINE,1,20,32,52,B,CT-ODL,PASS,AUC,M
12321100122,20061,OBA1107,Physics & Chemistry Laboratory,159,B.E. Computer Science and Engineering (ODL),OFFLINE,1,21,54,75,A,CT-ODL,PASS,AUC,M
12321100122,20062,OBA1108,Python Programming Laboratory,159,B.E. Computer Science and Engineering (ODL),OFFLINE,1,27,31,58,B,CT-ODL,PASS,AUC,M
12321100123,20055,OBA1101,Professional English & Technical Writing,159,B.E. Computer Science and Engineering (ODL),OFFLINE,1,30,53,83,A+,CT-ODL,PASS,AUC,M
12321100123,20056,OBA1102,"Matrices, Calculus & Linear Algebra",159,B.E. Computer Science and Engineering (ODL),OFFLINE,1,16,56,72,A,CT-ODL,PASS,AUC,M
12321100123,20057,OBA1103,Engineering Physics & Quantum Mechanics,159,B.E. Computer Science and Engineering (ODL),OFFLINE,1,23,42,65,B+,CT-ODL,PASS,AUC,M
12321100123,20058,OBA1104,Engineering Chemistry & Material Science,159,B.E. Computer Science and Engineering (ODL),OFFLINE,1,,,,,CT-ODL,CANCELLED,AUC,M
12321100123,20059,OBA1105,Problem Solving & Python Programming,159,B.E. Computer Science and Engineering (ODL),OFFLINE,1,27,52,79,A,CT-ODL,PASS,AUC,M
12321100123,20060,OBA1106,Engineering Graphics & Modeling,159,B.E. Computer Science and Engineering (ODL),OFFLINE,1,16,54,70,A,CT-ODL,PASS,AUC,M
12321100123,20061,OBA1107,Physics & Chemistry Laboratory,159,B.E. Computer Science and Engineering (ODL),OFFLINE,1,15,52,67,B+,CT-ODL,PASS,AUC,M
12321100123,20062,OBA1108,Python Programming Laboratory,159,B.E. Computer Science and Engineering (ODL),OFFLINE,1,25,50,75,A,CT-ODL,PASS,AUC,M
12321100125,20055,OBA1101,Professional English & Technical Writing,159,B.E. Computer Science and Engineering (ODL),OFFLINE,1,18,53,71,A,CT-ODL,PASS,AUC,M
12321100125,20056,OBA1102,"Matrices, Calculus & Linear Algebra",159,B.E. Computer Science and Engineering (ODL),OFFLINE,1,18,43,61,B+,CT-ODL,PASS,AUC,M
12321100125,20057,OBA1103,Engineering Physics & Quantum Mechanics,159,B.E. Computer Science and Engineering (ODL),OFFLINE,1,16,26,42,C,CT-ODL,PASS,AUC,M
12321100125,20058,OBA1104,Engineering Chemistry & Material Science,159,B.E. Computer Science and Engineering (ODL),OFFLINE,1,20,27,47,C,CT-ODL,PASS,AUC,M
12321100125,20059,OBA1105,Problem Solving & Python Programming,159,B.E. Computer Science and Engineering (ODL),OFFLINE,1,24,39,63,B+,CT-ODL,PASS,AUC,M
12321100125,20060,OBA1106,Engineering Graphics & Modeling,159,B.E. Computer Science and Engineering (ODL),OFFLINE,1,18,46,64,B+,CT-ODL,PASS,AUC,M
12321100125,20061,OBA1107,Physics & Chemistry Laboratory,159,B.E. Computer Science and Engineering (ODL),OFFLINE,1,15,65,80,A+,CT-ODL,PASS,AUC,M
12321100125,20062,OBA1108,Python Programming Laboratory,159,B.E. Computer Science and Engineering (ODL),OFFLINE,1,16,33,49,C,CT-ODL,PASS,AUC,M
12321100126,20055,OBA1101,Professional English & Technical Writing,159,B.E. Computer Science and Engineering (ODL),OFFLINE,1,24,42,66,B+,CT-ODL,PASS,AUC,M
12321100126,20056,OBA1102,"Matrices, Calculus & Linear Algebra",159,B.E. Computer Science and Engineering (ODL),OFFLINE,1,17,63,80,A+,CT-ODL,PASS,AUC,M
12321100126,20057,OBA1103,Engineering Physics & Quantum Mechanics,159,B.E. Computer Science and Engineering (ODL),OFFLINE,1,22,42,64,B+,CT-ODL,PASS,AUC,M
12321100126,20058,OBA1104,Engineering Chemistry & Material Science,159,B.E. Computer Science and Engineering (ODL),OFFLINE,1,24,61,85,A+,CT-ODL,PASS,AUC,M
12321100126,20059,OBA1105,Problem Solving & Python Programming,159,B.E. Computer Science and Engineering (ODL),OFFLINE,1,21,49,70,A,CT-ODL,PASS,AUC,M
12321100126,20060,OBA1106,Engineering Graphics & Modeling,159,B.E. Computer Science and Engineering (ODL),OFFLINE,1,24,60,84,A+,CT-ODL,PASS,AUC,M
12321100126,20061,OBA1107,Physics & Chemistry Laboratory,159,B.E. Computer Science and Engineering (ODL),OFFLINE,1,20,56,76,A,CT-ODL,PASS,AUC,M
12321100126,20062,OBA1108,Python Programming Laboratory,159,B.E. Computer Science and Engineering (ODL),OFFLINE,1,19,51,70,A,CT-ODL,PASS,AUC,M
12321100127,20055,OBA1101,Professional English & Technical Writing,159,B.E. Computer Science and Engineering (ODL),OFFLINE,1,19,51,70,A,CT-ODL,PASS,AUC,M
12321100127,20056,OBA1102,"Matrices, Calculus & Linear Algebra",159,B.E. Computer Science and Engineering (ODL),OFFLINE,1,19,45,64,B+,CT-ODL,PASS,AUC,M
12321100127,20057,OBA1103,Engineering Physics & Quantum Mechanics,159,B.E. Computer Science and Engineering (ODL),OFFLINE,1,18,51,69,B+,CT-ODL,PASS,AUC,M
12321100127,20058,OBA1104,Engineering Chemistry & Material Science,159,B.E. Computer Science and Engineering (ODL),OFFLINE,1,17,29,46,C,CT-ODL,PASS,AUC,M
12321100127,20059,OBA1105,Problem Solving & Python Programming,159,B.E. Computer Science and Engineering (ODL),OFFLINE,1,25,57,82,A+,CT-ODL,PASS,AUC,M
12321100127,20060,OBA1106,Engineering Graphics & Modeling,159,B.E. Computer Science and Engineering (ODL),OFFLINE,1,25,63,88,A+,CT-ODL,PASS,AUC,M
12321100127,20061,OBA1107,Physics & Chemistry Laboratory,159,B.E. Computer Science and Engineering (ODL),OFFLINE,1,15,38,53,B,CT-ODL,PASS,AUC,M
12321100127,20062,OBA1108,Python Programming Laboratory,159,B.E. Computer Science and Engineering (ODL),OFFLINE,1,23,51,74,A,CT-ODL,PASS,AUC,M
12321100128,20055,OBA1101,Professional English & Technical Writing,159,B.E. Computer Science and Engineering (ODL),OFFLINE,1,25,39,64,B+,CT-ODL,PASS,AUC,M
12321100128,20056,OBA1102,"Matrices, Calculus & Linear Algebra",159,B.E. Computer Science and Engineering (ODL),OFFLINE,1,23,28,51,B,CT-ODL,PASS,AUC,M
12321100128,20057,OBA1103,Engineering Physics & Quantum Mechanics,159,B.E. Computer Science and Engineering (ODL),OFFLINE,1,30,63,93,O,CT-ODL,PASS,AUC,M
12321100128,20058,OBA1104,Engineering Chemistry & Material Science,159,B.E. Computer Science and Engineering (ODL),OFFLINE,1,26,62,88,A+,CT-ODL,PASS,AUC,M
12321100128,20059,OBA1105,Problem Solving & Python Programming,159,B.E. Computer Science and Engineering (ODL),OFFLINE,1,22,61,83,A+,CT-ODL,PASS,AUC,M
12321100128,20060,OBA1106,Engineering Graphics & Modeling,159,B.E. Computer Science and Engineering (ODL),OFFLINE,1,15,31,46,C,CT-ODL,PASS,AUC,M
12321100128,20061,OBA1107,Physics & Chemistry Laboratory,159,B.E. Computer Science and Engineering (ODL),OFFLINE,1,15,36,51,B,CT-ODL,PASS,AUC,M
12321100128,20062,OBA1108,Python Programming Laboratory,159,B.E. Computer Science and Engineering (ODL),OFFLINE,1,23,45,68,B+,CT-ODL,PASS,AUC,M
12321100129,20055,OBA1101,Professional English & Technical Writing,159,B.E. Computer Science and Engineering (ODL),OFFLINE,1,22,32,54,B,CT-ODL,PASS,AUC,M
12321100129,20056,OBA1102,"Matrices, Calculus & Linear Algebra",159,B.E. Computer Science and Engineering (ODL),OFFLINE,1,26,44,70,A,CT-ODL,PASS,AUC,M
12321100129,20057,OBA1103,Engineering Physics & Quantum Mechanics,159,B.E. Computer Science and Engineering (ODL),OFFLINE,1,19,37,56,B,CT-ODL,PASS,AUC,M
12321100129,20058,OBA1104,Engineering Chemistry & Material Science,159,B.E. Computer Science and Engineering (ODL),OFFLINE,1,22,29,51,B,CT-ODL,PASS,AUC,M
12321100129,20059,OBA1105,Problem Solving & Python Programming,159,B.E. Computer Science and Engineering (ODL),OFFLINE,1,25,49,74,A,CT-ODL,PASS,AUC,M
12321100129,20060,OBA1106,Engineering Graphics & Modeling,159,B.E. Computer Science and Engineering (ODL),OFFLINE,1,30,49,79,A,CT-ODL,PASS,AUC,M
12321100129,20061,OBA1107,Physics & Chemistry Laboratory,159,B.E. Computer Science and Engineering (ODL),OFFLINE,1,20,32,52,B,CT-ODL,PASS,AUC,M
12321100129,20062,OBA1108,Python Programming Laboratory,159,B.E. Computer Science and Engineering (ODL),OFFLINE,1,18,60,78,A,CT-ODL,PASS,AUC,M
12321100130,20055,OBA1101,Professional English & Technical Writing,159,B.E. Computer Science and Engineering (ODL),OFFLINE,1,30,61,91,O,CT-ODL,PASS,AUC,M
12321100130,20056,OBA1102,"Matrices, Calculus & Linear Algebra",159,B.E. Computer Science and Engineering (ODL),OFFLINE,1,28,54,82,A+,CT-ODL,PASS,AUC,M
12321100130,20057,OBA1103,Engineering Physics & Quantum Mechanics,159,B.E. Computer Science and Engineering (ODL),OFFLINE,1,26,54,80,A+,CT-ODL,PASS,AUC,M
12321100130,20058,OBA1104,Engineering Chemistry & Material Science,159,B.E. Computer Science and Engineering (ODL),OFFLINE,1,17,36,53,B,CT-ODL,PASS,AUC,M
12321100130,20059,OBA1105,Problem Solving & Python Programming,159,B.E. Computer Science and Engineering (ODL),OFFLINE,1,27,38,65,B+,CT-ODL,PASS,AUC,M
12321100130,20060,OBA1106,Engineering Graphics & Modeling,159,B.E. Computer Science and Engineering (ODL),OFFLINE,1,23,52,75,A,CT-ODL,PASS,AUC,M
12321100130,20061,OBA1107,Physics & Chemistry Laboratory,159,B.E. Computer Science and Engineering (ODL),OFFLINE,1,20,33,53,B,CT-ODL,PASS,AUC,M
12321100130,20062,OBA1108,Python Programming Laboratory,159,B.E. Computer Science and Engineering (ODL),OFFLINE,1,26,52,78,A,CT-ODL,PASS,AUC,M
12321100001,20101,OBA1201,Technical English,159,B.E. Computer Science and Engineering (ODL),OFFLINE,2,25,39,64,B+,END-ODL,PASS,AUC,M
12321100001,20102,OBA1202,Statistics & Numerical Methods,159,B.E. Computer Science and Engineering (ODL),OFFLINE,2,,,,,END-ODL,CANCELLED,AUC,M
12321100001,20103,OBA1203,Data Structures & Algorithms,159,B.E. Computer Science and Engineering (ODL),OFFLINE,2,24,27,51,B,END-ODL,PASS,AUC,M
12321100001,20104,OBA1204,Digital Principles & Computer Organization,159,B.E. Computer Science and Engineering (ODL),OFFLINE,2,18,56,74,A,END-ODL,PASS,AUC,M
12321100001,20105,OBA1205,Object Oriented Programming in Java,159,B.E. Computer Science and Engineering (ODL),OFFLINE,2,23,51,74,A,END-ODL,PASS,AUC,M
12321100001,20106,OBA1206,Data Structures Laboratory,159,B.E. Computer Science and Engineering (ODL),OFFLINE,2,16,32,48,C,END-ODL,PASS,AUC,M
12321100003,20101,OBA1201,Technical English,159,B.E. Computer Science and Engineering (ODL),OFFLINE,2,29,28,57,B,END-ODL,PASS,AUC,M
12321100003,20102,OBA1202,Statistics & Numerical Methods,159,B.E. Computer Science and Engineering (ODL),OFFLINE,2,26,64,90,O,END-ODL,PASS,AUC,M
12321100003,20103,OBA1203,Data Structures & Algorithms,159,B.E. Computer Science and Engineering (ODL),OFFLINE,2,18,49,67,B+,END-ODL,PASS,AUC,M
12321100003,20104,OBA1204,Digital Principles & Computer Organization,159,B.E. Computer Science and Engineering (ODL),OFFLINE,2,,,,,END-ODL,CANCELLED,AUC,M
12321100003,20105,OBA1205,Object Oriented Programming in Java,159,B.E. Computer Science and Engineering (ODL),OFFLINE,2,15,51,66,B+,END-ODL,PASS,AUC,M
12321100003,20106,OBA1206,Data Structures Laboratory,159,B.E. Computer Science and Engineering (ODL),OFFLINE,2,26,40,66,B+,END-ODL,PASS,AUC,M
12321100005,20101,OBA1201,Technical English,159,B.E. Computer Science and Engineering (ODL),OFFLINE,2,27,41,68,B+,END-ODL,PASS,AUC,M
12321100005,20102,OBA1202,Statistics & Numerical Methods,159,B.E. Computer Science and Engineering (ODL),OFFLINE,2,21,60,81,A+,END-ODL,PASS,AUC,M
12321100005,20103,OBA1203,Data Structures & Algorithms,159,B.E. Computer Science and Engineering (ODL),OFFLINE,2,28,26,54,B,END-ODL,PASS,AUC,M
12321100005,20104,OBA1204,Digital Principles & Computer Organization,159,B.E. Computer Science and Engineering (ODL),OFFLINE,2,30,37,67,B+,END-ODL,PASS,AUC,M
12321100005,20105,OBA1205,Object Oriented Programming in Java,159,B.E. Computer Science and Engineering (ODL),OFFLINE,2,27,50,77,A,END-ODL,PASS,AUC,M
12321100005,20106,OBA1206,Data Structures Laboratory,159,B.E. Computer Science and Engineering (ODL),OFFLINE,2,19,63,82,A+,END-ODL,PASS,AUC,M
12321100006,20101,OBA1201,Technical English,159,B.E. Computer Science and Engineering (ODL),OFFLINE,2,23,53,76,A,END-ODL,PASS,AUC,M
12321100006,20102,OBA1202,Statistics & Numerical Methods,159,B.E. Computer Science and Engineering (ODL),OFFLINE,2,29,46,75,A,END-ODL,PASS,AUC,M
12321100006,20103,OBA1203,Data Structures & Algorithms,159,B.E. Computer Science and Engineering (ODL),OFFLINE,2,17,26,43,C,END-ODL,PASS,AUC,M
12321100006,20104,OBA1204,Digital Principles & Computer Organization,159,B.E. Computer Science and Engineering (ODL),OFFLINE,2,18,32,50,B,END-ODL,PASS,AUC,M
12321100006,20105,OBA1205,Object Oriented Programming in Java,159,B.E. Computer Science and Engineering (ODL),OFFLINE,2,17,58,75,A,END-ODL,PASS,AUC,M
12321100006,20106,OBA1206,Data Structures Laboratory,159,B.E. Computer Science and Engineering (ODL),OFFLINE,2,15,59,74,A,END-ODL,PASS,AUC,M
12321100007,20101,OBA1201,Technical English,159,B.E. Computer Science and Engineering (ODL),OFFLINE,2,23,46,69,B+,END-ODL,PASS,AUC,M
12321100007,20102,OBA1202,Statistics & Numerical Methods,159,B.E. Computer Science and Engineering (ODL),OFFLINE,2,27,43,70,A,END-ODL,PASS,AUC,M
12321100007,20103,OBA1203,Data Structures & Algorithms,159,B.E. Computer Science and Engineering (ODL),OFFLINE,2,16,31,47,C,END-ODL,PASS,AUC,M
12321100007,20104,OBA1204,Digital Principles & Computer Organization,159,B.E. Computer Science and Engineering (ODL),OFFLINE,2,19,53,72,A,END-ODL,PASS,AUC,M
12321100007,20105,OBA1205,Object Oriented Programming in Java,159,B.E. Computer Science and Engineering (ODL),OFFLINE,2,25,26,51,B,END-ODL,PASS,AUC,M
12321100007,20106,OBA1206,Data Structures Laboratory,159,B.E. Computer Science and Engineering (ODL),OFFLINE,2,25,50,75,A,END-ODL,PASS,AUC,M
12321100008,20101,OBA1201,Technical English,159,B.E. Computer Science and Engineering (ODL),OFFLINE,2,,,,,END-ODL,CANCELLED,AUC,M
12321100008,20102,OBA1202,Statistics & Numerical Methods,159,B.E. Computer Science and Engineering (ODL),OFFLINE,2,29,55,84,A+,END-ODL,PASS,AUC,M
12321100008,20103,OBA1203,Data Structures & Algorithms,159,B.E. Computer Science and Engineering (ODL),OFFLINE,2,26,51,77,A,END-ODL,PASS,AUC,M
12321100008,20104,OBA1204,Digital Principles & Computer Organization,159,B.E. Computer Science and Engineering (ODL),OFFLINE,2,23,48,71,A,END-ODL,PASS,AUC,M
12321100008,20105,OBA1205,Object Oriented Programming in Java,159,B.E. Computer Science and Engineering (ODL),OFFLINE,2,25,58,83,A+,END-ODL,PASS,AUC,M
12321100008,20106,OBA1206,Data Structures Laboratory,159,B.E. Computer Science and Engineering (ODL),OFFLINE,2,25,56,81,A+,END-ODL,PASS,AUC,M
12321100009,20101,OBA1201,Technical English,159,B.E. Computer Science and Engineering (ODL),OFFLINE,2,25,49,74,A,END-ODL,PASS,AUC,M
12321100009,20102,OBA1202,Statistics & Numerical Methods,159,B.E. Computer Science and Engineering (ODL),OFFLINE,2,28,34,62,B+,END-ODL,PASS,AUC,M
12321100009,20103,OBA1203,Data Structures & Algorithms,159,B.E. Computer Science and Engineering (ODL),OFFLINE,2,19,36,55,B,END-ODL,PASS,AUC,M
12321100009,20104,OBA1204,Digital Principles & Computer Organization,159,B.E. Computer Science and Engineering (ODL),OFFLINE,2,27,28,55,B,END-ODL,PASS,AUC,M
12321100009,20105,OBA1205,Object Oriented Programming in Java,159,B.E. Computer Science and Engineering (ODL),OFFLINE,2,29,35,64,B+,END-ODL,PASS,AUC,M
12321100009,20106,OBA1206,Data Structures Laboratory,159,B.E. Computer Science and Engineering (ODL),OFFLINE,2,16,65,81,A+,END-ODL,PASS,AUC,M
12321100010,20101,OBA1201,Technical English,159,B.E. Computer Science and Engineering (ODL),OFFLINE,2,20,44,64,B+,END-ODL,PASS,AUC,M
12321100010,20102,OBA1202,Statistics & Numerical Methods,159,B.E. Computer Science and Engineering (ODL),OFFLINE,2,27,47,74,A,END-ODL,PASS,AUC,M
12321100010,20103,OBA1203,Data Structures & Algorithms,159,B.E. Computer Science and Engineering (ODL),OFFLINE,2,,,,,END-ODL,CANCELLED,AUC,M
12321100010,20104,OBA1204,Digital Principles & Computer Organization,159,B.E. Computer Science and Engineering (ODL),OFFLINE,2,30,37,67,B+,END-ODL,PASS,AUC,M
12321100010,20105,OBA1205,Object Oriented Programming in Java,159,B.E. Computer Science and Engineering (ODL),OFFLINE,2,27,57,84,A+,END-ODL,PASS,AUC,M
12321100010,20106,OBA1206,Data Structures Laboratory,159,B.E. Computer Science and Engineering (ODL),OFFLINE,2,29,47,76,A,END-ODL,PASS,AUC,M
12321100011,20101,OBA1201,Technical English,159,B.E. Computer Science and Engineering (ODL),OFFLINE,2,28,25,53,B,END-ODL,PASS,AUC,M
12321100011,20102,OBA1202,Statistics & Numerical Methods,159,B.E. Computer Science and Engineering (ODL),OFFLINE,2,16,38,54,B,END-ODL,PASS,AUC,M
12321100011,20103,OBA1203,Data Structures & Algorithms,159,B.E. Computer Science and Engineering (ODL),OFFLINE,2,21,50,71,A,END-ODL,PASS,AUC,M
12321100011,20104,OBA1204,Digital Principles & Computer Organization,159,B.E. Computer Science and Engineering (ODL),OFFLINE,2,30,64,94,O,END-ODL,PASS,AUC,M
12321100011,20105,OBA1205,Object Oriented Programming in Java,159,B.E. Computer Science and Engineering (ODL),OFFLINE,2,22,54,76,A,END-ODL,PASS,AUC,M
12321100011,20106,OBA1206,Data Structures Laboratory,159,B.E. Computer Science and Engineering (ODL),OFFLINE,2,19,49,68,B+,END-ODL,PASS,AUC,M
12321100012,20101,OBA1201,Technical English,159,B.E. Computer Science and Engineering (ODL),OFFLINE,2,26,33,59,B,END-ODL,PASS,AUC,M
12321100012,20102,OBA1202,Statistics & Numerical Methods,159,B.E. Computer Science and Engineering (ODL),OFFLINE,2,29,30,59,B,END-ODL,PASS,AUC,M
12321100012,20103,OBA1203,Data Structures & Algorithms,159,B.E. Computer Science and Engineering (ODL),OFFLINE,2,18,61,79,A,END-ODL,PASS,AUC,M
12321100012,20104,OBA1204,Digital Principles & Computer Organization,159,B.E. Computer Science and Engineering (ODL),OFFLINE,2,15,34,49,C,END-ODL,PASS,AUC,M
12321100012,20105,OBA1205,Object Oriented Programming in Java,159,B.E. Computer Science and Engineering (ODL),OFFLINE,2,22,64,86,A+,END-ODL,PASS,AUC,M
12321100012,20106,OBA1206,Data Structures Laboratory,159,B.E. Computer Science and Engineering (ODL),OFFLINE,2,,,,,END-ODL,CANCELLED,AUC,M
12321100014,20101,OBA1201,Technical English,159,B.E. Computer Science and Engineering (ODL),OFFLINE,2,23,56,79,A,END-ODL,PASS,AUC,M
12321100014,20102,OBA1202,Statistics & Numerical Methods,159,B.E. Computer Science and Engineering (ODL),OFFLINE,2,22,27,49,C,END-ODL,PASS,AUC,M
12321100014,20103,OBA1203,Data Structures & Algorithms,159,B.E. Computer Science and Engineering (ODL),OFFLINE,2,29,44,73,A,END-ODL,PASS,AUC,M
12321100014,20104,OBA1204,Digital Principles & Computer Organization,159,B.E. Computer Science and Engineering (ODL),OFFLINE,2,15,33,48,C,END-ODL,PASS,AUC,M
12321100014,20105,OBA1205,Object Oriented Programming in Java,159,B.E. Computer Science and Engineering (ODL),OFFLINE,2,27,60,87,A+,END-ODL,PASS,AUC,M
12321100014,20106,OBA1206,Data Structures Laboratory,159,B.E. Computer Science and Engineering (ODL),OFFLINE,2,25,63,88,A+,END-ODL,PASS,AUC,M
12321100016,20101,OBA1201,Technical English,159,B.E. Computer Science and Engineering (ODL),OFFLINE,2,24,27,51,B,END-ODL,PASS,AUC,M
12321100016,20102,OBA1202,Statistics & Numerical Methods,159,B.E. Computer Science and Engineering (ODL),OFFLINE,2,18,37,55,B,END-ODL,PASS,AUC,M
12321100016,20103,OBA1203,Data Structures & Algorithms,159,B.E. Computer Science and Engineering (ODL),OFFLINE,2,21,51,72,A,END-ODL,PASS,AUC,M
12321100016,20104,OBA1204,Digital Principles & Computer Organization,159,B.E. Computer Science and Engineering (ODL),OFFLINE,2,29,55,84,A+,END-ODL,PASS,AUC,M
12321100016,20105,OBA1205,Object Oriented Programming in Java,159,B.E. Computer Science and Engineering (ODL),OFFLINE,2,19,44,63,B+,END-ODL,PASS,AUC,M
12321100016,20106,OBA1206,Data Structures Laboratory,159,B.E. Computer Science and Engineering (ODL),OFFLINE,2,28,44,72,A,END-ODL,PASS,AUC,M
12321100017,20101,OBA1201,Technical English,159,B.E. Computer Science and Engineering (ODL),OFFLINE,2,21,41,62,B+,END-ODL,PASS,AUC,M
12321100017,20102,OBA1202,Statistics & Numerical Methods,159,B.E. Computer Science and Engineering (ODL),OFFLINE,2,30,54,84,A+,END-ODL,PASS,AUC,M
12321100017,20103,OBA1203,Data Structures & Algorithms,159,B.E. Computer Science and Engineering (ODL),OFFLINE,2,20,33,53,B,END-ODL,PASS,AUC,M
12321100017,20104,OBA1204,Digital Principles & Computer Organization,159,B.E. Computer Science and Engineering (ODL),OFFLINE,2,16,51,67,B+,END-ODL,PASS,AUC,M
12321100017,20105,OBA1205,Object Oriented Programming in Java,159,B.E. Computer Science and Engineering (ODL),OFFLINE,2,24,47,71,A,END-ODL,PASS,AUC,M
12321100017,20106,OBA1206,Data Structures Laboratory,159,B.E. Computer Science and Engineering (ODL),OFFLINE,2,24,58,82,A+,END-ODL,PASS,AUC,M
12321100019,20101,OBA1201,Technical English,159,B.E. Computer Science and Engineering (ODL),OFFLINE,2,30,28,58,B,END-ODL,PASS,AUC,M
12321100019,20102,OBA1202,Statistics & Numerical Methods,159,B.E. Computer Science and Engineering (ODL),OFFLINE,2,25,37,62,B+,END-ODL,PASS,AUC,M
12321100019,20103,OBA1203,Data Structures & Algorithms,159,B.E. Computer Science and Engineering (ODL),OFFLINE,2,26,48,74,A,END-ODL,PASS,AUC,M
12321100019,20104,OBA1204,Digital Principles & Computer Organization,159,B.E. Computer Science and Engineering (ODL),OFFLINE,2,30,38,68,B+,END-ODL,PASS,AUC,M
12321100019,20105,OBA1205,Object Oriented Programming in Java,159,B.E. Computer Science and Engineering (ODL),OFFLINE,2,30,49,79,A,END-ODL,PASS,AUC,M
12321100019,20106,OBA1206,Data Structures Laboratory,159,B.E. Computer Science and Engineering (ODL),OFFLINE,2,28,65,93,O,END-ODL,PASS,AUC,M
12321100020,20101,OBA1201,Technical English,159,B.E. Computer Science and Engineering (ODL),OFFLINE,2,21,62,83,A+,END-ODL,PASS,AUC,M
12321100020,20102,OBA1202,Statistics & Numerical Methods,159,B.E. Computer Science and Engineering (ODL),OFFLINE,2,23,60,83,A+,END-ODL,PASS,AUC,M
12321100020,20103,OBA1203,Data Structures & Algorithms,159,B.E. Computer Science and Engineering (ODL),OFFLINE,2,25,63,88,A+,END-ODL,PASS,AUC,M
12321100020,20104,OBA1204,Digital Principles & Computer Organization,159,B.E. Computer Science and Engineering (ODL),OFFLINE,2,18,28,46,C,END-ODL,PASS,AUC,M
12321100020,20105,OBA1205,Object Oriented Programming in Java,159,B.E. Computer Science and Engineering (ODL),OFFLINE,2,27,29,56,B,END-ODL,PASS,AUC,M
12321100020,20106,OBA1206,Data Structures Laboratory,159,B.E. Computer Science and Engineering (ODL),OFFLINE,2,20,61,81,A+,END-ODL,PASS,AUC,M
12321100021,20101,OBA1201,Technical English,159,B.E. Computer Science and Engineering (ODL),OFFLINE,2,17,30,47,C,END-ODL,PASS,AUC,M
12321100021,20102,OBA1202,Statistics & Numerical Methods,159,B.E. Computer Science and Engineering (ODL),OFFLINE,2,18,37,55,B,END-ODL,PASS,AUC,M
12321100021,20103,OBA1203,Data Structures & Algorithms,159,B.E. Computer Science and Engineering (ODL),OFFLINE,2,29,40,69,B+,END-ODL,PASS,AUC,M
12321100021,20104,OBA1204,Digital Principles & Computer Organization,159,B.E. Computer Science and Engineering (ODL),OFFLINE,2,28,54,82,A+,END-ODL,PASS,AUC,M
12321100021,20105,OBA1205,Object Oriented Programming in Java,159,B.E. Computer Science and Engineering (ODL),OFFLINE,2,26,60,86,A+,END-ODL,PASS,AUC,M
12321100021,20106,OBA1206,Data Structures Laboratory,159,B.E. Computer Science and Engineering (ODL),OFFLINE,2,19,33,52,B,END-ODL,PASS,AUC,M
12321100023,20101,OBA1201,Technical English,159,B.E. Computer Science and Engineering (ODL),OFFLINE,2,16,42,58,B,END-ODL,PASS,AUC,M
12321100023,20102,OBA1202,Statistics & Numerical Methods,159,B.E. Computer Science and Engineering (ODL),OFFLINE,2,29,42,71,A,END-ODL,PASS,AUC,M
12321100023,20103,OBA1203,Data Structures & Algorithms,159,B.E. Computer Science and Engineering (ODL),OFFLINE,2,27,60,87,A+,END-ODL,PASS,AUC,M
12321100023,20104,OBA1204,Digital Principles & Computer Organization,159,B.E. Computer Science and Engineering (ODL),OFFLINE,2,27,64,91,O,END-ODL,PASS,AUC,M
12321100023,20105,OBA1205,Object Oriented Programming in Java,159,B.E. Computer Science and Engineering (ODL),OFFLINE,2,23,34,57,B,END-ODL,PASS,AUC,M
12321100023,20106,OBA1206,Data Structures Laboratory,159,B.E. Computer Science and Engineering (ODL),OFFLINE,2,29,32,61,B+,END-ODL,PASS,AUC,M
12321100024,20101,OBA1201,Technical English,159,B.E. Computer Science and Engineering (ODL),OFFLINE,2,20,52,72,A,END-ODL,PASS,AUC,M
12321100024,20102,OBA1202,Statistics & Numerical Methods,159,B.E. Computer Science and Engineering (ODL),OFFLINE,2,29,40,69,B+,END-ODL,PASS,AUC,M
12321100024,20103,OBA1203,Data Structures & Algorithms,159,B.E. Computer Science and Engineering (ODL),OFFLINE,2,25,44,69,B+,END-ODL,PASS,AUC,M
12321100024,20104,OBA1204,Digital Principles & Computer Organization,159,B.E. Computer Science and Engineering (ODL),OFFLINE,2,21,59,80,A+,END-ODL,PASS,AUC,M
12321100024,20105,OBA1205,Object Oriented Programming in Java,159,B.E. Computer Science and Engineering (ODL),OFFLINE,2,29,39,68,B+,END-ODL,PASS,AUC,M
12321100024,20106,OBA1206,Data Structures Laboratory,159,B.E. Computer Science and Engineering (ODL),OFFLINE,2,19,61,80,A+,END-ODL,PASS,AUC,M
12321100025,20101,OBA1201,Technical English,159,B.E. Computer Science and Engineering (ODL),OFFLINE,2,25,55,80,A+,END-ODL,PASS,AUC,M
12321100025,20102,OBA1202,Statistics & Numerical Methods,159,B.E. Computer Science and Engineering (ODL),OFFLINE,2,17,62,79,A,END-ODL,PASS,AUC,M
12321100025,20103,OBA1203,Data Structures & Algorithms,159,B.E. Computer Science and Engineering (ODL),OFFLINE,2,20,27,47,C,END-ODL,PASS,AUC,M
12321100025,20104,OBA1204,Digital Principles & Computer Organization,159,B.E. Computer Science and Engineering (ODL),OFFLINE,2,28,59,87,A+,END-ODL,PASS,AUC,M
12321100025,20105,OBA1205,Object Oriented Programming in Java,159,B.E. Computer Science and Engineering (ODL),OFFLINE,2,15,53,68,B+,END-ODL,PASS,AUC,M
12321100025,20106,OBA1206,Data Structures Laboratory,159,B.E. Computer Science and Engineering (ODL),OFFLINE,2,27,41,68,B+,END-ODL,PASS,AUC,M
12321100027,20101,OBA1201,Technical English,159,B.E. Computer Science and Engineering (ODL),OFFLINE,2,27,44,71,A,END-ODL,PASS,AUC,M
12321100027,20102,OBA1202,Statistics & Numerical Methods,159,B.E. Computer Science and Engineering (ODL),OFFLINE,2,22,33,55,B,END-ODL,PASS,AUC,M
12321100027,20103,OBA1203,Data Structures & Algorithms,159,B.E. Computer Science and Engineering (ODL),OFFLINE,2,30,30,60,B+,END-ODL,PASS,AUC,M
12321100027,20104,OBA1204,Digital Principles & Computer Organization,159,B.E. Computer Science and Engineering (ODL),OFFLINE,2,20,36,56,B,END-ODL,PASS,AUC,M
12321100027,20105,OBA1205,Object Oriented Programming in Java,159,B.E. Computer Science and Engineering (ODL),OFFLINE,2,18,52,70,A,END-ODL,PASS,AUC,M
12321100027,20106,OBA1206,Data Structures Laboratory,159,B.E. Computer Science and Engineering (ODL),OFFLINE,2,21,59,80,A+,END-ODL,PASS,AUC,M
12321100028,20101,OBA1201,Technical English,159,B.E. Computer Science and Engineering (ODL),OFFLINE,2,23,58,81,A+,END-ODL,PASS,AUC,M
12321100028,20102,OBA1202,Statistics & Numerical Methods,159,B.E. Computer Science and Engineering (ODL),OFFLINE,2,26,63,89,A+,END-ODL,PASS,AUC,M
12321100028,20103,OBA1203,Data Structures & Algorithms,159,B.E. Computer Science and Engineering (ODL),OFFLINE,2,28,43,71,A,END-ODL,PASS,AUC,M
12321100028,20104,OBA1204,Digital Principles & Computer Organization,159,B.E. Computer Science and Engineering (ODL),OFFLINE,2,27,30,57,B,END-ODL,PASS,AUC,M
12321100028,20105,OBA1205,Object Oriented Programming in Java,159,B.E. Computer Science and Engineering (ODL),OFFLINE,2,17,30,47,C,END-ODL,PASS,AUC,M
12321100028,20106,OBA1206,Data Structures Laboratory,159,B.E. Computer Science and Engineering (ODL),OFFLINE,2,15,63,78,A,END-ODL,PASS,AUC,M
12321100030,20101,OBA1201,Technical English,159,B.E. Computer Science and Engineering (ODL),OFFLINE,2,28,56,84,A+,END-ODL,PASS,AUC,M
12321100030,20102,OBA1202,Statistics & Numerical Methods,159,B.E. Computer Science and Engineering (ODL),OFFLINE,2,15,39,54,B,END-ODL,PASS,AUC,M
12321100030,20103,OBA1203,Data Structures & Algorithms,159,B.E. Computer Science and Engineering (ODL),OFFLINE,2,27,25,52,B,END-ODL,PASS,AUC,M
12321100030,20104,OBA1204,Digital Principles & Computer Organization,159,B.E. Computer Science and Engineering (ODL),OFFLINE,2,25,35,60,B+,END-ODL,PASS,AUC,M
12321100030,20105,OBA1205,Object Oriented Programming in Java,159,B.E. Computer Science and Engineering (ODL),OFFLINE,2,24,63,87,A+,END-ODL,PASS,AUC,M
12321100030,20106,OBA1206,Data Structures Laboratory,159,B.E. Computer Science and Engineering (ODL),OFFLINE,2,21,56,77,A,END-ODL,PASS,AUC,M
12321100031,20101,OBA1201,Technical English,159,B.E. Computer Science and Engineering (ODL),OFFLINE,2,15,47,62,B+,END-ODL,PASS,AUC,M
12321100031,20102,OBA1202,Statistics & Numerical Methods,159,B.E. Computer Science and Engineering (ODL),OFFLINE,2,,,,,END-ODL,CANCELLED,AUC,M
12321100031,20103,OBA1203,Data Structures & Algorithms,159,B.E. Computer Science and Engineering (ODL),OFFLINE,2,18,52,70,A,END-ODL,PASS,AUC,M
12321100031,20104,OBA1204,Digital Principles & Computer Organization,159,B.E. Computer Science and Engineering (ODL),OFFLINE,2,17,35,52,B,END-ODL,PASS,AUC,M
12321100031,20105,OBA1205,Object Oriented Programming in Java,159,B.E. Computer Science and Engineering (ODL),OFFLINE,2,16,42,58,B,END-ODL,PASS,AUC,M
12321100031,20106,OBA1206,Data Structures Laboratory,159,B.E. Computer Science and Engineering (ODL),OFFLINE,2,17,63,80,A+,END-ODL,PASS,AUC,M
12321100033,20101,OBA1201,Technical English,159,B.E. Computer Science and Engineering (ODL),OFFLINE,2,17,59,76,A,END-ODL,PASS,AUC,M
12321100033,20102,OBA1202,Statistics & Numerical Methods,159,B.E. Computer Science and Engineering (ODL),OFFLINE,2,25,41,66,B+,END-ODL,PASS,AUC,M
12321100033,20103,OBA1203,Data Structures & Algorithms,159,B.E. Computer Science and Engineering (ODL),OFFLINE,2,26,41,67,B+,END-ODL,PASS,AUC,M
12321100033,20104,OBA1204,Digital Principles & Computer Organization,159,B.E. Computer Science and Engineering (ODL),OFFLINE,2,26,25,51,B,END-ODL,PASS,AUC,M
12321100033,20105,OBA1205,Object Oriented Programming in Java,159,B.E. Computer Science and Engineering (ODL),OFFLINE,2,22,57,79,A,END-ODL,PASS,AUC,M
12321100033,20106,OBA1206,Data Structures Laboratory,159,B.E. Computer Science and Engineering (ODL),OFFLINE,2,24,65,89,A+,END-ODL,PASS,AUC,M
12321100034,20101,OBA1201,Technical English,159,B.E. Computer Science and Engineering (ODL),OFFLINE,2,18,40,58,B,END-ODL,PASS,AUC,M
12321100034,20102,OBA1202,Statistics & Numerical Methods,159,B.E. Computer Science and Engineering (ODL),OFFLINE,2,25,49,74,A,END-ODL,PASS,AUC,M
12321100034,20103,OBA1203,Data Structures & Algorithms,159,B.E. Computer Science and Engineering (ODL),OFFLINE,2,16,62,78,A,END-ODL,PASS,AUC,M
12321100034,20104,OBA1204,Digital Principles & Computer Organization,159,B.E. Computer Science and Engineering (ODL),OFFLINE,2,16,47,63,B+,END-ODL,PASS,AUC,M
12321100034,20105,OBA1205,Object Oriented Programming in Java,159,B.E. Computer Science and Engineering (ODL),OFFLINE,2,20,50,70,A,END-ODL,PASS,AUC,M
12321100034,20106,OBA1206,Data Structures Laboratory,159,B.E. Computer Science and Engineering (ODL),OFFLINE,2,26,39,65,B+,END-ODL,PASS,AUC,M
12321100035,20101,OBA1201,Technical English,159,B.E. Computer Science and Engineering (ODL),OFFLINE,2,15,58,73,A,END-ODL,PASS,AUC,M
12321100035,20102,OBA1202,Statistics & Numerical Methods,159,B.E. Computer Science and Engineering (ODL),OFFLINE,2,19,37,56,B,END-ODL,PASS,AUC,M
12321100035,20103,OBA1203,Data Structures & Algorithms,159,B.E. Computer Science and Engineering (ODL),OFFLINE,2,20,47,67,B+,END-ODL,PASS,AUC,M
12321100035,20104,OBA1204,Digital Principles & Computer Organization,159,B.E. Computer Science and Engineering (ODL),OFFLINE,2,30,52,82,A+,END-ODL,PASS,AUC,M
12321100035,20105,OBA1205,Object Oriented Programming in Java,159,B.E. Computer Science and Engineering (ODL),OFFLINE,2,22,52,74,A,END-ODL,PASS,AUC,M
12321100035,20106,OBA1206,Data Structures Laboratory,159,B.E. Computer Science and Engineering (ODL),OFFLINE,2,17,29,46,C,END-ODL,PASS,AUC,M
12321100036,20101,OBA1201,Technical English,159,B.E. Computer Science and Engineering (ODL),OFFLINE,2,27,40,67,B+,END-ODL,PASS,AUC,M
12321100036,20102,OBA1202,Statistics & Numerical Methods,159,B.E. Computer Science and Engineering (ODL),OFFLINE,2,19,33,52,B,END-ODL,PASS,AUC,M
12321100036,20103,OBA1203,Data Structures & Algorithms,159,B.E. Computer Science and Engineering (ODL),OFFLINE,2,17,48,65,B+,END-ODL,PASS,AUC,M
12321100036,20104,OBA1204,Digital Principles & Computer Organization,159,B.E. Computer Science and Engineering (ODL),OFFLINE,2,21,62,83,A+,END-ODL,PASS,AUC,M
12321100036,20105,OBA1205,Object Oriented Programming in Java,159,B.E. Computer Science and Engineering (ODL),OFFLINE,2,,,,,END-ODL,CANCELLED,AUC,M
12321100036,20106,OBA1206,Data Structures Laboratory,159,B.E. Computer Science and Engineering (ODL),OFFLINE,2,21,40,61,B+,END-ODL,PASS,AUC,M
12321100037,20101,OBA1201,Technical English,159,B.E. Computer Science and Engineering (ODL),OFFLINE,2,30,46,76,A,END-ODL,PASS,AUC,M
12321100037,20102,OBA1202,Statistics & Numerical Methods,159,B.E. Computer Science and Engineering (ODL),OFFLINE,2,22,51,73,A,END-ODL,PASS,AUC,M
12321100037,20103,OBA1203,Data Structures & Algorithms,159,B.E. Computer Science and Engineering (ODL),OFFLINE,2,15,61,76,A,END-ODL,PASS,AUC,M
12321100037,20104,OBA1204,Digital Principles & Computer Organization,159,B.E. Computer Science and Engineering (ODL),OFFLINE,2,20,38,58,B,END-ODL,PASS,AUC,M
12321100037,20105,OBA1205,Object Oriented Programming in Java,159,B.E. Computer Science and Engineering (ODL),OFFLINE,2,20,38,58,B,END-ODL,PASS,AUC,M
12321100037,20106,OBA1206,Data Structures Laboratory,159,B.E. Computer Science and Engineering (ODL),OFFLINE,2,27,37,64,B+,END-ODL,PASS,AUC,M
12321100038,20101,OBA1201,Technical English,159,B.E. Computer Science and Engineering (ODL),OFFLINE,2,16,61,77,A,END-ODL,PASS,AUC,M
12321100038,20102,OBA1202,Statistics & Numerical Methods,159,B.E. Computer Science and Engineering (ODL),OFFLINE,2,15,26,41,C,END-ODL,PASS,AUC,M
12321100038,20103,OBA1203,Data Structures & Algorithms,159,B.E. Computer Science and Engineering (ODL),OFFLINE,2,19,36,55,B,END-ODL,PASS,AUC,M
12321100038,20104,OBA1204,Digital Principles & Computer Organization,159,B.E. Computer Science and Engineering (ODL),OFFLINE,2,22,57,79,A,END-ODL,PASS,AUC,M
12321100038,20105,OBA1205,Object Oriented Programming in Java,159,B.E. Computer Science and Engineering (ODL),OFFLINE,2,24,28,52,B,END-ODL,PASS,AUC,M
12321100038,20106,OBA1206,Data Structures Laboratory,159,B.E. Computer Science and Engineering (ODL),OFFLINE,2,21,44,65,B+,END-ODL,PASS,AUC,M
12321100039,20101,OBA1201,Technical English,159,B.E. Computer Science and Engineering (ODL),OFFLINE,2,19,39,58,B,END-ODL,PASS,AUC,M
12321100039,20102,OBA1202,Statistics & Numerical Methods,159,B.E. Computer Science and Engineering (ODL),OFFLINE,2,29,39,68,B+,END-ODL,PASS,AUC,M
12321100039,20103,OBA1203,Data Structures & Algorithms,159,B.E. Computer Science and Engineering (ODL),OFFLINE,2,19,31,50,B,END-ODL,PASS,AUC,M
12321100039,20104,OBA1204,Digital Principles & Computer Organization,159,B.E. Computer Science and Engineering (ODL),OFFLINE,2,18,29,47,C,END-ODL,PASS,AUC,M
12321100039,20105,OBA1205,Object Oriented Programming in Java,159,B.E. Computer Science and Engineering (ODL),OFFLINE,2,15,45,60,B+,END-ODL,PASS,AUC,M
12321100039,20106,OBA1206,Data Structures Laboratory,159,B.E. Computer Science and Engineering (ODL),OFFLINE,2,17,34,51,B,END-ODL,PASS,AUC,M
12321100040,20101,OBA1201,Technical English,159,B.E. Computer Science and Engineering (ODL),OFFLINE,2,15,41,56,B,END-ODL,PASS,AUC,M
12321100040,20102,OBA1202,Statistics & Numerical Methods,159,B.E. Computer Science and Engineering (ODL),OFFLINE,2,19,36,55,B,END-ODL,PASS,AUC,M
12321100040,20103,OBA1203,Data Structures & Algorithms,159,B.E. Computer Science and Engineering (ODL),OFFLINE,2,18,32,50,B,END-ODL,PASS,AUC,M
12321100040,20104,OBA1204,Digital Principles & Computer Organization,159,B.E. Computer Science and Engineering (ODL),OFFLINE,2,,,,,END-ODL,CANCELLED,AUC,M
12321100040,20105,OBA1205,Object Oriented Programming in Java,159,B.E. Computer Science and Engineering (ODL),OFFLINE,2,16,54,70,A,END-ODL,PASS,AUC,M
12321100040,20106,OBA1206,Data Structures Laboratory,159,B.E. Computer Science and Engineering (ODL),OFFLINE,2,23,53,76,A,END-ODL,PASS,AUC,M
12321100042,20101,OBA1201,Technical English,159,B.E. Computer Science and Engineering (ODL),OFFLINE,2,21,50,71,A,END-ODL,PASS,AUC,M
12321100042,20102,OBA1202,Statistics & Numerical Methods,159,B.E. Computer Science and Engineering (ODL),OFFLINE,2,21,38,59,B,END-ODL,PASS,AUC,M
12321100042,20103,OBA1203,Data Structures & Algorithms,159,B.E. Computer Science and Engineering (ODL),OFFLINE,2,27,32,59,B,END-ODL,PASS,AUC,M
12321100042,20104,OBA1204,Digital Principles & Computer Organization,159,B.E. Computer Science and Engineering (ODL),OFFLINE,2,20,41,61,B+,END-ODL,PASS,AUC,M
12321100042,20105,OBA1205,Object Oriented Programming in Java,159,B.E. Computer Science and Engineering (ODL),OFFLINE,2,25,38,63,B+,END-ODL,PASS,AUC,M
12321100042,20106,OBA1206,Data Structures Laboratory,159,B.E. Computer Science and Engineering (ODL),OFFLINE,2,30,57,87,A+,END-ODL,PASS,AUC,M
12321100043,20101,OBA1201,Technical English,159,B.E. Computer Science and Engineering (ODL),OFFLINE,2,26,65,91,O,END-ODL,PASS,AUC,M
12321100043,20102,OBA1202,Statistics & Numerical Methods,159,B.E. Computer Science and Engineering (ODL),OFFLINE,2,17,39,56,B,END-ODL,PASS,AUC,M
12321100043,20103,OBA1203,Data Structures & Algorithms,159,B.E. Computer Science and Engineering (ODL),OFFLINE,2,30,60,90,O,END-ODL,PASS,AUC,M
12321100043,20104,OBA1204,Digital Principles & Computer Organization,159,B.E. Computer Science and Engineering (ODL),OFFLINE,2,21,60,81,A+,END-ODL,PASS,AUC,M
12321100043,20105,OBA1205,Object Oriented Programming in Java,159,B.E. Computer Science and Engineering (ODL),OFFLINE,2,23,48,71,A,END-ODL,PASS,AUC,M
12321100043,20106,OBA1206,Data Structures Laboratory,159,B.E. Computer Science and Engineering (ODL),OFFLINE,2,28,35,63,B+,END-ODL,PASS,AUC,M
12321100044,20101,OBA1201,Technical English,159,B.E. Computer Science and Engineering (ODL),OFFLINE,2,20,33,53,B,END-ODL,PASS,AUC,M
12321100044,20102,OBA1202,Statistics & Numerical Methods,159,B.E. Computer Science and Engineering (ODL),OFFLINE,2,30,49,79,A,END-ODL,PASS,AUC,M
12321100044,20103,OBA1203,Data Structures & Algorithms,159,B.E. Computer Science and Engineering (ODL),OFFLINE,2,23,59,82,A+,END-ODL,PASS,AUC,M
12321100044,20104,OBA1204,Digital Principles & Computer Organization,159,B.E. Computer Science and Engineering (ODL),OFFLINE,2,15,61,76,A,END-ODL,PASS,AUC,M
12321100044,20105,OBA1205,Object Oriented Programming in Java,159,B.E. Computer Science and Engineering (ODL),OFFLINE,2,28,61,89,A+,END-ODL,PASS,AUC,M
12321100044,20106,OBA1206,Data Structures Laboratory,159,B.E. Computer Science and Engineering (ODL),OFFLINE,2,21,53,74,A,END-ODL,PASS,AUC,M
12321100045,20101,OBA1201,Technical English,159,B.E. Computer Science and Engineering (ODL),OFFLINE,2,20,51,71,A,END-ODL,PASS,AUC,M
12321100045,20102,OBA1202,Statistics & Numerical Methods,159,B.E. Computer Science and Engineering (ODL),OFFLINE,2,28,38,66,B+,END-ODL,PASS,AUC,M
12321100045,20103,OBA1203,Data Structures & Algorithms,159,B.E. Computer Science and Engineering (ODL),OFFLINE,2,16,33,49,C,END-ODL,PASS,AUC,M
12321100045,20104,OBA1204,Digital Principles & Computer Organization,159,B.E. Computer Science and Engineering (ODL),OFFLINE,2,19,56,75,A,END-ODL,PASS,AUC,M
12321100045,20105,OBA1205,Object Oriented Programming in Java,159,B.E. Computer Science and Engineering (ODL),OFFLINE,2,19,58,77,A,END-ODL,PASS,AUC,M
12321100045,20106,OBA1206,Data Structures Laboratory,159,B.E. Computer Science and Engineering (ODL),OFFLINE,2,24,62,86,A+,END-ODL,PASS,AUC,M
12321100046,20101,OBA1201,Technical English,159,B.E. Computer Science and Engineering (ODL),OFFLINE,2,24,33,57,B,END-ODL,PASS,AUC,M
12321100046,20102,OBA1202,Statistics & Numerical Methods,159,B.E. Computer Science and Engineering (ODL),OFFLINE,2,16,27,43,C,END-ODL,PASS,AUC,M
12321100046,20103,OBA1203,Data Structures & Algorithms,159,B.E. Computer Science and Engineering (ODL),OFFLINE,2,26,44,70,A,END-ODL,PASS,AUC,M
12321100046,20104,OBA1204,Digital Principles & Computer Organization,159,B.E. Computer Science and Engineering (ODL),OFFLINE,2,30,55,85,A+,END-ODL,PASS,AUC,M
12321100046,20105,OBA1205,Object Oriented Programming in Java,159,B.E. Computer Science and Engineering (ODL),OFFLINE,2,19,59,78,A,END-ODL,PASS,AUC,M
12321100046,20106,OBA1206,Data Structures Laboratory,159,B.E. Computer Science and Engineering (ODL),OFFLINE,2,23,60,83,A+,END-ODL,PASS,AUC,M
12321100047,20101,OBA1201,Technical English,159,B.E. Computer Science and Engineering (ODL),OFFLINE,2,25,52,77,A,END-ODL,PASS,AUC,M
12321100047,20102,OBA1202,Statistics & Numerical Methods,159,B.E. Computer Science and Engineering (ODL),OFFLINE,2,28,55,83,A+,END-ODL,PASS,AUC,M
12321100047,20103,OBA1203,Data Structures & Algorithms,159,B.E. Computer Science and Engineering (ODL),OFFLINE,2,24,55,79,A,END-ODL,PASS,AUC,M
12321100047,20104,OBA1204,Digital Principles & Computer Organization,159,B.E. Computer Science and Engineering (ODL),OFFLINE,2,30,42,72,A,END-ODL,PASS,AUC,M
12321100047,20105,OBA1205,Object Oriented Programming in Java,159,B.E. Computer Science and Engineering (ODL),OFFLINE,2,15,59,74,A,END-ODL,PASS,AUC,M
12321100047,20106,OBA1206,Data Structures Laboratory,159,B.E. Computer Science and Engineering (ODL),OFFLINE,2,29,48,77,A,END-ODL,PASS,AUC,M
12321100048,20101,OBA1201,Technical English,159,B.E. Computer Science and Engineering (ODL),OFFLINE,2,24,27,51,B,END-ODL,PASS,AUC,M
12321100048,20102,OBA1202,Statistics & Numerical Methods,159,B.E. Computer Science and Engineering (ODL),OFFLINE,2,30,26,56,B,END-ODL,PASS,AUC,M
12321100048,20103,OBA1203,Data Structures & Algorithms,159,B.E. Computer Science and Engineering (ODL),OFFLINE,2,24,50,74,A,END-ODL,PASS,AUC,M
12321100048,20104,OBA1204,Digital Principles & Computer Organization,159,B.E. Computer Science and Engineering (ODL),OFFLINE,2,22,36,58,B,END-ODL,PASS,AUC,M
12321100048,20105,OBA1205,Object Oriented Programming in Java,159,B.E. Computer Science and Engineering (ODL),OFFLINE,2,29,57,86,A+,END-ODL,PASS,AUC,M
12321100048,20106,OBA1206,Data Structures Laboratory,159,B.E. Computer Science and Engineering (ODL),OFFLINE,2,26,29,55,B,END-ODL,PASS,AUC,M
12321100049,20101,OBA1201,Technical English,159,B.E. Computer Science and Engineering (ODL),OFFLINE,2,18,31,49,C,END-ODL,PASS,AUC,M
12321100049,20102,OBA1202,Statistics & Numerical Methods,159,B.E. Computer Science and Engineering (ODL),OFFLINE,2,23,48,71,A,END-ODL,PASS,AUC,M
12321100049,20103,OBA1203,Data Structures & Algorithms,159,B.E. Computer Science and Engineering (ODL),OFFLINE,2,16,37,53,B,END-ODL,PASS,AUC,M
12321100049,20104,OBA1204,Digital Principles & Computer Organization,159,B.E. Computer Science and Engineering (ODL),OFFLINE,2,27,33,60,B+,END-ODL,PASS,AUC,M
12321100049,20105,OBA1205,Object Oriented Programming in Java,159,B.E. Computer Science and Engineering (ODL),OFFLINE,2,20,36,56,B,END-ODL,PASS,AUC,M
12321100049,20106,OBA1206,Data Structures Laboratory,159,B.E. Computer Science and Engineering (ODL),OFFLINE,2,23,27,50,B,END-ODL,PASS,AUC,M
12321100050,20101,OBA1201,Technical English,159,B.E. Computer Science and Engineering (ODL),OFFLINE,2,16,47,63,B+,END-ODL,PASS,AUC,M
12321100050,20102,OBA1202,Statistics & Numerical Methods,159,B.E. Computer Science and Engineering (ODL),OFFLINE,2,15,28,43,C,END-ODL,PASS,AUC,M
12321100050,20103,OBA1203,Data Structures & Algorithms,159,B.E. Computer Science and Engineering (ODL),OFFLINE,2,30,53,83,A+,END-ODL,PASS,AUC,M
12321100050,20104,OBA1204,Digital Principles & Computer Organization,159,B.E. Computer Science and Engineering (ODL),OFFLINE,2,15,34,49,C,END-ODL,PASS,AUC,M
12321100050,20105,OBA1205,Object Oriented Programming in Java,159,B.E. Computer Science and Engineering (ODL),OFFLINE,2,19,39,58,B,END-ODL,PASS,AUC,M
12321100050,20106,OBA1206,Data Structures Laboratory,159,B.E. Computer Science and Engineering (ODL),OFFLINE,2,28,65,93,O,END-ODL,PASS,AUC,M
12321100051,20101,OBA1201,Technical English,159,B.E. Computer Science and Engineering (ODL),OFFLINE,2,21,52,73,A,END-ODL,PASS,AUC,M
12321100051,20102,OBA1202,Statistics & Numerical Methods,159,B.E. Computer Science and Engineering (ODL),OFFLINE,2,26,61,87,A+,END-ODL,PASS,AUC,M
12321100051,20103,OBA1203,Data Structures & Algorithms,159,B.E. Computer Science and Engineering (ODL),OFFLINE,2,22,45,67,B+,END-ODL,PASS,AUC,M
12321100051,20104,OBA1204,Digital Principles & Computer Organization,159,B.E. Computer Science and Engineering (ODL),OFFLINE,2,17,51,68,B+,END-ODL,PASS,AUC,M
12321100051,20105,OBA1205,Object Oriented Programming in Java,159,B.E. Computer Science and Engineering (ODL),OFFLINE,2,24,60,84,A+,END-ODL,PASS,AUC,M
12321100051,20106,OBA1206,Data Structures Laboratory,159,B.E. Computer Science and Engineering (ODL),OFFLINE,2,20,59,79,A,END-ODL,PASS,AUC,M
12321100053,20101,OBA1201,Technical English,159,B.E. Computer Science and Engineering (ODL),OFFLINE,2,17,41,58,B,END-ODL,PASS,AUC,M
12321100053,20102,OBA1202,Statistics & Numerical Methods,159,B.E. Computer Science and Engineering (ODL),OFFLINE,2,24,65,89,A+,END-ODL,PASS,AUC,M
12321100053,20103,OBA1203,Data Structures & Algorithms,159,B.E. Computer Science and Engineering (ODL),OFFLINE,2,15,62,77,A,END-ODL,PASS,AUC,M
12321100053,20104,OBA1204,Digital Principles & Computer Organization,159,B.E. Computer Science and Engineering (ODL),OFFLINE,2,24,64,88,A+,END-ODL,PASS,AUC,M
12321100053,20105,OBA1205,Object Oriented Programming in Java,159,B.E. Computer Science and Engineering (ODL),OFFLINE,2,19,53,72,A,END-ODL,PASS,AUC,M
12321100053,20106,OBA1206,Data Structures Laboratory,159,B.E. Computer Science and Engineering (ODL),OFFLINE,2,22,51,73,A,END-ODL,PASS,AUC,M
12321100055,20101,OBA1201,Technical English,159,B.E. Computer Science and Engineering (ODL),OFFLINE,2,28,44,72,A,END-ODL,PASS,AUC,M
12321100055,20102,OBA1202,Statistics & Numerical Methods,159,B.E. Computer Science and Engineering (ODL),OFFLINE,2,17,58,75,A,END-ODL,PASS,AUC,M
12321100055,20103,OBA1203,Data Structures & Algorithms,159,B.E. Computer Science and Engineering (ODL),OFFLINE,2,20,25,45,C,END-ODL,PASS,AUC,M
12321100055,20104,OBA1204,Digital Principles & Computer Organization,159,B.E. Computer Science and Engineering (ODL),OFFLINE,2,24,35,59,B,END-ODL,PASS,AUC,M
12321100055,20105,OBA1205,Object Oriented Programming in Java,159,B.E. Computer Science and Engineering (ODL),OFFLINE,2,22,27,49,C,END-ODL,PASS,AUC,M
12321100055,20106,OBA1206,Data Structures Laboratory,159,B.E. Computer Science and Engineering (ODL),OFFLINE,2,19,27,46,C,END-ODL,PASS,AUC,M
12321100056,20101,OBA1201,Technical English,159,B.E. Computer Science and Engineering (ODL),OFFLINE,2,29,50,79,A,END-ODL,PASS,AUC,M
12321100056,20102,OBA1202,Statistics & Numerical Methods,159,B.E. Computer Science and Engineering (ODL),OFFLINE,2,17,43,60,B+,END-ODL,PASS,AUC,M
12321100056,20103,OBA1203,Data Structures & Algorithms,159,B.E. Computer Science and Engineering (ODL),OFFLINE,2,17,65,82,A+,END-ODL,PASS,AUC,M
12321100056,20104,OBA1204,Digital Principles & Computer Organization,159,B.E. Computer Science and Engineering (ODL),OFFLINE,2,28,61,89,A+,END-ODL,PASS,AUC,M
12321100056,20105,OBA1205,Object Oriented Programming in Java,159,B.E. Computer Science and Engineering (ODL),OFFLINE,2,20,50,70,A,END-ODL,PASS,AUC,M
12321100056,20106,OBA1206,Data Structures Laboratory,159,B.E. Computer Science and Engineering (ODL),OFFLINE,2,17,50,67,B+,END-ODL,PASS,AUC,M
12321100057,20101,OBA1201,Technical English,159,B.E. Computer Science and Engineering (ODL),OFFLINE,2,28,51,79,A,END-ODL,PASS,AUC,M
12321100057,20102,OBA1202,Statistics & Numerical Methods,159,B.E. Computer Science and Engineering (ODL),OFFLINE,2,21,62,83,A+,END-ODL,PASS,AUC,M
12321100057,20103,OBA1203,Data Structures & Algorithms,159,B.E. Computer Science and Engineering (ODL),OFFLINE,2,22,49,71,A,END-ODL,PASS,AUC,M
12321100057,20104,OBA1204,Digital Principles & Computer Organization,159,B.E. Computer Science and Engineering (ODL),OFFLINE,2,21,27,48,C,END-ODL,PASS,AUC,M
12321100057,20105,OBA1205,Object Oriented Programming in Java,159,B.E. Computer Science and Engineering (ODL),OFFLINE,2,30,58,88,A+,END-ODL,PASS,AUC,M
12321100057,20106,OBA1206,Data Structures Laboratory,159,B.E. Computer Science and Engineering (ODL),OFFLINE,2,17,29,46,C,END-ODL,PASS,AUC,M
12321100058,20101,OBA1201,Technical English,159,B.E. Computer Science and Engineering (ODL),OFFLINE,2,,,,,END-ODL,CANCELLED,AUC,M
12321100058,20102,OBA1202,Statistics & Numerical Methods,159,B.E. Computer Science and Engineering (ODL),OFFLINE,2,18,55,73,A,END-ODL,PASS,AUC,M
12321100058,20103,OBA1203,Data Structures & Algorithms,159,B.E. Computer Science and Engineering (ODL),OFFLINE,2,23,28,51,B,END-ODL,PASS,AUC,M
12321100058,20104,OBA1204,Digital Principles & Computer Organization,159,B.E. Computer Science and Engineering (ODL),OFFLINE,2,25,25,50,B,END-ODL,PASS,AUC,M
12321100058,20105,OBA1205,Object Oriented Programming in Java,159,B.E. Computer Science and Engineering (ODL),OFFLINE,2,24,60,84,A+,END-ODL,PASS,AUC,M
12321100058,20106,OBA1206,Data Structures Laboratory,159,B.E. Computer Science and Engineering (ODL),OFFLINE,2,30,39,69,B+,END-ODL,PASS,AUC,M
12321100059,20101,OBA1201,Technical English,159,B.E. Computer Science and Engineering (ODL),OFFLINE,2,28,57,85,A+,END-ODL,PASS,AUC,M
12321100059,20102,OBA1202,Statistics & Numerical Methods,159,B.E. Computer Science and Engineering (ODL),OFFLINE,2,23,41,64,B+,END-ODL,PASS,AUC,M
12321100059,20103,OBA1203,Data Structures & Algorithms,159,B.E. Computer Science and Engineering (ODL),OFFLINE,2,15,41,56,B,END-ODL,PASS,AUC,M
12321100059,20104,OBA1204,Digital Principles & Computer Organization,159,B.E. Computer Science and Engineering (ODL),OFFLINE,2,22,25,47,C,END-ODL,PASS,AUC,M
12321100059,20105,OBA1205,Object Oriented Programming in Java,159,B.E. Computer Science and Engineering (ODL),OFFLINE,2,21,40,61,B+,END-ODL,PASS,AUC,M
12321100059,20106,OBA1206,Data Structures Laboratory,159,B.E. Computer Science and Engineering (ODL),OFFLINE,2,28,58,86,A+,END-ODL,PASS,AUC,M
12321100060,20101,OBA1201,Technical English,159,B.E. Computer Science and Engineering (ODL),OFFLINE,2,15,47,62,B+,END-ODL,PASS,AUC,M
12321100060,20102,OBA1202,Statistics & Numerical Methods,159,B.E. Computer Science and Engineering (ODL),OFFLINE,2,22,44,66,B+,END-ODL,PASS,AUC,M
12321100060,20103,OBA1203,Data Structures & Algorithms,159,B.E. Computer Science and Engineering (ODL),OFFLINE,2,27,37,64,B+,END-ODL,PASS,AUC,M
12321100060,20104,OBA1204,Digital Principles & Computer Organization,159,B.E. Computer Science and Engineering (ODL),OFFLINE,2,30,57,87,A+,END-ODL,PASS,AUC,M
12321100060,20105,OBA1205,Object Oriented Programming in Java,159,B.E. Computer Science and Engineering (ODL),OFFLINE,2,26,33,59,B,END-ODL,PASS,AUC,M
12321100060,20106,OBA1206,Data Structures Laboratory,159,B.E. Computer Science and Engineering (ODL),OFFLINE,2,30,46,76,A,END-ODL,PASS,AUC,M
12321100061,20101,OBA1201,Technical English,159,B.E. Computer Science and Engineering (ODL),OFFLINE,2,26,38,64,B+,END-ODL,PASS,AUC,M
12321100061,20102,OBA1202,Statistics & Numerical Methods,159,B.E. Computer Science and Engineering (ODL),OFFLINE,2,26,38,64,B+,END-ODL,PASS,AUC,M
12321100061,20103,OBA1203,Data Structures & Algorithms,159,B.E. Computer Science and Engineering (ODL),OFFLINE,2,18,63,81,A+,END-ODL,PASS,AUC,M
12321100061,20104,OBA1204,Digital Principles & Computer Organization,159,B.E. Computer Science and Engineering (ODL),OFFLINE,2,28,25,53,B,END-ODL,PASS,AUC,M
12321100061,20105,OBA1205,Object Oriented Programming in Java,159,B.E. Computer Science and Engineering (ODL),OFFLINE,2,29,36,65,B+,END-ODL,PASS,AUC,M
12321100061,20106,OBA1206,Data Structures Laboratory,159,B.E. Computer Science and Engineering (ODL),OFFLINE,2,21,39,60,B+,END-ODL,PASS,AUC,M
12321100062,20101,OBA1201,Technical English,159,B.E. Computer Science and Engineering (ODL),OFFLINE,2,29,50,79,A,END-ODL,PASS,AUC,M
12321100062,20102,OBA1202,Statistics & Numerical Methods,159,B.E. Computer Science and Engineering (ODL),OFFLINE,2,28,41,69,B+,END-ODL,PASS,AUC,M
12321100062,20103,OBA1203,Data Structures & Algorithms,159,B.E. Computer Science and Engineering (ODL),OFFLINE,2,29,33,62,B+,END-ODL,PASS,AUC,M
12321100062,20104,OBA1204,Digital Principles & Computer Organization,159,B.E. Computer Science and Engineering (ODL),OFFLINE,2,29,47,76,A,END-ODL,PASS,AUC,M
12321100062,20105,OBA1205,Object Oriented Programming in Java,159,B.E. Computer Science and Engineering (ODL),OFFLINE,2,17,36,53,B,END-ODL,PASS,AUC,M
12321100062,20106,OBA1206,Data Structures Laboratory,159,B.E. Computer Science and Engineering (ODL),OFFLINE,2,23,25,48,C,END-ODL,PASS,AUC,M
12321100064,20101,OBA1201,Technical English,159,B.E. Computer Science and Engineering (ODL),OFFLINE,2,17,59,76,A,END-ODL,PASS,AUC,M
12321100064,20102,OBA1202,Statistics & Numerical Methods,159,B.E. Computer Science and Engineering (ODL),OFFLINE,2,15,59,74,A,END-ODL,PASS,AUC,M
12321100064,20103,OBA1203,Data Structures & Algorithms,159,B.E. Computer Science and Engineering (ODL),OFFLINE,2,30,52,82,A+,END-ODL,PASS,AUC,M
12321100064,20104,OBA1204,Digital Principles & Computer Organization,159,B.E. Computer Science and Engineering (ODL),OFFLINE,2,21,44,65,B+,END-ODL,PASS,AUC,M
12321100064,20105,OBA1205,Object Oriented Programming in Java,159,B.E. Computer Science and Engineering (ODL),OFFLINE,2,20,27,47,C,END-ODL,PASS,AUC,M
12321100064,20106,OBA1206,Data Structures Laboratory,159,B.E. Computer Science and Engineering (ODL),OFFLINE,2,26,29,55,B,END-ODL,PASS,AUC,M
12321100065,20101,OBA1201,Technical English,159,B.E. Computer Science and Engineering (ODL),OFFLINE,2,19,54,73,A,END-ODL,PASS,AUC,M
12321100065,20102,OBA1202,Statistics & Numerical Methods,159,B.E. Computer Science and Engineering (ODL),OFFLINE,2,16,30,46,C,END-ODL,PASS,AUC,M
12321100065,20103,OBA1203,Data Structures & Algorithms,159,B.E. Computer Science and Engineering (ODL),OFFLINE,2,,,,,END-ODL,CANCELLED,AUC,M
12321100065,20104,OBA1204,Digital Principles & Computer Organization,159,B.E. Computer Science and Engineering (ODL),OFFLINE,2,17,34,51,B,END-ODL,PASS,AUC,M
12321100065,20105,OBA1205,Object Oriented Programming in Java,159,B.E. Computer Science and Engineering (ODL),OFFLINE,2,29,26,55,B,END-ODL,PASS,AUC,M
12321100065,20106,OBA1206,Data Structures Laboratory,159,B.E. Computer Science and Engineering (ODL),OFFLINE,2,16,62,78,A,END-ODL,PASS,AUC,M
12321100066,20101,OBA1201,Technical English,159,B.E. Computer Science and Engineering (ODL),OFFLINE,2,25,53,78,A,END-ODL,PASS,AUC,M
12321100066,20102,OBA1202,Statistics & Numerical Methods,159,B.E. Computer Science and Engineering (ODL),OFFLINE,2,28,62,90,O,END-ODL,PASS,AUC,M
12321100066,20103,OBA1203,Data Structures & Algorithms,159,B.E. Computer Science and Engineering (ODL),OFFLINE,2,26,48,74,A,END-ODL,PASS,AUC,M
12321100066,20104,OBA1204,Digital Principles & Computer Organization,159,B.E. Computer Science and Engineering (ODL),OFFLINE,2,23,52,75,A,END-ODL,PASS,AUC,M
12321100066,20105,OBA1205,Object Oriented Programming in Java,159,B.E. Computer Science and Engineering (ODL),OFFLINE,2,16,53,69,B+,END-ODL,PASS,AUC,M
12321100066,20106,OBA1206,Data Structures Laboratory,159,B.E. Computer Science and Engineering (ODL),OFFLINE,2,26,37,63,B+,END-ODL,PASS,AUC,M
12321100068,20101,OBA1201,Technical English,159,B.E. Computer Science and Engineering (ODL),OFFLINE,2,15,37,52,B,END-ODL,PASS,AUC,M
12321100068,20102,OBA1202,Statistics & Numerical Methods,159,B.E. Computer Science and Engineering (ODL),OFFLINE,2,16,40,56,B,END-ODL,PASS,AUC,M
12321100068,20103,OBA1203,Data Structures & Algorithms,159,B.E. Computer Science and Engineering (ODL),OFFLINE,2,28,48,76,A,END-ODL,PASS,AUC,M
12321100068,20104,OBA1204,Digital Principles & Computer Organization,159,B.E. Computer Science and Engineering (ODL),OFFLINE,2,20,62,82,A+,END-ODL,PASS,AUC,M
12321100068,20105,OBA1205,Object Oriented Programming in Java,159,B.E. Computer Science and Engineering (ODL),OFFLINE,2,28,53,81,A+,END-ODL,PASS,AUC,M
12321100068,20106,OBA1206,Data Structures Laboratory,159,B.E. Computer Science and Engineering (ODL),OFFLINE,2,18,34,52,B,END-ODL,PASS,AUC,M
12321100069,20101,OBA1201,Technical English,159,B.E. Computer Science and Engineering (ODL),OFFLINE,2,18,39,57,B,END-ODL,PASS,AUC,M
12321100069,20102,OBA1202,Statistics & Numerical Methods,159,B.E. Computer Science and Engineering (ODL),OFFLINE,2,25,28,53,B,END-ODL,PASS,AUC,M
12321100069,20103,OBA1203,Data Structures & Algorithms,159,B.E. Computer Science and Engineering (ODL),OFFLINE,2,27,52,79,A,END-ODL,PASS,AUC,M
12321100069,20104,OBA1204,Digital Principles & Computer Organization,159,B.E. Computer Science and Engineering (ODL),OFFLINE,2,21,51,72,A,END-ODL,PASS,AUC,M
12321100069,20105,OBA1205,Object Oriented Programming in Java,159,B.E. Computer Science and Engineering (ODL),OFFLINE,2,29,65,94,O,END-ODL,PASS,AUC,M
12321100069,20106,OBA1206,Data Structures Laboratory,159,B.E. Computer Science and Engineering (ODL),OFFLINE,2,,,,,END-ODL,CANCELLED,AUC,M
12321100070,20101,OBA1201,Technical English,159,B.E. Computer Science and Engineering (ODL),OFFLINE,2,29,25,54,B,END-ODL,PASS,AUC,M
12321100070,20102,OBA1202,Statistics & Numerical Methods,159,B.E. Computer Science and Engineering (ODL),OFFLINE,2,16,32,48,C,END-ODL,PASS,AUC,M
12321100070,20103,OBA1203,Data Structures & Algorithms,159,B.E. Computer Science and Engineering (ODL),OFFLINE,2,20,58,78,A,END-ODL,PASS,AUC,M
12321100070,20104,OBA1204,Digital Principles & Computer Organization,159,B.E. Computer Science and Engineering (ODL),OFFLINE,2,18,34,52,B,END-ODL,PASS,AUC,M
12321100070,20105,OBA1205,Object Oriented Programming in Java,159,B.E. Computer Science and Engineering (ODL),OFFLINE,2,15,33,48,C,END-ODL,PASS,AUC,M
12321100070,20106,OBA1206,Data Structures Laboratory,159,B.E. Computer Science and Engineering (ODL),OFFLINE,2,18,61,79,A,END-ODL,PASS,AUC,M
12321100071,20101,OBA1201,Technical English,159,B.E. Computer Science and Engineering (ODL),OFFLINE,2,29,61,90,O,END-ODL,PASS,AUC,M
12321100071,20102,OBA1202,Statistics & Numerical Methods,159,B.E. Computer Science and Engineering (ODL),OFFLINE,2,24,34,58,B,END-ODL,PASS,AUC,M
12321100071,20103,OBA1203,Data Structures & Algorithms,159,B.E. Computer Science and Engineering (ODL),OFFLINE,2,30,39,69,B+,END-ODL,PASS,AUC,M
12321100071,20104,OBA1204,Digital Principles & Computer Organization,159,B.E. Computer Science and Engineering (ODL),OFFLINE,2,19,53,72,A,END-ODL,PASS,AUC,M
12321100071,20105,OBA1205,Object Oriented Programming in Java,159,B.E. Computer Science and Engineering (ODL),OFFLINE,2,,,,,END-ODL,CANCELLED,AUC,M
12321100071,20106,OBA1206,Data Structures Laboratory,159,B.E. Computer Science and Engineering (ODL),OFFLINE,2,19,60,79,A,END-ODL,PASS,AUC,M
12321100072,20101,OBA1201,Technical English,159,B.E. Computer Science and Engineering (ODL),OFFLINE,2,26,45,71,A,END-ODL,PASS,AUC,M
12321100072,20102,OBA1202,Statistics & Numerical Methods,159,B.E. Computer Science and Engineering (ODL),OFFLINE,2,30,34,64,B+,END-ODL,PASS,AUC,M
12321100072,20103,OBA1203,Data Structures & Algorithms,159,B.E. Computer Science and Engineering (ODL),OFFLINE,2,20,58,78,A,END-ODL,PASS,AUC,M
12321100072,20104,OBA1204,Digital Principles & Computer Organization,159,B.E. Computer Science and Engineering (ODL),OFFLINE,2,27,33,60,B+,END-ODL,PASS,AUC,M
12321100072,20105,OBA1205,Object Oriented Programming in Java,159,B.E. Computer Science and Engineering (ODL),OFFLINE,2,,,,,END-ODL,CANCELLED,AUC,M
12321100072,20106,OBA1206,Data Structures Laboratory,159,B.E. Computer Science and Engineering (ODL),OFFLINE,2,15,57,72,A,END-ODL,PASS,AUC,M
12321100073,20101,OBA1201,Technical English,159,B.E. Computer Science and Engineering (ODL),OFFLINE,2,18,29,47,C,END-ODL,PASS,AUC,M
12321100073,20102,OBA1202,Statistics & Numerical Methods,159,B.E. Computer Science and Engineering (ODL),OFFLINE,2,27,40,67,B+,END-ODL,PASS,AUC,M
12321100073,20103,OBA1203,Data Structures & Algorithms,159,B.E. Computer Science and Engineering (ODL),OFFLINE,2,15,30,45,C,END-ODL,PASS,AUC,M
12321100073,20104,OBA1204,Digital Principles & Computer Organization,159,B.E. Computer Science and Engineering (ODL),OFFLINE,2,20,63,83,A+,END-ODL,PASS,AUC,M
12321100073,20105,OBA1205,Object Oriented Programming in Java,159,B.E. Computer Science and Engineering (ODL),OFFLINE,2,20,54,74,A,END-ODL,PASS,AUC,M
12321100073,20106,OBA1206,Data Structures Laboratory,159,B.E. Computer Science and Engineering (ODL),OFFLINE,2,,,,,END-ODL,CANCELLED,AUC,M
12321100074,20101,OBA1201,Technical English,159,B.E. Computer Science and Engineering (ODL),OFFLINE,2,30,40,70,A,END-ODL,PASS,AUC,M
12321100074,20102,OBA1202,Statistics & Numerical Methods,159,B.E. Computer Science and Engineering (ODL),OFFLINE,2,17,27,44,C,END-ODL,PASS,AUC,M
12321100074,20103,OBA1203,Data Structures & Algorithms,159,B.E. Computer Science and Engineering (ODL),OFFLINE,2,,,,,END-ODL,CANCELLED,AUC,M
12321100074,20104,OBA1204,Digital Principles & Computer Organization,159,B.E. Computer Science and Engineering (ODL),OFFLINE,2,25,57,82,A+,END-ODL,PASS,AUC,M
12321100074,20105,OBA1205,Object Oriented Programming in Java,159,B.E. Computer Science and Engineering (ODL),OFFLINE,2,24,51,75,A,END-ODL,PASS,AUC,M
12321100074,20106,OBA1206,Data Structures Laboratory,159,B.E. Computer Science and Engineering (ODL),OFFLINE,2,27,62,89,A+,END-ODL,PASS,AUC,M
12321100075,20101,OBA1201,Technical English,159,B.E. Computer Science and Engineering (ODL),OFFLINE,2,17,54,71,A,END-ODL,PASS,AUC,M
12321100075,20102,OBA1202,Statistics & Numerical Methods,159,B.E. Computer Science and Engineering (ODL),OFFLINE,2,18,50,68,B+,END-ODL,PASS,AUC,M
12321100075,20103,OBA1203,Data Structures & Algorithms,159,B.E. Computer Science and Engineering (ODL),OFFLINE,2,27,47,74,A,END-ODL,PASS,AUC,M
12321100075,20104,OBA1204,Digital Principles & Computer Organization,159,B.E. Computer Science and Engineering (ODL),OFFLINE,2,22,54,76,A,END-ODL,PASS,AUC,M
12321100075,20105,OBA1205,Object Oriented Programming in Java,159,B.E. Computer Science and Engineering (ODL),OFFLINE,2,20,50,70,A,END-ODL,PASS,AUC,M
12321100075,20106,OBA1206,Data Structures Laboratory,159,B.E. Computer Science and Engineering (ODL),OFFLINE,2,26,61,87,A+,END-ODL,PASS,AUC,M
12321100076,20101,OBA1201,Technical English,159,B.E. Computer Science and Engineering (ODL),OFFLINE,2,21,56,77,A,END-ODL,PASS,AUC,M
12321100076,20102,OBA1202,Statistics & Numerical Methods,159,B.E. Computer Science and Engineering (ODL),OFFLINE,2,27,44,71,A,END-ODL,PASS,AUC,M
12321100076,20103,OBA1203,Data Structures & Algorithms,159,B.E. Computer Science and Engineering (ODL),OFFLINE,2,24,54,78,A,END-ODL,PASS,AUC,M
12321100076,20104,OBA1204,Digital Principles & Computer Organization,159,B.E. Computer Science and Engineering (ODL),OFFLINE,2,24,39,63,B+,END-ODL,PASS,AUC,M
12321100076,20105,OBA1205,Object Oriented Programming in Java,159,B.E. Computer Science and Engineering (ODL),OFFLINE,2,29,42,71,A,END-ODL,PASS,AUC,M
12321100076,20106,OBA1206,Data Structures Laboratory,159,B.E. Computer Science and Engineering (ODL),OFFLINE,2,22,39,61,B+,END-ODL,PASS,AUC,M
12321100079,20101,OBA1201,Technical English,159,B.E. Computer Science and Engineering (ODL),OFFLINE,2,17,35,52,B,END-ODL,PASS,AUC,M
12321100079,20102,OBA1202,Statistics & Numerical Methods,159,B.E. Computer Science and Engineering (ODL),OFFLINE,2,22,46,68,B+,END-ODL,PASS,AUC,M
12321100079,20103,OBA1203,Data Structures & Algorithms,159,B.E. Computer Science and Engineering (ODL),OFFLINE,2,20,65,85,A+,END-ODL,PASS,AUC,M
12321100079,20104,OBA1204,Digital Principles & Computer Organization,159,B.E. Computer Science and Engineering (ODL),OFFLINE,2,22,32,54,B,END-ODL,PASS,AUC,M
12321100079,20105,OBA1205,Object Oriented Programming in Java,159,B.E. Computer Science and Engineering (ODL),OFFLINE,2,19,36,55,B,END-ODL,PASS,AUC,M
12321100079,20106,OBA1206,Data Structures Laboratory,159,B.E. Computer Science and Engineering (ODL),OFFLINE,2,30,50,80,A+,END-ODL,PASS,AUC,M
12321100080,20101,OBA1201,Technical English,159,B.E. Computer Science and Engineering (ODL),OFFLINE,2,18,65,83,A+,END-ODL,PASS,AUC,M
12321100080,20102,OBA1202,Statistics & Numerical Methods,159,B.E. Computer Science and Engineering (ODL),OFFLINE,2,24,55,79,A,END-ODL,PASS,AUC,M
12321100080,20103,OBA1203,Data Structures & Algorithms,159,B.E. Computer Science and Engineering (ODL),OFFLINE,2,25,54,79,A,END-ODL,PASS,AUC,M
12321100080,20104,OBA1204,Digital Principles & Computer Organization,159,B.E. Computer Science and Engineering (ODL),OFFLINE,2,18,60,78,A,END-ODL,PASS,AUC,M
12321100080,20105,OBA1205,Object Oriented Programming in Java,159,B.E. Computer Science and Engineering (ODL),OFFLINE,2,27,49,76,A,END-ODL,PASS,AUC,M
12321100080,20106,OBA1206,Data Structures Laboratory,159,B.E. Computer Science and Engineering (ODL),OFFLINE,2,23,40,63,B+,END-ODL,PASS,AUC,M
12321100081,20101,OBA1201,Technical English,159,B.E. Computer Science and Engineering (ODL),OFFLINE,2,28,45,73,A,END-ODL,PASS,AUC,M
12321100081,20102,OBA1202,Statistics & Numerical Methods,159,B.E. Computer Science and Engineering (ODL),OFFLINE,2,21,41,62,B+,END-ODL,PASS,AUC,M
12321100081,20103,OBA1203,Data Structures & Algorithms,159,B.E. Computer Science and Engineering (ODL),OFFLINE,2,30,56,86,A+,END-ODL,PASS,AUC,M
12321100081,20104,OBA1204,Digital Principles & Computer Organization,159,B.E. Computer Science and Engineering (ODL),OFFLINE,2,28,51,79,A,END-ODL,PASS,AUC,M
12321100081,20105,OBA1205,Object Oriented Programming in Java,159,B.E. Computer Science and Engineering (ODL),OFFLINE,2,19,58,77,A,END-ODL,PASS,AUC,M
12321100081,20106,OBA1206,Data Structures Laboratory,159,B.E. Computer Science and Engineering (ODL),OFFLINE,2,18,26,44,C,END-ODL,PASS,AUC,M
12321100082,20101,OBA1201,Technical English,159,B.E. Computer Science and Engineering (ODL),OFFLINE,2,26,48,74,A,END-ODL,PASS,AUC,M
12321100082,20102,OBA1202,Statistics & Numerical Methods,159,B.E. Computer Science and Engineering (ODL),OFFLINE,2,21,60,81,A+,END-ODL,PASS,AUC,M
12321100082,20103,OBA1203,Data Structures & Algorithms,159,B.E. Computer Science and Engineering (ODL),OFFLINE,2,26,28,54,B,END-ODL,PASS,AUC,M
12321100082,20104,OBA1204,Digital Principles & Computer Organization,159,B.E. Computer Science and Engineering (ODL),OFFLINE,2,20,60,80,A+,END-ODL,PASS,AUC,M
12321100082,20105,OBA1205,Object Oriented Programming in Java,159,B.E. Computer Science and Engineering (ODL),OFFLINE,2,27,26,53,B,END-ODL,PASS,AUC,M
12321100082,20106,OBA1206,Data Structures Laboratory,159,B.E. Computer Science and Engineering (ODL),OFFLINE,2,16,63,79,A,END-ODL,PASS,AUC,M
12321100084,20101,OBA1201,Technical English,159,B.E. Computer Science and Engineering (ODL),OFFLINE,2,27,56,83,A+,END-ODL,PASS,AUC,M
12321100084,20102,OBA1202,Statistics & Numerical Methods,159,B.E. Computer Science and Engineering (ODL),OFFLINE,2,22,41,63,B+,END-ODL,PASS,AUC,M
12321100084,20103,OBA1203,Data Structures & Algorithms,159,B.E. Computer Science and Engineering (ODL),OFFLINE,2,20,38,58,B,END-ODL,PASS,AUC,M
12321100084,20104,OBA1204,Digital Principles & Computer Organization,159,B.E. Computer Science and Engineering (ODL),OFFLINE,2,30,52,82,A+,END-ODL,PASS,AUC,M
12321100084,20105,OBA1205,Object Oriented Programming in Java,159,B.E. Computer Science and Engineering (ODL),OFFLINE,2,16,58,74,A,END-ODL,PASS,AUC,M
12321100084,20106,OBA1206,Data Structures Laboratory,159,B.E. Computer Science and Engineering (ODL),OFFLINE,2,25,65,90,O,END-ODL,PASS,AUC,M
12321100087,20101,OBA1201,Technical English,159,B.E. Computer Science and Engineering (ODL),OFFLINE,2,25,47,72,A,END-ODL,PASS,AUC,M
12321100087,20102,OBA1202,Statistics & Numerical Methods,159,B.E. Computer Science and Engineering (ODL),OFFLINE,2,25,59,84,A+,END-ODL,PASS,AUC,M
12321100087,20103,OBA1203,Data Structures & Algorithms,159,B.E. Computer Science and Engineering (ODL),OFFLINE,2,29,32,61,B+,END-ODL,PASS,AUC,M
12321100087,20104,OBA1204,Digital Principles & Computer Organization,159,B.E. Computer Science and Engineering (ODL),OFFLINE,2,21,63,84,A+,END-ODL,PASS,AUC,M
12321100087,20105,OBA1205,Object Oriented Programming in Java,159,B.E. Computer Science and Engineering (ODL),OFFLINE,2,18,59,77,A,END-ODL,PASS,AUC,M
12321100087,20106,OBA1206,Data Structures Laboratory,159,B.E. Computer Science and Engineering (ODL),OFFLINE,2,26,34,60,B+,END-ODL,PASS,AUC,M
12321100088,20101,OBA1201,Technical English,159,B.E. Computer Science and Engineering (ODL),OFFLINE,2,15,51,66,B+,END-ODL,PASS,AUC,M
12321100088,20102,OBA1202,Statistics & Numerical Methods,159,B.E. Computer Science and Engineering (ODL),OFFLINE,2,28,62,90,O,END-ODL,PASS,AUC,M
12321100088,20103,OBA1203,Data Structures & Algorithms,159,B.E. Computer Science and Engineering (ODL),OFFLINE,2,28,33,61,B+,END-ODL,PASS,AUC,M
12321100088,20104,OBA1204,Digital Principles & Computer Organization,159,B.E. Computer Science and Engineering (ODL),OFFLINE,2,20,34,54,B,END-ODL,PASS,AUC,M
12321100088,20105,OBA1205,Object Oriented Programming in Java,159,B.E. Computer Science and Engineering (ODL),OFFLINE,2,22,57,79,A,END-ODL,PASS,AUC,M
12321100088,20106,OBA1206,Data Structures Laboratory,159,B.E. Computer Science and Engineering (ODL),OFFLINE,2,23,49,72,A,END-ODL,PASS,AUC,M
12321100089,20101,OBA1201,Technical English,159,B.E. Computer Science and Engineering (ODL),OFFLINE,2,21,46,67,B+,END-ODL,PASS,AUC,M
12321100089,20102,OBA1202,Statistics & Numerical Methods,159,B.E. Computer Science and Engineering (ODL),OFFLINE,2,24,64,88,A+,END-ODL,PASS,AUC,M
12321100089,20103,OBA1203,Data Structures & Algorithms,159,B.E. Computer Science and Engineering (ODL),OFFLINE,2,25,61,86,A+,END-ODL,PASS,AUC,M
12321100089,20104,OBA1204,Digital Principles & Computer Organization,159,B.E. Computer Science and Engineering (ODL),OFFLINE,2,30,30,60,B+,END-ODL,PASS,AUC,M
12321100089,20105,OBA1205,Object Oriented Programming in Java,159,B.E. Computer Science and Engineering (ODL),OFFLINE,2,27,62,89,A+,END-ODL,PASS,AUC,M
12321100089,20106,OBA1206,Data Structures Laboratory,159,B.E. Computer Science and Engineering (ODL),OFFLINE,2,15,36,51,B,END-ODL,PASS,AUC,M
12321100090,20101,OBA1201,Technical English,159,B.E. Computer Science and Engineering (ODL),OFFLINE,2,30,26,56,B,END-ODL,PASS,AUC,M
12321100090,20102,OBA1202,Statistics & Numerical Methods,159,B.E. Computer Science and Engineering (ODL),OFFLINE,2,20,45,65,B+,END-ODL,PASS,AUC,M
12321100090,20103,OBA1203,Data Structures & Algorithms,159,B.E. Computer Science and Engineering (ODL),OFFLINE,2,17,55,72,A,END-ODL,PASS,AUC,M
12321100090,20104,OBA1204,Digital Principles & Computer Organization,159,B.E. Computer Science and Engineering (ODL),OFFLINE,2,30,27,57,B,END-ODL,PASS,AUC,M
12321100090,20105,OBA1205,Object Oriented Programming in Java,159,B.E. Computer Science and Engineering (ODL),OFFLINE,2,15,51,66,B+,END-ODL,PASS,AUC,M
12321100090,20106,OBA1206,Data Structures Laboratory,159,B.E. Computer Science and Engineering (ODL),OFFLINE,2,24,60,84,A+,END-ODL,PASS,AUC,M
12321100091,20101,OBA1201,Technical English,159,B.E. Computer Science and Engineering (ODL),OFFLINE,2,28,31,59,B,END-ODL,PASS,AUC,M
12321100091,20102,OBA1202,Statistics & Numerical Methods,159,B.E. Computer Science and Engineering (ODL),OFFLINE,2,28,30,58,B,END-ODL,PASS,AUC,M
12321100091,20103,OBA1203,Data Structures & Algorithms,159,B.E. Computer Science and Engineering (ODL),OFFLINE,2,17,49,66,B+,END-ODL,PASS,AUC,M
12321100091,20104,OBA1204,Digital Principles & Computer Organization,159,B.E. Computer Science and Engineering (ODL),OFFLINE,2,17,35,52,B,END-ODL,PASS,AUC,M
12321100091,20105,OBA1205,Object Oriented Programming in Java,159,B.E. Computer Science and Engineering (ODL),OFFLINE,2,16,61,77,A,END-ODL,PASS,AUC,M
12321100091,20106,OBA1206,Data Structures Laboratory,159,B.E. Computer Science and Engineering (ODL),OFFLINE,2,27,62,89,A+,END-ODL,PASS,AUC,M
12321100092,20101,OBA1201,Technical English,159,B.E. Computer Science and Engineering (ODL),OFFLINE,2,24,33,57,B,END-ODL,PASS,AUC,M
12321100092,20102,OBA1202,Statistics & Numerical Methods,159,B.E. Computer Science and Engineering (ODL),OFFLINE,2,22,51,73,A,END-ODL,PASS,AUC,M
12321100092,20103,OBA1203,Data Structures & Algorithms,159,B.E. Computer Science and Engineering (ODL),OFFLINE,2,,,,,END-ODL,CANCELLED,AUC,M
12321100092,20104,OBA1204,Digital Principles & Computer Organization,159,B.E. Computer Science and Engineering (ODL),OFFLINE,2,28,44,72,A,END-ODL,PASS,AUC,M
12321100092,20105,OBA1205,Object Oriented Programming in Java,159,B.E. Computer Science and Engineering (ODL),OFFLINE,2,26,27,53,B,END-ODL,PASS,AUC,M
12321100092,20106,OBA1206,Data Structures Laboratory,159,B.E. Computer Science and Engineering (ODL),OFFLINE,2,18,56,74,A,END-ODL,PASS,AUC,M
12321100094,20101,OBA1201,Technical English,159,B.E. Computer Science and Engineering (ODL),OFFLINE,2,18,50,68,B+,END-ODL,PASS,AUC,M
12321100094,20102,OBA1202,Statistics & Numerical Methods,159,B.E. Computer Science and Engineering (ODL),OFFLINE,2,22,27,49,C,END-ODL,PASS,AUC,M
12321100094,20103,OBA1203,Data Structures & Algorithms,159,B.E. Computer Science and Engineering (ODL),OFFLINE,2,27,52,79,A,END-ODL,PASS,AUC,M
12321100094,20104,OBA1204,Digital Principles & Computer Organization,159,B.E. Computer Science and Engineering (ODL),OFFLINE,2,27,60,87,A+,END-ODL,PASS,AUC,M
12321100094,20105,OBA1205,Object Oriented Programming in Java,159,B.E. Computer Science and Engineering (ODL),OFFLINE,2,21,51,72,A,END-ODL,PASS,AUC,M
12321100094,20106,OBA1206,Data Structures Laboratory,159,B.E. Computer Science and Engineering (ODL),OFFLINE,2,26,35,61,B+,END-ODL,PASS,AUC,M
12321100095,20101,OBA1201,Technical English,159,B.E. Computer Science and Engineering (ODL),OFFLINE,2,16,60,76,A,END-ODL,PASS,AUC,M
12321100095,20102,OBA1202,Statistics & Numerical Methods,159,B.E. Computer Science and Engineering (ODL),OFFLINE,2,17,36,53,B,END-ODL,PASS,AUC,M
12321100095,20103,OBA1203,Data Structures & Algorithms,159,B.E. Computer Science and Engineering (ODL),OFFLINE,2,22,46,68,B+,END-ODL,PASS,AUC,M
12321100095,20104,OBA1204,Digital Principles & Computer Organization,159,B.E. Computer Science and Engineering (ODL),OFFLINE,2,21,45,66,B+,END-ODL,PASS,AUC,M
12321100095,20105,OBA1205,Object Oriented Programming in Java,159,B.E. Computer Science and Engineering (ODL),OFFLINE,2,15,56,71,A,END-ODL,PASS,AUC,M
12321100095,20106,OBA1206,Data Structures Laboratory,159,B.E. Computer Science and Engineering (ODL),OFFLINE,2,20,33,53,B,END-ODL,PASS,AUC,M
12321100096,20101,OBA1201,Technical English,159,B.E. Computer Science and Engineering (ODL),OFFLINE,2,28,32,60,B+,END-ODL,PASS,AUC,M
12321100096,20102,OBA1202,Statistics & Numerical Methods,159,B.E. Computer Science and Engineering (ODL),OFFLINE,2,27,50,77,A,END-ODL,PASS,AUC,M
12321100096,20103,OBA1203,Data Structures & Algorithms,159,B.E. Computer Science and Engineering (ODL),OFFLINE,2,16,27,43,C,END-ODL,PASS,AUC,M
12321100096,20104,OBA1204,Digital Principles & Computer Organization,159,B.E. Computer Science and Engineering (ODL),OFFLINE,2,28,35,63,B+,END-ODL,PASS,AUC,M
12321100096,20105,OBA1205,Object Oriented Programming in Java,159,B.E. Computer Science and Engineering (ODL),OFFLINE,2,22,26,48,C,END-ODL,PASS,AUC,M
12321100096,20106,OBA1206,Data Structures Laboratory,159,B.E. Computer Science and Engineering (ODL),OFFLINE,2,24,63,87,A+,END-ODL,PASS,AUC,M
12321100097,20101,OBA1201,Technical English,159,B.E. Computer Science and Engineering (ODL),OFFLINE,2,19,50,69,B+,END-ODL,PASS,AUC,M
12321100097,20102,OBA1202,Statistics & Numerical Methods,159,B.E. Computer Science and Engineering (ODL),OFFLINE,2,18,48,66,B+,END-ODL,PASS,AUC,M
12321100097,20103,OBA1203,Data Structures & Algorithms,159,B.E. Computer Science and Engineering (ODL),OFFLINE,2,22,26,48,C,END-ODL,PASS,AUC,M
12321100097,20104,OBA1204,Digital Principles & Computer Organization,159,B.E. Computer Science and Engineering (ODL),OFFLINE,2,15,49,64,B+,END-ODL,PASS,AUC,M
12321100097,20105,OBA1205,Object Oriented Programming in Java,159,B.E. Computer Science and Engineering (ODL),OFFLINE,2,30,50,80,A+,END-ODL,PASS,AUC,M
12321100097,20106,OBA1206,Data Structures Laboratory,159,B.E. Computer Science and Engineering (ODL),OFFLINE,2,29,33,62,B+,END-ODL,PASS,AUC,M
12321100098,20101,OBA1201,Technical English,159,B.E. Computer Science and Engineering (ODL),OFFLINE,2,30,52,82,A+,END-ODL,PASS,AUC,M
12321100098,20102,OBA1202,Statistics & Numerical Methods,159,B.E. Computer Science and Engineering (ODL),OFFLINE,2,18,39,57,B,END-ODL,PASS,AUC,M
12321100098,20103,OBA1203,Data Structures & Algorithms,159,B.E. Computer Science and Engineering (ODL),OFFLINE,2,25,54,79,A,END-ODL,PASS,AUC,M
12321100098,20104,OBA1204,Digital Principles & Computer Organization,159,B.E. Computer Science and Engineering (ODL),OFFLINE,2,20,55,75,A,END-ODL,PASS,AUC,M
12321100098,20105,OBA1205,Object Oriented Programming in Java,159,B.E. Computer Science and Engineering (ODL),OFFLINE,2,28,28,56,B,END-ODL,PASS,AUC,M
12321100098,20106,OBA1206,Data Structures Laboratory,159,B.E. Computer Science and Engineering (ODL),OFFLINE,2,25,52,77,A,END-ODL,PASS,AUC,M
12321100099,20101,OBA1201,Technical English,159,B.E. Computer Science and Engineering (ODL),OFFLINE,2,17,65,82,A+,END-ODL,PASS,AUC,M
12321100099,20102,OBA1202,Statistics & Numerical Methods,159,B.E. Computer Science and Engineering (ODL),OFFLINE,2,27,65,92,O,END-ODL,PASS,AUC,M
12321100099,20103,OBA1203,Data Structures & Algorithms,159,B.E. Computer Science and Engineering (ODL),OFFLINE,2,22,38,60,B+,END-ODL,PASS,AUC,M
12321100099,20104,OBA1204,Digital Principles & Computer Organization,159,B.E. Computer Science and Engineering (ODL),OFFLINE,2,28,40,68,B+,END-ODL,PASS,AUC,M
12321100099,20105,OBA1205,Object Oriented Programming in Java,159,B.E. Computer Science and Engineering (ODL),OFFLINE,2,22,30,52,B,END-ODL,PASS,AUC,M
12321100099,20106,OBA1206,Data Structures Laboratory,159,B.E. Computer Science and Engineering (ODL),OFFLINE,2,30,42,72,A,END-ODL,PASS,AUC,M
12321100101,20101,OBA1201,Technical English,159,B.E. Computer Science and Engineering (ODL),OFFLINE,2,,,,,END-ODL,CANCELLED,AUC,M
12321100101,20102,OBA1202,Statistics & Numerical Methods,159,B.E. Computer Science and Engineering (ODL),OFFLINE,2,20,59,79,A,END-ODL,PASS,AUC,M
12321100101,20103,OBA1203,Data Structures & Algorithms,159,B.E. Computer Science and Engineering (ODL),OFFLINE,2,29,32,61,B+,END-ODL,PASS,AUC,M
12321100101,20104,OBA1204,Digital Principles & Computer Organization,159,B.E. Computer Science and Engineering (ODL),OFFLINE,2,19,48,67,B+,END-ODL,PASS,AUC,M
12321100101,20105,OBA1205,Object Oriented Programming in Java,159,B.E. Computer Science and Engineering (ODL),OFFLINE,2,26,46,72,A,END-ODL,PASS,AUC,M
12321100101,20106,OBA1206,Data Structures Laboratory,159,B.E. Computer Science and Engineering (ODL),OFFLINE,2,23,61,84,A+,END-ODL,PASS,AUC,M
12321100102,20101,OBA1201,Technical English,159,B.E. Computer Science and Engineering (ODL),OFFLINE,2,23,27,50,B,END-ODL,PASS,AUC,M
12321100102,20102,OBA1202,Statistics & Numerical Methods,159,B.E. Computer Science and Engineering (ODL),OFFLINE,2,15,51,66,B+,END-ODL,PASS,AUC,M
12321100102,20103,OBA1203,Data Structures & Algorithms,159,B.E. Computer Science and Engineering (ODL),OFFLINE,2,20,38,58,B,END-ODL,PASS,AUC,M
12321100102,20104,OBA1204,Digital Principles & Computer Organization,159,B.E. Computer Science and Engineering (ODL),OFFLINE,2,30,43,73,A,END-ODL,PASS,AUC,M
12321100102,20105,OBA1205,Object Oriented Programming in Java,159,B.E. Computer Science and Engineering (ODL),OFFLINE,2,30,62,92,O,END-ODL,PASS,AUC,M
12321100102,20106,OBA1206,Data Structures Laboratory,159,B.E. Computer Science and Engineering (ODL),OFFLINE,2,19,54,73,A,END-ODL,PASS,AUC,M
12321100103,20101,OBA1201,Technical English,159,B.E. Computer Science and Engineering (ODL),OFFLINE,2,22,53,75,A,END-ODL,PASS,AUC,M
12321100103,20102,OBA1202,Statistics & Numerical Methods,159,B.E. Computer Science and Engineering (ODL),OFFLINE,2,20,65,85,A+,END-ODL,PASS,AUC,M
12321100103,20103,OBA1203,Data Structures & Algorithms,159,B.E. Computer Science and Engineering (ODL),OFFLINE,2,28,54,82,A+,END-ODL,PASS,AUC,M
12321100103,20104,OBA1204,Digital Principles & Computer Organization,159,B.E. Computer Science and Engineering (ODL),OFFLINE,2,17,54,71,A,END-ODL,PASS,AUC,M
12321100103,20105,OBA1205,Object Oriented Programming in Java,159,B.E. Computer Science and Engineering (ODL),OFFLINE,2,21,61,82,A+,END-ODL,PASS,AUC,M
12321100103,20106,OBA1206,Data Structures Laboratory,159,B.E. Computer Science and Engineering (ODL),OFFLINE,2,27,56,83,A+,END-ODL,PASS,AUC,M
12321100104,20101,OBA1201,Technical English,159,B.E. Computer Science and Engineering (ODL),OFFLINE,2,18,41,59,B,END-ODL,PASS,AUC,M
12321100104,20102,OBA1202,Statistics & Numerical Methods,159,B.E. Computer Science and Engineering (ODL),OFFLINE,2,24,45,69,B+,END-ODL,PASS,AUC,M
12321100104,20103,OBA1203,Data Structures & Algorithms,159,B.E. Computer Science and Engineering (ODL),OFFLINE,2,15,62,77,A,END-ODL,PASS,AUC,M
12321100104,20104,OBA1204,Digital Principles & Computer Organization,159,B.E. Computer Science and Engineering (ODL),OFFLINE,2,19,63,82,A+,END-ODL,PASS,AUC,M
12321100104,20105,OBA1205,Object Oriented Programming in Java,159,B.E. Computer Science and Engineering (ODL),OFFLINE,2,26,41,67,B+,END-ODL,PASS,AUC,M
12321100104,20106,OBA1206,Data Structures Laboratory,159,B.E. Computer Science and Engineering (ODL),OFFLINE,2,28,55,83,A+,END-ODL,PASS,AUC,M
12321100105,20101,OBA1201,Technical English,159,B.E. Computer Science and Engineering (ODL),OFFLINE,2,25,45,70,A,END-ODL,PASS,AUC,M
12321100105,20102,OBA1202,Statistics & Numerical Methods,159,B.E. Computer Science and Engineering (ODL),OFFLINE,2,29,43,72,A,END-ODL,PASS,AUC,M
12321100105,20103,OBA1203,Data Structures & Algorithms,159,B.E. Computer Science and Engineering (ODL),OFFLINE,2,24,56,80,A+,END-ODL,PASS,AUC,M
12321100105,20104,OBA1204,Digital Principles & Computer Organization,159,B.E. Computer Science and Engineering (ODL),OFFLINE,2,15,64,79,A,END-ODL,PASS,AUC,M
12321100105,20105,OBA1205,Object Oriented Programming in Java,159,B.E. Computer Science and Engineering (ODL),OFFLINE,2,18,37,55,B,END-ODL,PASS,AUC,M
12321100105,20106,OBA1206,Data Structures Laboratory,159,B.E. Computer Science and Engineering (ODL),OFFLINE,2,29,30,59,B,END-ODL,PASS,AUC,M
12321100106,20101,OBA1201,Technical English,159,B.E. Computer Science and Engineering (ODL),OFFLINE,2,27,31,58,B,END-ODL,PASS,AUC,M
12321100106,20102,OBA1202,Statistics & Numerical Methods,159,B.E. Computer Science and Engineering (ODL),OFFLINE,2,26,48,74,A,END-ODL,PASS,AUC,M
12321100106,20103,OBA1203,Data Structures & Algorithms,159,B.E. Computer Science and Engineering (ODL),OFFLINE,2,27,49,76,A,END-ODL,PASS,AUC,M
12321100106,20104,OBA1204,Digital Principles & Computer Organization,159,B.E. Computer Science and Engineering (ODL),OFFLINE,2,28,58,86,A+,END-ODL,PASS,AUC,M
12321100106,20105,OBA1205,Object Oriented Programming in Java,159,B.E. Computer Science and Engineering (ODL),OFFLINE,2,27,55,82,A+,END-ODL,PASS,AUC,M
12321100106,20106,OBA1206,Data Structures Laboratory,159,B.E. Computer Science and Engineering (ODL),OFFLINE,2,29,45,74,A,END-ODL,PASS,AUC,M
12321100107,20101,OBA1201,Technical English,159,B.E. Computer Science and Engineering (ODL),OFFLINE,2,22,40,62,B+,END-ODL,PASS,AUC,M
12321100107,20102,OBA1202,Statistics & Numerical Methods,159,B.E. Computer Science and Engineering (ODL),OFFLINE,2,21,38,59,B,END-ODL,PASS,AUC,M
12321100107,20103,OBA1203,Data Structures & Algorithms,159,B.E. Computer Science and Engineering (ODL),OFFLINE,2,25,53,78,A,END-ODL,PASS,AUC,M
12321100107,20104,OBA1204,Digital Principles & Computer Organization,159,B.E. Computer Science and Engineering (ODL),OFFLINE,2,25,41,66,B+,END-ODL,PASS,AUC,M
12321100107,20105,OBA1205,Object Oriented Programming in Java,159,B.E. Computer Science and Engineering (ODL),OFFLINE,2,25,25,50,B,END-ODL,PASS,AUC,M
12321100107,20106,OBA1206,Data Structures Laboratory,159,B.E. Computer Science and Engineering (ODL),OFFLINE,2,24,61,85,A+,END-ODL,PASS,AUC,M
12321100108,20101,OBA1201,Technical English,159,B.E. Computer Science and Engineering (ODL),OFFLINE,2,25,39,64,B+,END-ODL,PASS,AUC,M
12321100108,20102,OBA1202,Statistics & Numerical Methods,159,B.E. Computer Science and Engineering (ODL),OFFLINE,2,19,47,66,B+,END-ODL,PASS,AUC,M
12321100108,20103,OBA1203,Data Structures & Algorithms,159,B.E. Computer Science and Engineering (ODL),OFFLINE,2,20,58,78,A,END-ODL,PASS,AUC,M
12321100108,20104,OBA1204,Digital Principles & Computer Organization,159,B.E. Computer Science and Engineering (ODL),OFFLINE,2,21,37,58,B,END-ODL,PASS,AUC,M
12321100108,20105,OBA1205,Object Oriented Programming in Java,159,B.E. Computer Science and Engineering (ODL),OFFLINE,2,18,55,73,A,END-ODL,PASS,AUC,M
12321100108,20106,OBA1206,Data Structures Laboratory,159,B.E. Computer Science and Engineering (ODL),OFFLINE,2,20,62,82,A+,END-ODL,PASS,AUC,M
12321100109,20101,OBA1201,Technical English,159,B.E. Computer Science and Engineering (ODL),OFFLINE,2,24,35,59,B,END-ODL,PASS,AUC,M
12321100109,20102,OBA1202,Statistics & Numerical Methods,159,B.E. Computer Science and Engineering (ODL),OFFLINE,2,26,38,64,B+,END-ODL,PASS,AUC,M
12321100109,20103,OBA1203,Data Structures & Algorithms,159,B.E. Computer Science and Engineering (ODL),OFFLINE,2,19,40,59,B,END-ODL,PASS,AUC,M
12321100109,20104,OBA1204,Digital Principles & Computer Organization,159,B.E. Computer Science and Engineering (ODL),OFFLINE,2,24,58,82,A+,END-ODL,PASS,AUC,M
12321100109,20105,OBA1205,Object Oriented Programming in Java,159,B.E. Computer Science and Engineering (ODL),OFFLINE,2,,,,,END-ODL,CANCELLED,AUC,M
12321100109,20106,OBA1206,Data Structures Laboratory,159,B.E. Computer Science and Engineering (ODL),OFFLINE,2,15,48,63,B+,END-ODL,PASS,AUC,M
12321100110,20101,OBA1201,Technical English,159,B.E. Computer Science and Engineering (ODL),OFFLINE,2,26,28,54,B,END-ODL,PASS,AUC,M
12321100110,20102,OBA1202,Statistics & Numerical Methods,159,B.E. Computer Science and Engineering (ODL),OFFLINE,2,25,53,78,A,END-ODL,PASS,AUC,M
12321100110,20103,OBA1203,Data Structures & Algorithms,159,B.E. Computer Science and Engineering (ODL),OFFLINE,2,22,31,53,B,END-ODL,PASS,AUC,M
12321100110,20104,OBA1204,Digital Principles & Computer Organization,159,B.E. Computer Science and Engineering (ODL),OFFLINE,2,29,27,56,B,END-ODL,PASS,AUC,M
12321100110,20105,OBA1205,Object Oriented Programming in Java,159,B.E. Computer Science and Engineering (ODL),OFFLINE,2,24,26,50,B,END-ODL,PASS,AUC,M
12321100110,20106,OBA1206,Data Structures Laboratory,159,B.E. Computer Science and Engineering (ODL),OFFLINE,2,25,44,69,B+,END-ODL,PASS,AUC,M
12321100111,20101,OBA1201,Technical English,159,B.E. Computer Science and Engineering (ODL),OFFLINE,2,15,52,67,B+,END-ODL,PASS,AUC,M
12321100111,20102,OBA1202,Statistics & Numerical Methods,159,B.E. Computer Science and Engineering (ODL),OFFLINE,2,21,60,81,A+,END-ODL,PASS,AUC,M
12321100111,20103,OBA1203,Data Structures & Algorithms,159,B.E. Computer Science and Engineering (ODL),OFFLINE,2,15,37,52,B,END-ODL,PASS,AUC,M
12321100111,20104,OBA1204,Digital Principles & Computer Organization,159,B.E. Computer Science and Engineering (ODL),OFFLINE,2,25,51,76,A,END-ODL,PASS,AUC,M
12321100111,20105,OBA1205,Object Oriented Programming in Java,159,B.E. Computer Science and Engineering (ODL),OFFLINE,2,20,34,54,B,END-ODL,PASS,AUC,M
12321100111,20106,OBA1206,Data Structures Laboratory,159,B.E. Computer Science and Engineering (ODL),OFFLINE,2,15,41,56,B,END-ODL,PASS,AUC,M
12321100112,20101,OBA1201,Technical English,159,B.E. Computer Science and Engineering (ODL),OFFLINE,2,16,62,78,A,END-ODL,PASS,AUC,M
12321100112,20102,OBA1202,Statistics & Numerical Methods,159,B.E. Computer Science and Engineering (ODL),OFFLINE,2,22,38,60,B+,END-ODL,PASS,AUC,M
12321100112,20103,OBA1203,Data Structures & Algorithms,159,B.E. Computer Science and Engineering (ODL),OFFLINE,2,25,38,63,B+,END-ODL,PASS,AUC,M
12321100112,20104,OBA1204,Digital Principles & Computer Organization,159,B.E. Computer Science and Engineering (ODL),OFFLINE,2,20,43,63,B+,END-ODL,PASS,AUC,M
12321100112,20105,OBA1205,Object Oriented Programming in Java,159,B.E. Computer Science and Engineering (ODL),OFFLINE,2,21,34,55,B,END-ODL,PASS,AUC,M
12321100112,20106,OBA1206,Data Structures Laboratory,159,B.E. Computer Science and Engineering (ODL),OFFLINE,2,17,29,46,C,END-ODL,PASS,AUC,M
12321100113,20101,OBA1201,Technical English,159,B.E. Computer Science and Engineering (ODL),OFFLINE,2,16,58,74,A,END-ODL,PASS,AUC,M
12321100113,20102,OBA1202,Statistics & Numerical Methods,159,B.E. Computer Science and Engineering (ODL),OFFLINE,2,18,46,64,B+,END-ODL,PASS,AUC,M
12321100113,20103,OBA1203,Data Structures & Algorithms,159,B.E. Computer Science and Engineering (ODL),OFFLINE,2,18,42,60,B+,END-ODL,PASS,AUC,M
12321100113,20104,OBA1204,Digital Principles & Computer Organization,159,B.E. Computer Science and Engineering (ODL),OFFLINE,2,22,53,75,A,END-ODL,PASS,AUC,M
12321100113,20105,OBA1205,Object Oriented Programming in Java,159,B.E. Computer Science and Engineering (ODL),OFFLINE,2,23,62,85,A+,END-ODL,PASS,AUC,M
12321100113,20106,OBA1206,Data Structures Laboratory,159,B.E. Computer Science and Engineering (ODL),OFFLINE,2,28,58,86,A+,END-ODL,PASS,AUC,M
12321100114,20101,OBA1201,Technical English,159,B.E. Computer Science and Engineering (ODL),OFFLINE,2,,,,,END-ODL,CANCELLED,AUC,M
12321100114,20102,OBA1202,Statistics & Numerical Methods,159,B.E. Computer Science and Engineering (ODL),OFFLINE,2,23,56,79,A,END-ODL,PASS,AUC,M
12321100114,20103,OBA1203,Data Structures & Algorithms,159,B.E. Computer Science and Engineering (ODL),OFFLINE,2,24,65,89,A+,END-ODL,PASS,AUC,M
12321100114,20104,OBA1204,Digital Principles & Computer Organization,159,B.E. Computer Science and Engineering (ODL),OFFLINE,2,29,38,67,B+,END-ODL,PASS,AUC,M
12321100114,20105,OBA1205,Object Oriented Programming in Java,159,B.E. Computer Science and Engineering (ODL),OFFLINE,2,30,31,61,B+,END-ODL,PASS,AUC,M
12321100114,20106,OBA1206,Data Structures Laboratory,159,B.E. Computer Science and Engineering (ODL),OFFLINE,2,17,36,53,B,END-ODL,PASS,AUC,M
12321100115,20101,OBA1201,Technical English,159,B.E. Computer Science and Engineering (ODL),OFFLINE,2,20,31,51,B,END-ODL,PASS,AUC,M
12321100115,20102,OBA1202,Statistics & Numerical Methods,159,B.E. Computer Science and Engineering (ODL),OFFLINE,2,,,,,END-ODL,CANCELLED,AUC,M
12321100115,20103,OBA1203,Data Structures & Algorithms,159,B.E. Computer Science and Engineering (ODL),OFFLINE,2,18,26,44,C,END-ODL,PASS,AUC,M
12321100115,20104,OBA1204,Digital Principles & Computer Organization,159,B.E. Computer Science and Engineering (ODL),OFFLINE,2,20,36,56,B,END-ODL,PASS,AUC,M
12321100115,20105,OBA1205,Object Oriented Programming in Java,159,B.E. Computer Science and Engineering (ODL),OFFLINE,2,30,53,83,A+,END-ODL,PASS,AUC,M
12321100115,20106,OBA1206,Data Structures Laboratory,159,B.E. Computer Science and Engineering (ODL),OFFLINE,2,27,52,79,A,END-ODL,PASS,AUC,M
12321100117,20101,OBA1201,Technical English,159,B.E. Computer Science and Engineering (ODL),OFFLINE,2,25,27,52,B,END-ODL,PASS,AUC,M
12321100117,20102,OBA1202,Statistics & Numerical Methods,159,B.E. Computer Science and Engineering (ODL),OFFLINE,2,30,38,68,B+,END-ODL,PASS,AUC,M
12321100117,20103,OBA1203,Data Structures & Algorithms,159,B.E. Computer Science and Engineering (ODL),OFFLINE,2,19,36,55,B,END-ODL,PASS,AUC,M
12321100117,20104,OBA1204,Digital Principles & Computer Organization,159,B.E. Computer Science and Engineering (ODL),OFFLINE,2,,,,,END-ODL,CANCELLED,AUC,M
12321100117,20105,OBA1205,Object Oriented Programming in Java,159,B.E. Computer Science and Engineering (ODL),OFFLINE,2,22,45,67,B+,END-ODL,PASS,AUC,M
12321100117,20106,OBA1206,Data Structures Laboratory,159,B.E. Computer Science and Engineering (ODL),OFFLINE,2,,,,,END-ODL,CANCELLED,AUC,M
12321100118,20101,OBA1201,Technical English,159,B.E. Computer Science and Engineering (ODL),OFFLINE,2,28,34,62,B+,END-ODL,PASS,AUC,M
12321100118,20102,OBA1202,Statistics & Numerical Methods,159,B.E. Computer Science and Engineering (ODL),OFFLINE,2,24,39,63,B+,END-ODL,PASS,AUC,M
12321100118,20103,OBA1203,Data Structures & Algorithms,159,B.E. Computer Science and Engineering (ODL),OFFLINE,2,19,48,67,B+,END-ODL,PASS,AUC,M
12321100118,20104,OBA1204,Digital Principles & Computer Organization,159,B.E. Computer Science and Engineering (ODL),OFFLINE,2,28,38,66,B+,END-ODL,PASS,AUC,M
12321100118,20105,OBA1205,Object Oriented Programming in Java,159,B.E. Computer Science and Engineering (ODL),OFFLINE,2,20,32,52,B,END-ODL,PASS,AUC,M
12321100118,20106,OBA1206,Data Structures Laboratory,159,B.E. Computer Science and Engineering (ODL),OFFLINE,2,20,43,63,B+,END-ODL,PASS,AUC,M
12321100119,20101,OBA1201,Technical English,159,B.E. Computer Science and Engineering (ODL),OFFLINE,2,29,35,64,B+,END-ODL,PASS,AUC,M
12321100119,20102,OBA1202,Statistics & Numerical Methods,159,B.E. Computer Science and Engineering (ODL),OFFLINE,2,20,42,62,B+,END-ODL,PASS,AUC,M
12321100119,20103,OBA1203,Data Structures & Algorithms,159,B.E. Computer Science and Engineering (ODL),OFFLINE,2,19,54,73,A,END-ODL,PASS,AUC,M
12321100119,20104,OBA1204,Digital Principles & Computer Organization,159,B.E. Computer Science and Engineering (ODL),OFFLINE,2,30,34,64,B+,END-ODL,PASS,AUC,M
12321100119,20105,OBA1205,Object Oriented Programming in Java,159,B.E. Computer Science and Engineering (ODL),OFFLINE,2,30,54,84,A+,END-ODL,PASS,AUC,M
12321100119,20106,OBA1206,Data Structures Laboratory,159,B.E. Computer Science and Engineering (ODL),OFFLINE,2,27,59,86,A+,END-ODL,PASS,AUC,M
12321100121,20101,OBA1201,Technical English,159,B.E. Computer Science and Engineering (ODL),OFFLINE,2,22,42,64,B+,END-ODL,PASS,AUC,M
12321100121,20102,OBA1202,Statistics & Numerical Methods,159,B.E. Computer Science and Engineering (ODL),OFFLINE,2,28,58,86,A+,END-ODL,PASS,AUC,M
12321100121,20103,OBA1203,Data Structures & Algorithms,159,B.E. Computer Science and Engineering (ODL),OFFLINE,2,30,35,65,B+,END-ODL,PASS,AUC,M
12321100121,20104,OBA1204,Digital Principles & Computer Organization,159,B.E. Computer Science and Engineering (ODL),OFFLINE,2,21,39,60,B+,END-ODL,PASS,AUC,M
12321100121,20105,OBA1205,Object Oriented Programming in Java,159,B.E. Computer Science and Engineering (ODL),OFFLINE,2,19,34,53,B,END-ODL,PASS,AUC,M
12321100121,20106,OBA1206,Data Structures Laboratory,159,B.E. Computer Science and Engineering (ODL),OFFLINE,2,20,37,57,B,END-ODL,PASS,AUC,M
12321100122,20101,OBA1201,Technical English,159,B.E. Computer Science and Engineering (ODL),OFFLINE,2,21,50,71,A,END-ODL,PASS,AUC,M
12321100122,20102,OBA1202,Statistics & Numerical Methods,159,B.E. Computer Science and Engineering (ODL),OFFLINE,2,27,36,63,B+,END-ODL,PASS,AUC,M
12321100122,20103,OBA1203,Data Structures & Algorithms,159,B.E. Computer Science and Engineering (ODL),OFFLINE,2,21,43,64,B+,END-ODL,PASS,AUC,M
12321100122,20104,OBA1204,Digital Principles & Computer Organization,159,B.E. Computer Science and Engineering (ODL),OFFLINE,2,26,48,74,A,END-ODL,PASS,AUC,M
12321100122,20105,OBA1205,Object Oriented Programming in Java,159,B.E. Computer Science and Engineering (ODL),OFFLINE,2,24,47,71,A,END-ODL,PASS,AUC,M
12321100122,20106,OBA1206,Data Structures Laboratory,159,B.E. Computer Science and Engineering (ODL),OFFLINE,2,30,49,79,A,END-ODL,PASS,AUC,M
12321100123,20101,OBA1201,Technical English,159,B.E. Computer Science and Engineering (ODL),OFFLINE,2,20,51,71,A,END-ODL,PASS,AUC,M
12321100123,20102,OBA1202,Statistics & Numerical Methods,159,B.E. Computer Science and Engineering (ODL),OFFLINE,2,29,27,56,B,END-ODL,PASS,AUC,M
12321100123,20103,OBA1203,Data Structures & Algorithms,159,B.E. Computer Science and Engineering (ODL),OFFLINE,2,23,30,53,B,END-ODL,PASS,AUC,M
12321100123,20104,OBA1204,Digital Principles & Computer Organization,159,B.E. Computer Science and Engineering (ODL),OFFLINE,2,18,56,74,A,END-ODL,PASS,AUC,M
12321100123,20105,OBA1205,Object Oriented Programming in Java,159,B.E. Computer Science and Engineering (ODL),OFFLINE,2,20,50,70,A,END-ODL,PASS,AUC,M
12321100123,20106,OBA1206,Data Structures Laboratory,159,B.E. Computer Science and Engineering (ODL),OFFLINE,2,29,42,71,A,END-ODL,PASS,AUC,M
12321100125,20101,OBA1201,Technical English,159,B.E. Computer Science and Engineering (ODL),OFFLINE,2,27,37,64,B+,END-ODL,PASS,AUC,M
12321100125,20102,OBA1202,Statistics & Numerical Methods,159,B.E. Computer Science and Engineering (ODL),OFFLINE,2,15,53,68,B+,END-ODL,PASS,AUC,M
12321100125,20103,OBA1203,Data Structures & Algorithms,159,B.E. Computer Science and Engineering (ODL),OFFLINE,2,27,64,91,O,END-ODL,PASS,AUC,M
12321100125,20104,OBA1204,Digital Principles & Computer Organization,159,B.E. Computer Science and Engineering (ODL),OFFLINE,2,23,39,62,B+,END-ODL,PASS,AUC,M
12321100125,20105,OBA1205,Object Oriented Programming in Java,159,B.E. Computer Science and Engineering (ODL),OFFLINE,2,17,47,64,B+,END-ODL,PASS,AUC,M
12321100125,20106,OBA1206,Data Structures Laboratory,159,B.E. Computer Science and Engineering (ODL),OFFLINE,2,17,55,72,A,END-ODL,PASS,AUC,M
12321100126,20101,OBA1201,Technical English,159,B.E. Computer Science and Engineering (ODL),OFFLINE,2,15,36,51,B,END-ODL,PASS,AUC,M
12321100126,20102,OBA1202,Statistics & Numerical Methods,159,B.E. Computer Science and Engineering (ODL),OFFLINE,2,17,62,79,A,END-ODL,PASS,AUC,M
12321100126,20103,OBA1203,Data Structures & Algorithms,159,B.E. Computer Science and Engineering (ODL),OFFLINE,2,26,51,77,A,END-ODL,PASS,AUC,M
12321100126,20104,OBA1204,Digital Principles & Computer Organization,159,B.E. Computer Science and Engineering (ODL),OFFLINE,2,21,44,65,B+,END-ODL,PASS,AUC,M
12321100126,20105,OBA1205,Object Oriented Programming in Java,159,B.E. Computer Science and Engineering (ODL),OFFLINE,2,21,32,53,B,END-ODL,PASS,AUC,M
12321100126,20106,OBA1206,Data Structures Laboratory,159,B.E. Computer Science and Engineering (ODL),OFFLINE,2,30,41,71,A,END-ODL,PASS,AUC,M
12321100127,20101,OBA1201,Technical English,159,B.E. Computer Science and Engineering (ODL),OFFLINE,2,18,61,79,A,END-ODL,PASS,AUC,M
12321100127,20102,OBA1202,Statistics & Numerical Methods,159,B.E. Computer Science and Engineering (ODL),OFFLINE,2,18,36,54,B,END-ODL,PASS,AUC,M
12321100127,20103,OBA1203,Data Structures & Algorithms,159,B.E. Computer Science and Engineering (ODL),OFFLINE,2,22,58,80,A+,END-ODL,PASS,AUC,M
12321100127,20104,OBA1204,Digital Principles & Computer Organization,159,B.E. Computer Science and Engineering (ODL),OFFLINE,2,29,50,79,A,END-ODL,PASS,AUC,M
12321100127,20105,OBA1205,Object Oriented Programming in Java,159,B.E. Computer Science and Engineering (ODL),OFFLINE,2,18,34,52,B,END-ODL,PASS,AUC,M
12321100127,20106,OBA1206,Data Structures Laboratory,159,B.E. Computer Science and Engineering (ODL),OFFLINE,2,27,28,55,B,END-ODL,PASS,AUC,M
12321100128,20101,OBA1201,Technical English,159,B.E. Computer Science and Engineering (ODL),OFFLINE,2,22,35,57,B,END-ODL,PASS,AUC,M
12321100128,20102,OBA1202,Statistics & Numerical Methods,159,B.E. Computer Science and Engineering (ODL),OFFLINE,2,28,31,59,B,END-ODL,PASS,AUC,M
12321100128,20103,OBA1203,Data Structures & Algorithms,159,B.E. Computer Science and Engineering (ODL),OFFLINE,2,22,32,54,B,END-ODL,PASS,AUC,M
12321100128,20104,OBA1204,Digital Principles & Computer Organization,159,B.E. Computer Science and Engineering (ODL),OFFLINE,2,17,28,45,C,END-ODL,PASS,AUC,M
12321100128,20105,OBA1205,Object Oriented Programming in Java,159,B.E. Computer Science and Engineering (ODL),OFFLINE,2,30,62,92,O,END-ODL,PASS,AUC,M
12321100128,20106,OBA1206,Data Structures Laboratory,159,B.E. Computer Science and Engineering (ODL),OFFLINE,2,23,30,53,B,END-ODL,PASS,AUC,M
12321100129,20101,OBA1201,Technical English,159,B.E. Computer Science and Engineering (ODL),OFFLINE,2,27,44,71,A,END-ODL,PASS,AUC,M
12321100129,20102,OBA1202,Statistics & Numerical Methods,159,B.E. Computer Science and Engineering (ODL),OFFLINE,2,26,39,65,B+,END-ODL,PASS,AUC,M
12321100129,20103,OBA1203,Data Structures & Algorithms,159,B.E. Computer Science and Engineering (ODL),OFFLINE,2,16,47,63,B+,END-ODL,PASS,AUC,M
12321100129,20104,OBA1204,Digital Principles & Computer Organization,159,B.E. Computer Science and Engineering (ODL),OFFLINE,2,18,65,83,A+,END-ODL,PASS,AUC,M
12321100129,20105,OBA1205,Object Oriented Programming in Java,159,B.E. Computer Science and Engineering (ODL),OFFLINE,2,24,54,78,A,END-ODL,PASS,AUC,M
12321100129,20106,OBA1206,Data Structures Laboratory,159,B.E. Computer Science and Engineering (ODL),OFFLINE,2,23,38,61,B+,END-ODL,PASS,AUC,M
12321100130,20101,OBA1201,Technical English,159,B.E. Computer Science and Engineering (ODL),OFFLINE,2,22,51,73,A,END-ODL,PASS,AUC,M
12321100130,20102,OBA1202,Statistics & Numerical Methods,159,B.E. Computer Science and Engineering (ODL),OFFLINE,2,16,31,47,C,END-ODL,PASS,AUC,M
12321100130,20103,OBA1203,Data Structures & Algorithms,159,B.E. Computer Science and Engineering (ODL),OFFLINE,2,18,31,49,C,END-ODL,PASS,AUC,M
12321100130,20104,OBA1204,Digital Principles & Computer Organization,159,B.E. Computer Science and Engineering (ODL),OFFLINE,2,21,64,85,A+,END-ODL,PASS,AUC,M
12321100130,20105,OBA1205,Object Oriented Programming in Java,159,B.E. Computer Science and Engineering (ODL),OFFLINE,2,26,49,75,A,END-ODL,PASS,AUC,M
12321100130,20106,OBA1206,Data Structures Laboratory,159,B.E. Computer Science and Engineering (ODL),OFFLINE,2,23,27,50,B,END-ODL,PASS,AUC,M
20242060001,20055,OBA1101,Professional English & Technical Writing,160,B.E. Electronics and Communication Engineering,OFFLINE,1,26,51,77,A,END-ODL,PASS,AUC,M
20242060001,20056,OBA1102,"Matrices, Calculus & Linear Algebra",160,B.E. Electronics and Communication Engineering,OFFLINE,1,24,50,74,A,END-ODL,PASS,AUC,M
20242060001,20057,OBA1103,Engineering Physics & Quantum Mechanics,160,B.E. Electronics and Communication Engineering,OFFLINE,1,,,,,END-ODL,CANCELLED,AUC,M
20242060001,20058,OBA1104,Engineering Chemistry & Material Science,160,B.E. Electronics and Communication Engineering,OFFLINE,1,20,53,73,A,END-ODL,PASS,AUC,M
20242060001,20059,OBA1105,Problem Solving & Python Programming,160,B.E. Electronics and Communication Engineering,OFFLINE,1,19,39,58,B,END-ODL,PASS,AUC,M
20242060001,20060,OBA1106,Engineering Graphics & Modeling,160,B.E. Electronics and Communication Engineering,OFFLINE,1,16,39,55,B,END-ODL,PASS,AUC,M
20242060001,20061,OBA1107,Physics & Chemistry Laboratory,160,B.E. Electronics and Communication Engineering,OFFLINE,1,16,42,58,B,END-ODL,PASS,AUC,M
20242060001,20062,OBA1108,Python Programming Laboratory,160,B.E. Electronics and Communication Engineering,OFFLINE,1,27,36,63,B+,END-ODL,PASS,AUC,M
20242060002,20055,OBA1101,Professional English & Technical Writing,160,B.E. Electronics and Communication Engineering,OFFLINE,1,15,31,46,C,END-ODL,PASS,AUC,M
20242060002,20056,OBA1102,"Matrices, Calculus & Linear Algebra",160,B.E. Electronics and Communication Engineering,OFFLINE,1,21,40,61,B+,END-ODL,PASS,AUC,M
20242060002,20057,OBA1103,Engineering Physics & Quantum Mechanics,160,B.E. Electronics and Communication Engineering,OFFLINE,1,24,41,65,B+,END-ODL,PASS,AUC,M
20242060002,20058,OBA1104,Engineering Chemistry & Material Science,160,B.E. Electronics and Communication Engineering,OFFLINE,1,28,27,55,B,END-ODL,PASS,AUC,M
20242060002,20059,OBA1105,Problem Solving & Python Programming,160,B.E. Electronics and Communication Engineering,OFFLINE,1,27,51,78,A,END-ODL,PASS,AUC,M
20242060002,20060,OBA1106,Engineering Graphics & Modeling,160,B.E. Electronics and Communication Engineering,OFFLINE,1,17,46,63,B+,END-ODL,PASS,AUC,M
20242060002,20061,OBA1107,Physics & Chemistry Laboratory,160,B.E. Electronics and Communication Engineering,OFFLINE,1,17,38,55,B,END-ODL,PASS,AUC,M
20242060002,20062,OBA1108,Python Programming Laboratory,160,B.E. Electronics and Communication Engineering,OFFLINE,1,17,58,75,A,END-ODL,PASS,AUC,M
20242060003,20055,OBA1101,Professional English & Technical Writing,160,B.E. Electronics and Communication Engineering,OFFLINE,1,18,29,47,C,END-ODL,PASS,AUC,M
20242060003,20056,OBA1102,"Matrices, Calculus & Linear Algebra",160,B.E. Electronics and Communication Engineering,OFFLINE,1,,,,,END-ODL,CANCELLED,AUC,M
20242060003,20057,OBA1103,Engineering Physics & Quantum Mechanics,160,B.E. Electronics and Communication Engineering,OFFLINE,1,,,,,END-ODL,CANCELLED,AUC,M
20242060003,20058,OBA1104,Engineering Chemistry & Material Science,160,B.E. Electronics and Communication Engineering,OFFLINE,1,29,45,74,A,END-ODL,PASS,AUC,M
20242060003,20059,OBA1105,Problem Solving & Python Programming,160,B.E. Electronics and Communication Engineering,OFFLINE,1,26,48,74,A,END-ODL,PASS,AUC,M
20242060003,20060,OBA1106,Engineering Graphics & Modeling,160,B.E. Electronics and Communication Engineering,OFFLINE,1,15,63,78,A,END-ODL,PASS,AUC,M
20242060003,20061,OBA1107,Physics & Chemistry Laboratory,160,B.E. Electronics and Communication Engineering,OFFLINE,1,17,46,63,B+,END-ODL,PASS,AUC,M
20242060003,20062,OBA1108,Python Programming Laboratory,160,B.E. Electronics and Communication Engineering,OFFLINE,1,25,57,82,A+,END-ODL,PASS,AUC,M
20242060004,20055,OBA1101,Professional English & Technical Writing,160,B.E. Electronics and Communication Engineering,OFFLINE,1,28,55,83,A+,END-ODL,PASS,AUC,M
20242060004,20056,OBA1102,"Matrices, Calculus & Linear Algebra",160,B.E. Electronics and Communication Engineering,OFFLINE,1,16,57,73,A,END-ODL,PASS,AUC,M
20242060004,20057,OBA1103,Engineering Physics & Quantum Mechanics,160,B.E. Electronics and Communication Engineering,OFFLINE,1,18,35,53,B,END-ODL,PASS,AUC,M
20242060004,20058,OBA1104,Engineering Chemistry & Material Science,160,B.E. Electronics and Communication Engineering,OFFLINE,1,16,34,50,B,END-ODL,PASS,AUC,M
20242060004,20059,OBA1105,Problem Solving & Python Programming,160,B.E. Electronics and Communication Engineering,OFFLINE,1,17,46,63,B+,END-ODL,PASS,AUC,M
20242060004,20060,OBA1106,Engineering Graphics & Modeling,160,B.E. Electronics and Communication Engineering,OFFLINE,1,24,51,75,A,END-ODL,PASS,AUC,M
20242060004,20061,OBA1107,Physics & Chemistry Laboratory,160,B.E. Electronics and Communication Engineering,OFFLINE,1,29,56,85,A+,END-ODL,PASS,AUC,M
20242060004,20062,OBA1108,Python Programming Laboratory,160,B.E. Electronics and Communication Engineering,OFFLINE,1,21,38,59,B,END-ODL,PASS,AUC,M
20242060005,20055,OBA1101,Professional English & Technical Writing,160,B.E. Electronics and Communication Engineering,OFFLINE,1,,,,,END-ODL,CANCELLED,AUC,M
20242060005,20056,OBA1102,"Matrices, Calculus & Linear Algebra",160,B.E. Electronics and Communication Engineering,OFFLINE,1,21,46,67,B+,END-ODL,PASS,AUC,M
20242060005,20057,OBA1103,Engineering Physics & Quantum Mechanics,160,B.E. Electronics and Communication Engineering,OFFLINE,1,29,37,66,B+,END-ODL,PASS,AUC,M
20242060005,20058,OBA1104,Engineering Chemistry & Material Science,160,B.E. Electronics and Communication Engineering,OFFLINE,1,28,43,71,A,END-ODL,PASS,AUC,M
20242060005,20059,OBA1105,Problem Solving & Python Programming,160,B.E. Electronics and Communication Engineering,OFFLINE,1,21,48,69,B+,END-ODL,PASS,AUC,M
20242060005,20060,OBA1106,Engineering Graphics & Modeling,160,B.E. Electronics and Communication Engineering,OFFLINE,1,28,43,71,A,END-ODL,PASS,AUC,M
20242060005,20061,OBA1107,Physics & Chemistry Laboratory,160,B.E. Electronics and Communication Engineering,OFFLINE,1,24,46,70,A,END-ODL,PASS,AUC,M
20242060005,20062,OBA1108,Python Programming Laboratory,160,B.E. Electronics and Communication Engineering,OFFLINE,1,27,52,79,A,END-ODL,PASS,AUC,M
20242060006,20055,OBA1101,Professional English & Technical Writing,160,B.E. Electronics and Communication Engineering,OFFLINE,1,21,37,58,B,END-ODL,PASS,AUC,M
20242060006,20056,OBA1102,"Matrices, Calculus & Linear Algebra",160,B.E. Electronics and Communication Engineering,OFFLINE,1,15,48,63,B+,END-ODL,PASS,AUC,M
20242060006,20057,OBA1103,Engineering Physics & Quantum Mechanics,160,B.E. Electronics and Communication Engineering,OFFLINE,1,22,61,83,A+,END-ODL,PASS,AUC,M
20242060006,20058,OBA1104,Engineering Chemistry & Material Science,160,B.E. Electronics and Communication Engineering,OFFLINE,1,26,63,89,A+,END-ODL,PASS,AUC,M
20242060006,20059,OBA1105,Problem Solving & Python Programming,160,B.E. Electronics and Communication Engineering,OFFLINE,1,17,54,71,A,END-ODL,PASS,AUC,M
20242060006,20060,OBA1106,Engineering Graphics & Modeling,160,B.E. Electronics and Communication Engineering,OFFLINE,1,25,47,72,A,END-ODL,PASS,AUC,M
20242060006,20061,OBA1107,Physics & Chemistry Laboratory,160,B.E. Electronics and Communication Engineering,OFFLINE,1,20,57,77,A,END-ODL,PASS,AUC,M
20242060006,20062,OBA1108,Python Programming Laboratory,160,B.E. Electronics and Communication Engineering,OFFLINE,1,17,26,43,C,END-ODL,PASS,AUC,M
20242060007,20055,OBA1101,Professional English & Technical Writing,160,B.E. Electronics and Communication Engineering,OFFLINE,1,,,,,END-ODL,CANCELLED,AUC,M
20242060007,20056,OBA1102,"Matrices, Calculus & Linear Algebra",160,B.E. Electronics and Communication Engineering,OFFLINE,1,15,62,77,A,END-ODL,PASS,AUC,M
20242060007,20057,OBA1103,Engineering Physics & Quantum Mechanics,160,B.E. Electronics and Communication Engineering,OFFLINE,1,21,38,59,B,END-ODL,PASS,AUC,M
20242060007,20058,OBA1104,Engineering Chemistry & Material Science,160,B.E. Electronics and Communication Engineering,OFFLINE,1,29,28,57,B,END-ODL,PASS,AUC,M
20242060007,20059,OBA1105,Problem Solving & Python Programming,160,B.E. Electronics and Communication Engineering,OFFLINE,1,26,41,67,B+,END-ODL,PASS,AUC,M
20242060007,20060,OBA1106,Engineering Graphics & Modeling,160,B.E. Electronics and Communication Engineering,OFFLINE,1,15,59,74,A,END-ODL,PASS,AUC,M
20242060007,20061,OBA1107,Physics & Chemistry Laboratory,160,B.E. Electronics and Communication Engineering,OFFLINE,1,26,37,63,B+,END-ODL,PASS,AUC,M
20242060007,20062,OBA1108,Python Programming Laboratory,160,B.E. Electronics and Communication Engineering,OFFLINE,1,16,59,75,A,END-ODL,PASS,AUC,M
20242060008,20055,OBA1101,Professional English & Technical Writing,160,B.E. Electronics and Communication Engineering,OFFLINE,1,19,48,67,B+,END-ODL,PASS,AUC,M
20242060008,20056,OBA1102,"Matrices, Calculus & Linear Algebra",160,B.E. Electronics and Communication Engineering,OFFLINE,1,16,32,48,C,END-ODL,PASS,AUC,M
20242060008,20057,OBA1103,Engineering Physics & Quantum Mechanics,160,B.E. Electronics and Communication Engineering,OFFLINE,1,,,,,END-ODL,CANCELLED,AUC,M
20242060008,20058,OBA1104,Engineering Chemistry & Material Science,160,B.E. Electronics and Communication Engineering,OFFLINE,1,21,29,50,B,END-ODL,PASS,AUC,M
20242060008,20059,OBA1105,Problem Solving & Python Programming,160,B.E. Electronics and Communication Engineering,OFFLINE,1,16,65,81,A+,END-ODL,PASS,AUC,M
20242060008,20060,OBA1106,Engineering Graphics & Modeling,160,B.E. Electronics and Communication Engineering,OFFLINE,1,28,39,67,B+,END-ODL,PASS,AUC,M
20242060008,20061,OBA1107,Physics & Chemistry Laboratory,160,B.E. Electronics and Communication Engineering,OFFLINE,1,21,46,67,B+,END-ODL,PASS,AUC,M
20242060008,20062,OBA1108,Python Programming Laboratory,160,B.E. Electronics and Communication Engineering,OFFLINE,1,,,,,END-ODL,CANCELLED,AUC,M
20242060009,20055,OBA1101,Professional English & Technical Writing,160,B.E. Electronics and Communication Engineering,OFFLINE,1,23,48,71,A,END-ODL,PASS,AUC,M
20242060009,20056,OBA1102,"Matrices, Calculus & Linear Algebra",160,B.E. Electronics and Communication Engineering,OFFLINE,1,23,44,67,B+,END-ODL,PASS,AUC,M
20242060009,20057,OBA1103,Engineering Physics & Quantum Mechanics,160,B.E. Electronics and Communication Engineering,OFFLINE,1,27,26,53,B,END-ODL,PASS,AUC,M
20242060009,20058,OBA1104,Engineering Chemistry & Material Science,160,B.E. Electronics and Communication Engineering,OFFLINE,1,25,37,62,B+,END-ODL,PASS,AUC,M
20242060009,20059,OBA1105,Problem Solving & Python Programming,160,B.E. Electronics and Communication Engineering,OFFLINE,1,,,,,END-ODL,CANCELLED,AUC,M
20242060009,20060,OBA1106,Engineering Graphics & Modeling,160,B.E. Electronics and Communication Engineering,OFFLINE,1,26,48,74,A,END-ODL,PASS,AUC,M
20242060009,20061,OBA1107,Physics & Chemistry Laboratory,160,B.E. Electronics and Communication Engineering,OFFLINE,1,17,36,53,B,END-ODL,PASS,AUC,M
20242060009,20062,OBA1108,Python Programming Laboratory,160,B.E. Electronics and Communication Engineering,OFFLINE,1,16,32,48,C,END-ODL,PASS,AUC,M
20242060010,20055,OBA1101,Professional English & Technical Writing,160,B.E. Electronics and Communication Engineering,OFFLINE,1,25,56,81,A+,END-ODL,PASS,AUC,M
20242060010,20056,OBA1102,"Matrices, Calculus & Linear Algebra",160,B.E. Electronics and Communication Engineering,OFFLINE,1,20,60,80,A+,END-ODL,PASS,AUC,M
20242060010,20057,OBA1103,Engineering Physics & Quantum Mechanics,160,B.E. Electronics and Communication Engineering,OFFLINE,1,15,46,61,B+,END-ODL,PASS,AUC,M
20242060010,20058,OBA1104,Engineering Chemistry & Material Science,160,B.E. Electronics and Communication Engineering,OFFLINE,1,24,52,76,A,END-ODL,PASS,AUC,M
20242060010,20059,OBA1105,Problem Solving & Python Programming,160,B.E. Electronics and Communication Engineering,OFFLINE,1,21,61,82,A+,END-ODL,PASS,AUC,M
20242060010,20060,OBA1106,Engineering Graphics & Modeling,160,B.E. Electronics and Communication Engineering,OFFLINE,1,20,45,65,B+,END-ODL,PASS,AUC,M
20242060010,20061,OBA1107,Physics & Chemistry Laboratory,160,B.E. Electronics and Communication Engineering,OFFLINE,1,18,58,76,A,END-ODL,PASS,AUC,M
20242060010,20062,OBA1108,Python Programming Laboratory,160,B.E. Electronics and Communication Engineering,OFFLINE,1,29,30,59,B,END-ODL,PASS,AUC,M
20242060011,20055,OBA1101,Professional English & Technical Writing,160,B.E. Electronics and Communication Engineering,OFFLINE,1,26,51,77,A,END-ODL,PASS,AUC,M
20242060011,20056,OBA1102,"Matrices, Calculus & Linear Algebra",160,B.E. Electronics and Communication Engineering,OFFLINE,1,28,39,67,B+,END-ODL,PASS,AUC,M
20242060011,20057,OBA1103,Engineering Physics & Quantum Mechanics,160,B.E. Electronics and Communication Engineering,OFFLINE,1,24,56,80,A+,END-ODL,PASS,AUC,M
20242060011,20058,OBA1104,Engineering Chemistry & Material Science,160,B.E. Electronics and Communication Engineering,OFFLINE,1,29,28,57,B,END-ODL,PASS,AUC,M
20242060011,20059,OBA1105,Problem Solving & Python Programming,160,B.E. Electronics and Communication Engineering,OFFLINE,1,23,51,74,A,END-ODL,PASS,AUC,M
20242060011,20060,OBA1106,Engineering Graphics & Modeling,160,B.E. Electronics and Communication Engineering,OFFLINE,1,20,60,80,A+,END-ODL,PASS,AUC,M
20242060011,20061,OBA1107,Physics & Chemistry Laboratory,160,B.E. Electronics and Communication Engineering,OFFLINE,1,17,26,43,C,END-ODL,PASS,AUC,M
20242060011,20062,OBA1108,Python Programming Laboratory,160,B.E. Electronics and Communication Engineering,OFFLINE,1,21,26,47,C,END-ODL,PASS,AUC,M
20242060012,20055,OBA1101,Professional English & Technical Writing,160,B.E. Electronics and Communication Engineering,OFFLINE,1,17,34,51,B,END-ODL,PASS,AUC,M
20242060012,20056,OBA1102,"Matrices, Calculus & Linear Algebra",160,B.E. Electronics and Communication Engineering,OFFLINE,1,26,30,56,B,END-ODL,PASS,AUC,M
20242060012,20057,OBA1103,Engineering Physics & Quantum Mechanics,160,B.E. Electronics and Communication Engineering,OFFLINE,1,19,55,74,A,END-ODL,PASS,AUC,M
20242060012,20058,OBA1104,Engineering Chemistry & Material Science,160,B.E. Electronics and Communication Engineering,OFFLINE,1,,,,,END-ODL,CANCELLED,AUC,M
20242060012,20059,OBA1105,Problem Solving & Python Programming,160,B.E. Electronics and Communication Engineering,OFFLINE,1,25,48,73,A,END-ODL,PASS,AUC,M
20242060012,20060,OBA1106,Engineering Graphics & Modeling,160,B.E. Electronics and Communication Engineering,OFFLINE,1,26,39,65,B+,END-ODL,PASS,AUC,M
20242060012,20061,OBA1107,Physics & Chemistry Laboratory,160,B.E. Electronics and Communication Engineering,OFFLINE,1,20,48,68,B+,END-ODL,PASS,AUC,M
20242060012,20062,OBA1108,Python Programming Laboratory,160,B.E. Electronics and Communication Engineering,OFFLINE,1,23,37,60,B+,END-ODL,PASS,AUC,M
20242060013,20055,OBA1101,Professional English & Technical Writing,160,B.E. Electronics and Communication Engineering,OFFLINE,1,23,61,84,A+,END-ODL,PASS,AUC,M
20242060013,20056,OBA1102,"Matrices, Calculus & Linear Algebra",160,B.E. Electronics and Communication Engineering,OFFLINE,1,20,58,78,A,END-ODL,PASS,AUC,M
20242060013,20057,OBA1103,Engineering Physics & Quantum Mechanics,160,B.E. Electronics and Communication Engineering,OFFLINE,1,23,57,80,A+,END-ODL,PASS,AUC,M
20242060013,20058,OBA1104,Engineering Chemistry & Material Science,160,B.E. Electronics and Communication Engineering,OFFLINE,1,26,41,67,B+,END-ODL,PASS,AUC,M
20242060013,20059,OBA1105,Problem Solving & Python Programming,160,B.E. Electronics and Communication Engineering,OFFLINE,1,26,62,88,A+,END-ODL,PASS,AUC,M
20242060013,20060,OBA1106,Engineering Graphics & Modeling,160,B.E. Electronics and Communication Engineering,OFFLINE,1,16,26,42,C,END-ODL,PASS,AUC,M
20242060013,20061,OBA1107,Physics & Chemistry Laboratory,160,B.E. Electronics and Communication Engineering,OFFLINE,1,25,58,83,A+,END-ODL,PASS,AUC,M
20242060013,20062,OBA1108,Python Programming Laboratory,160,B.E. Electronics and Communication Engineering,OFFLINE,1,17,48,65,B+,END-ODL,PASS,AUC,M
20242060014,20055,OBA1101,Professional English & Technical Writing,160,B.E. Electronics and Communication Engineering,OFFLINE,1,23,46,69,B+,END-ODL,PASS,AUC,M
20242060014,20056,OBA1102,"Matrices, Calculus & Linear Algebra",160,B.E. Electronics and Communication Engineering,OFFLINE,1,19,63,82,A+,END-ODL,PASS,AUC,M
20242060014,20057,OBA1103,Engineering Physics & Quantum Mechanics,160,B.E. Electronics and Communication Engineering,OFFLINE,1,21,37,58,B,END-ODL,PASS,AUC,M
20242060014,20058,OBA1104,Engineering Chemistry & Material Science,160,B.E. Electronics and Communication Engineering,OFFLINE,1,18,60,78,A,END-ODL,PASS,AUC,M
20242060014,20059,OBA1105,Problem Solving & Python Programming,160,B.E. Electronics and Communication Engineering,OFFLINE,1,26,40,66,B+,END-ODL,PASS,AUC,M
20242060014,20060,OBA1106,Engineering Graphics & Modeling,160,B.E. Electronics and Communication Engineering,OFFLINE,1,28,56,84,A+,END-ODL,PASS,AUC,M
20242060014,20061,OBA1107,Physics & Chemistry Laboratory,160,B.E. Electronics and Communication Engineering,OFFLINE,1,23,59,82,A+,END-ODL,PASS,AUC,M
20242060014,20062,OBA1108,Python Programming Laboratory,160,B.E. Electronics and Communication Engineering,OFFLINE,1,26,38,64,B+,END-ODL,PASS,AUC,M
20242060015,20055,OBA1101,Professional English & Technical Writing,160,B.E. Electronics and Communication Engineering,OFFLINE,1,26,61,87,A+,END-ODL,PASS,AUC,M
20242060015,20056,OBA1102,"Matrices, Calculus & Linear Algebra",160,B.E. Electronics and Communication Engineering,OFFLINE,1,17,28,45,C,END-ODL,PASS,AUC,M
20242060015,20057,OBA1103,Engineering Physics & Quantum Mechanics,160,B.E. Electronics and Communication Engineering,OFFLINE,1,26,60,86,A+,END-ODL,PASS,AUC,M
20242060015,20058,OBA1104,Engineering Chemistry & Material Science,160,B.E. Electronics and Communication Engineering,OFFLINE,1,26,43,69,B+,END-ODL,PASS,AUC,M
20242060015,20059,OBA1105,Problem Solving & Python Programming,160,B.E. Electronics and Communication Engineering,OFFLINE,1,24,27,51,B,END-ODL,PASS,AUC,M
20242060015,20060,OBA1106,Engineering Graphics & Modeling,160,B.E. Electronics and Communication Engineering,OFFLINE,1,20,42,62,B+,END-ODL,PASS,AUC,M
20242060015,20061,OBA1107,Physics & Chemistry Laboratory,160,B.E. Electronics and Communication Engineering,OFFLINE,1,20,43,63,B+,END-ODL,PASS,AUC,M
20242060015,20062,OBA1108,Python Programming Laboratory,160,B.E. Electronics and Communication Engineering,OFFLINE,1,25,42,67,B+,END-ODL,PASS,AUC,M
20242060016,20055,OBA1101,Professional English & Technical Writing,160,B.E. Electronics and Communication Engineering,OFFLINE,1,19,63,82,A+,END-ODL,PASS,AUC,M
20242060016,20056,OBA1102,"Matrices, Calculus & Linear Algebra",160,B.E. Electronics and Communication Engineering,OFFLINE,1,28,62,90,O,END-ODL,PASS,AUC,M
20242060016,20057,OBA1103,Engineering Physics & Quantum Mechanics,160,B.E. Electronics and Communication Engineering,OFFLINE,1,24,51,75,A,END-ODL,PASS,AUC,M
20242060016,20058,OBA1104,Engineering Chemistry & Material Science,160,B.E. Electronics and Communication Engineering,OFFLINE,1,20,64,84,A+,END-ODL,PASS,AUC,M
20242060016,20059,OBA1105,Problem Solving & Python Programming,160,B.E. Electronics and Communication Engineering,OFFLINE,1,29,26,55,B,END-ODL,PASS,AUC,M
20242060016,20060,OBA1106,Engineering Graphics & Modeling,160,B.E. Electronics and Communication Engineering,OFFLINE,1,19,32,51,B,END-ODL,PASS,AUC,M
20242060016,20061,OBA1107,Physics & Chemistry Laboratory,160,B.E. Electronics and Communication Engineering,OFFLINE,1,18,55,73,A,END-ODL,PASS,AUC,M
20242060016,20062,OBA1108,Python Programming Laboratory,160,B.E. Electronics and Communication Engineering,OFFLINE,1,27,38,65,B+,END-ODL,PASS,AUC,M
20242060017,20055,OBA1101,Professional English & Technical Writing,160,B.E. Electronics and Communication Engineering,OFFLINE,1,25,65,90,O,END-ODL,PASS,AUC,M
20242060017,20056,OBA1102,"Matrices, Calculus & Linear Algebra",160,B.E. Electronics and Communication Engineering,OFFLINE,1,16,29,45,C,END-ODL,PASS,AUC,M
20242060017,20057,OBA1103,Engineering Physics & Quantum Mechanics,160,B.E. Electronics and Communication Engineering,OFFLINE,1,26,48,74,A,END-ODL,PASS,AUC,M
20242060017,20058,OBA1104,Engineering Chemistry & Material Science,160,B.E. Electronics and Communication Engineering,OFFLINE,1,22,31,53,B,END-ODL,PASS,AUC,M
20242060017,20059,OBA1105,Problem Solving & Python Programming,160,B.E. Electronics and Communication Engineering,OFFLINE,1,21,59,80,A+,END-ODL,PASS,AUC,M
20242060017,20060,OBA1106,Engineering Graphics & Modeling,160,B.E. Electronics and Communication Engineering,OFFLINE,1,25,45,70,A,END-ODL,PASS,AUC,M
20242060017,20061,OBA1107,Physics & Chemistry Laboratory,160,B.E. Electronics and Communication Engineering,OFFLINE,1,27,57,84,A+,END-ODL,PASS,AUC,M
20242060017,20062,OBA1108,Python Programming Laboratory,160,B.E. Electronics and Communication Engineering,OFFLINE,1,26,55,81,A+,END-ODL,PASS,AUC,M
20242060018,20055,OBA1101,Professional English & Technical Writing,160,B.E. Electronics and Communication Engineering,OFFLINE,1,15,28,43,C,END-ODL,PASS,AUC,M
20242060018,20056,OBA1102,"Matrices, Calculus & Linear Algebra",160,B.E. Electronics and Communication Engineering,OFFLINE,1,23,35,58,B,END-ODL,PASS,AUC,M
20242060018,20057,OBA1103,Engineering Physics & Quantum Mechanics,160,B.E. Electronics and Communication Engineering,OFFLINE,1,25,41,66,B+,END-ODL,PASS,AUC,M
20242060018,20058,OBA1104,Engineering Chemistry & Material Science,160,B.E. Electronics and Communication Engineering,OFFLINE,1,18,48,66,B+,END-ODL,PASS,AUC,M
20242060018,20059,OBA1105,Problem Solving & Python Programming,160,B.E. Electronics and Communication Engineering,OFFLINE,1,17,46,63,B+,END-ODL,PASS,AUC,M
20242060018,20060,OBA1106,Engineering Graphics & Modeling,160,B.E. Electronics and Communication Engineering,OFFLINE,1,17,41,58,B,END-ODL,PASS,AUC,M
20242060018,20061,OBA1107,Physics & Chemistry Laboratory,160,B.E. Electronics and Communication Engineering,OFFLINE,1,29,43,72,A,END-ODL,PASS,AUC,M
20242060018,20062,OBA1108,Python Programming Laboratory,160,B.E. Electronics and Communication Engineering,OFFLINE,1,21,54,75,A,END-ODL,PASS,AUC,M
20242060019,20055,OBA1101,Professional English & Technical Writing,160,B.E. Electronics and Communication Engineering,OFFLINE,1,23,49,72,A,END-ODL,PASS,AUC,M
20242060019,20056,OBA1102,"Matrices, Calculus & Linear Algebra",160,B.E. Electronics and Communication Engineering,OFFLINE,1,21,44,65,B+,END-ODL,PASS,AUC,M
20242060019,20057,OBA1103,Engineering Physics & Quantum Mechanics,160,B.E. Electronics and Communication Engineering,OFFLINE,1,23,59,82,A+,END-ODL,PASS,AUC,M
20242060019,20058,OBA1104,Engineering Chemistry & Material Science,160,B.E. Electronics and Communication Engineering,OFFLINE,1,22,41,63,B+,END-ODL,PASS,AUC,M
20242060019,20059,OBA1105,Problem Solving & Python Programming,160,B.E. Electronics and Communication Engineering,OFFLINE,1,23,45,68,B+,END-ODL,PASS,AUC,M
20242060019,20060,OBA1106,Engineering Graphics & Modeling,160,B.E. Electronics and Communication Engineering,OFFLINE,1,29,43,72,A,END-ODL,PASS,AUC,M
20242060019,20061,OBA1107,Physics & Chemistry Laboratory,160,B.E. Electronics and Communication Engineering,OFFLINE,1,15,43,58,B,END-ODL,PASS,AUC,M
20242060019,20062,OBA1108,Python Programming Laboratory,160,B.E. Electronics and Communication Engineering,OFFLINE,1,,,,,END-ODL,CANCELLED,AUC,M
20242060020,20055,OBA1101,Professional English & Technical Writing,160,B.E. Electronics and Communication Engineering,OFFLINE,1,19,58,77,A,END-ODL,PASS,AUC,M
20242060020,20056,OBA1102,"Matrices, Calculus & Linear Algebra",160,B.E. Electronics and Communication Engineering,OFFLINE,1,25,58,83,A+,END-ODL,PASS,AUC,M
20242060020,20057,OBA1103,Engineering Physics & Quantum Mechanics,160,B.E. Electronics and Communication Engineering,OFFLINE,1,17,40,57,B,END-ODL,PASS,AUC,M
20242060020,20058,OBA1104,Engineering Chemistry & Material Science,160,B.E. Electronics and Communication Engineering,OFFLINE,1,26,32,58,B,END-ODL,PASS,AUC,M
20242060020,20059,OBA1105,Problem Solving & Python Programming,160,B.E. Electronics and Communication Engineering,OFFLINE,1,15,59,74,A,END-ODL,PASS,AUC,M
20242060020,20060,OBA1106,Engineering Graphics & Modeling,160,B.E. Electronics and Communication Engineering,OFFLINE,1,26,33,59,B,END-ODL,PASS,AUC,M
20242060020,20061,OBA1107,Physics & Chemistry Laboratory,160,B.E. Electronics and Communication Engineering,OFFLINE,1,21,48,69,B+,END-ODL,PASS,AUC,M
20242060020,20062,OBA1108,Python Programming Laboratory,160,B.E. Electronics and Communication Engineering,OFFLINE,1,24,63,87,A+,END-ODL,PASS,AUC,M
20242070001,20055,OBA1101,Professional English & Technical Writing,161,B.Tech Information Technology,OFFLINE,1,27,51,78,A,END-ODL,PASS,AUC,M
20242070001,20056,OBA1102,"Matrices, Calculus & Linear Algebra",161,B.Tech Information Technology,OFFLINE,1,20,50,70,A,END-ODL,PASS,AUC,M
20242070001,20057,OBA1103,Engineering Physics & Quantum Mechanics,161,B.Tech Information Technology,OFFLINE,1,25,32,57,B,END-ODL,PASS,AUC,M
20242070001,20058,OBA1104,Engineering Chemistry & Material Science,161,B.Tech Information Technology,OFFLINE,1,16,36,52,B,END-ODL,PASS,AUC,M
20242070001,20059,OBA1105,Problem Solving & Python Programming,161,B.Tech Information Technology,OFFLINE,1,29,36,65,B+,END-ODL,PASS,AUC,M
20242070001,20060,OBA1106,Engineering Graphics & Modeling,161,B.Tech Information Technology,OFFLINE,1,29,27,56,B,END-ODL,PASS,AUC,M
20242070001,20061,OBA1107,Physics & Chemistry Laboratory,161,B.Tech Information Technology,OFFLINE,1,28,59,87,A+,END-ODL,PASS,AUC,M
20242070001,20062,OBA1108,Python Programming Laboratory,161,B.Tech Information Technology,OFFLINE,1,28,26,54,B,END-ODL,PASS,AUC,M
20242070002,20055,OBA1101,Professional English & Technical Writing,161,B.Tech Information Technology,OFFLINE,1,18,44,62,B+,END-ODL,PASS,AUC,M
20242070002,20056,OBA1102,"Matrices, Calculus & Linear Algebra",161,B.Tech Information Technology,OFFLINE,1,15,43,58,B,END-ODL,PASS,AUC,M
20242070002,20057,OBA1103,Engineering Physics & Quantum Mechanics,161,B.Tech Information Technology,OFFLINE,1,28,44,72,A,END-ODL,PASS,AUC,M
20242070002,20058,OBA1104,Engineering Chemistry & Material Science,161,B.Tech Information Technology,OFFLINE,1,29,35,64,B+,END-ODL,PASS,AUC,M
20242070002,20059,OBA1105,Problem Solving & Python Programming,161,B.Tech Information Technology,OFFLINE,1,27,62,89,A+,END-ODL,PASS,AUC,M
20242070002,20060,OBA1106,Engineering Graphics & Modeling,161,B.Tech Information Technology,OFFLINE,1,18,40,58,B,END-ODL,PASS,AUC,M
20242070002,20061,OBA1107,Physics & Chemistry Laboratory,161,B.Tech Information Technology,OFFLINE,1,22,35,57,B,END-ODL,PASS,AUC,M
20242070002,20062,OBA1108,Python Programming Laboratory,161,B.Tech Information Technology,OFFLINE,1,20,62,82,A+,END-ODL,PASS,AUC,M
20242070003,20055,OBA1101,Professional English & Technical Writing,161,B.Tech Information Technology,OFFLINE,1,19,26,45,C,END-ODL,PASS,AUC,M
20242070003,20056,OBA1102,"Matrices, Calculus & Linear Algebra",161,B.Tech Information Technology,OFFLINE,1,25,36,61,B+,END-ODL,PASS,AUC,M
20242070003,20057,OBA1103,Engineering Physics & Quantum Mechanics,161,B.Tech Information Technology,OFFLINE,1,20,42,62,B+,END-ODL,PASS,AUC,M
20242070003,20058,OBA1104,Engineering Chemistry & Material Science,161,B.Tech Information Technology,OFFLINE,1,26,50,76,A,END-ODL,PASS,AUC,M
20242070003,20059,OBA1105,Problem Solving & Python Programming,161,B.Tech Information Technology,OFFLINE,1,29,48,77,A,END-ODL,PASS,AUC,M
20242070003,20060,OBA1106,Engineering Graphics & Modeling,161,B.Tech Information Technology,OFFLINE,1,21,46,67,B+,END-ODL,PASS,AUC,M
20242070003,20061,OBA1107,Physics & Chemistry Laboratory,161,B.Tech Information Technology,OFFLINE,1,19,32,51,B,END-ODL,PASS,AUC,M
20242070003,20062,OBA1108,Python Programming Laboratory,161,B.Tech Information Technology,OFFLINE,1,24,47,71,A,END-ODL,PASS,AUC,M
20242070004,20055,OBA1101,Professional English & Technical Writing,161,B.Tech Information Technology,OFFLINE,1,23,55,78,A,END-ODL,PASS,AUC,M
20242070004,20056,OBA1102,"Matrices, Calculus & Linear Algebra",161,B.Tech Information Technology,OFFLINE,1,22,63,85,A+,END-ODL,PASS,AUC,M
20242070004,20057,OBA1103,Engineering Physics & Quantum Mechanics,161,B.Tech Information Technology,OFFLINE,1,16,39,55,B,END-ODL,PASS,AUC,M
20242070004,20058,OBA1104,Engineering Chemistry & Material Science,161,B.Tech Information Technology,OFFLINE,1,24,60,84,A+,END-ODL,PASS,AUC,M
20242070004,20059,OBA1105,Problem Solving & Python Programming,161,B.Tech Information Technology,OFFLINE,1,24,35,59,B,END-ODL,PASS,AUC,M
20242070004,20060,OBA1106,Engineering Graphics & Modeling,161,B.Tech Information Technology,OFFLINE,1,19,48,67,B+,END-ODL,PASS,AUC,M
20242070004,20061,OBA1107,Physics & Chemistry Laboratory,161,B.Tech Information Technology,OFFLINE,1,29,35,64,B+,END-ODL,PASS,AUC,M
20242070004,20062,OBA1108,Python Programming Laboratory,161,B.Tech Information Technology,OFFLINE,1,24,44,68,B+,END-ODL,PASS,AUC,M
20242070005,20055,OBA1101,Professional English & Technical Writing,161,B.Tech Information Technology,OFFLINE,1,26,46,72,A,END-ODL,PASS,AUC,M
20242070005,20056,OBA1102,"Matrices, Calculus & Linear Algebra",161,B.Tech Information Technology,OFFLINE,1,18,30,48,C,END-ODL,PASS,AUC,M
20242070005,20057,OBA1103,Engineering Physics & Quantum Mechanics,161,B.Tech Information Technology,OFFLINE,1,17,33,50,B,END-ODL,PASS,AUC,M
20242070005,20058,OBA1104,Engineering Chemistry & Material Science,161,B.Tech Information Technology,OFFLINE,1,27,39,66,B+,END-ODL,PASS,AUC,M
20242070005,20059,OBA1105,Problem Solving & Python Programming,161,B.Tech Information Technology,OFFLINE,1,18,50,68,B+,END-ODL,PASS,AUC,M
20242070005,20060,OBA1106,Engineering Graphics & Modeling,161,B.Tech Information Technology,OFFLINE,1,23,51,74,A,END-ODL,PASS,AUC,M
20242070005,20061,OBA1107,Physics & Chemistry Laboratory,161,B.Tech Information Technology,OFFLINE,1,18,53,71,A,END-ODL,PASS,AUC,M
20242070005,20062,OBA1108,Python Programming Laboratory,161,B.Tech Information Technology,OFFLINE,1,25,42,67,B+,END-ODL,PASS,AUC,M
20242070006,20055,OBA1101,Professional English & Technical Writing,161,B.Tech Information Technology,OFFLINE,1,20,45,65,B+,END-ODL,PASS,AUC,M
20242070006,20056,OBA1102,"Matrices, Calculus & Linear Algebra",161,B.Tech Information Technology,OFFLINE,1,,,,,END-ODL,CANCELLED,AUC,M
20242070006,20057,OBA1103,Engineering Physics & Quantum Mechanics,161,B.Tech Information Technology,OFFLINE,1,26,40,66,B+,END-ODL,PASS,AUC,M
20242070006,20058,OBA1104,Engineering Chemistry & Material Science,161,B.Tech Information Technology,OFFLINE,1,16,40,56,B,END-ODL,PASS,AUC,M
20242070006,20059,OBA1105,Problem Solving & Python Programming,161,B.Tech Information Technology,OFFLINE,1,23,63,86,A+,END-ODL,PASS,AUC,M
20242070006,20060,OBA1106,Engineering Graphics & Modeling,161,B.Tech Information Technology,OFFLINE,1,20,27,47,C,END-ODL,PASS,AUC,M
20242070006,20061,OBA1107,Physics & Chemistry Laboratory,161,B.Tech Information Technology,OFFLINE,1,16,51,67,B+,END-ODL,PASS,AUC,M
20242070006,20062,OBA1108,Python Programming Laboratory,161,B.Tech Information Technology,OFFLINE,1,17,59,76,A,END-ODL,PASS,AUC,M
20242070007,20055,OBA1101,Professional English & Technical Writing,161,B.Tech Information Technology,OFFLINE,1,23,42,65,B+,END-ODL,PASS,AUC,M
20242070007,20056,OBA1102,"Matrices, Calculus & Linear Algebra",161,B.Tech Information Technology,OFFLINE,1,27,57,84,A+,END-ODL,PASS,AUC,M
20242070007,20057,OBA1103,Engineering Physics & Quantum Mechanics,161,B.Tech Information Technology,OFFLINE,1,26,41,67,B+,END-ODL,PASS,AUC,M
20242070007,20058,OBA1104,Engineering Chemistry & Material Science,161,B.Tech Information Technology,OFFLINE,1,22,60,82,A+,END-ODL,PASS,AUC,M
20242070007,20059,OBA1105,Problem Solving & Python Programming,161,B.Tech Information Technology,OFFLINE,1,29,59,88,A+,END-ODL,PASS,AUC,M
20242070007,20060,OBA1106,Engineering Graphics & Modeling,161,B.Tech Information Technology,OFFLINE,1,29,61,90,O,END-ODL,PASS,AUC,M
20242070007,20061,OBA1107,Physics & Chemistry Laboratory,161,B.Tech Information Technology,OFFLINE,1,29,49,78,A,END-ODL,PASS,AUC,M
20242070007,20062,OBA1108,Python Programming Laboratory,161,B.Tech Information Technology,OFFLINE,1,25,49,74,A,END-ODL,PASS,AUC,M
20242070008,20055,OBA1101,Professional English & Technical Writing,161,B.Tech Information Technology,OFFLINE,1,,,,,END-ODL,CANCELLED,AUC,M
20242070008,20056,OBA1102,"Matrices, Calculus & Linear Algebra",161,B.Tech Information Technology,OFFLINE,1,25,46,71,A,END-ODL,PASS,AUC,M
20242070008,20057,OBA1103,Engineering Physics & Quantum Mechanics,161,B.Tech Information Technology,OFFLINE,1,29,48,77,A,END-ODL,PASS,AUC,M
20242070008,20058,OBA1104,Engineering Chemistry & Material Science,161,B.Tech Information Technology,OFFLINE,1,23,35,58,B,END-ODL,PASS,AUC,M
20242070008,20059,OBA1105,Problem Solving & Python Programming,161,B.Tech Information Technology,OFFLINE,1,26,59,85,A+,END-ODL,PASS,AUC,M
20242070008,20060,OBA1106,Engineering Graphics & Modeling,161,B.Tech Information Technology,OFFLINE,1,20,42,62,B+,END-ODL,PASS,AUC,M
20242070008,20061,OBA1107,Physics & Chemistry Laboratory,161,B.Tech Information Technology,OFFLINE,1,21,60,81,A+,END-ODL,PASS,AUC,M
20242070008,20062,OBA1108,Python Programming Laboratory,161,B.Tech Information Technology,OFFLINE,1,28,44,72,A,END-ODL,PASS,AUC,M
20242070009,20055,OBA1101,Professional English & Technical Writing,161,B.Tech Information Technology,OFFLINE,1,26,53,79,A,END-ODL,PASS,AUC,M
20242070009,20056,OBA1102,"Matrices, Calculus & Linear Algebra",161,B.Tech Information Technology,OFFLINE,1,18,28,46,C,END-ODL,PASS,AUC,M
20242070009,20057,OBA1103,Engineering Physics & Quantum Mechanics,161,B.Tech Information Technology,OFFLINE,1,25,48,73,A,END-ODL,PASS,AUC,M
20242070009,20058,OBA1104,Engineering Chemistry & Material Science,161,B.Tech Information Technology,OFFLINE,1,22,53,75,A,END-ODL,PASS,AUC,M
20242070009,20059,OBA1105,Problem Solving & Python Programming,161,B.Tech Information Technology,OFFLINE,1,23,34,57,B,END-ODL,PASS,AUC,M
20242070009,20060,OBA1106,Engineering Graphics & Modeling,161,B.Tech Information Technology,OFFLINE,1,20,55,75,A,END-ODL,PASS,AUC,M
20242070009,20061,OBA1107,Physics & Chemistry Laboratory,161,B.Tech Information Technology,OFFLINE,1,15,52,67,B+,END-ODL,PASS,AUC,M
20242070009,20062,OBA1108,Python Programming Laboratory,161,B.Tech Information Technology,OFFLINE,1,19,50,69,B+,END-ODL,PASS,AUC,M
20242070010,20055,OBA1101,Professional English & Technical Writing,161,B.Tech Information Technology,OFFLINE,1,20,61,81,A+,END-ODL,PASS,AUC,M
20242070010,20056,OBA1102,"Matrices, Calculus & Linear Algebra",161,B.Tech Information Technology,OFFLINE,1,22,29,51,B,END-ODL,PASS,AUC,M
20242070010,20057,OBA1103,Engineering Physics & Quantum Mechanics,161,B.Tech Information Technology,OFFLINE,1,19,38,57,B,END-ODL,PASS,AUC,M
20242070010,20058,OBA1104,Engineering Chemistry & Material Science,161,B.Tech Information Technology,OFFLINE,1,20,43,63,B+,END-ODL,PASS,AUC,M
20242070010,20059,OBA1105,Problem Solving & Python Programming,161,B.Tech Information Technology,OFFLINE,1,16,48,64,B+,END-ODL,PASS,AUC,M
20242070010,20060,OBA1106,Engineering Graphics & Modeling,161,B.Tech Information Technology,OFFLINE,1,26,28,54,B,END-ODL,PASS,AUC,M
20242070010,20061,OBA1107,Physics & Chemistry Laboratory,161,B.Tech Information Technology,OFFLINE,1,24,64,88,A+,END-ODL,PASS,AUC,M
20242070010,20062,OBA1108,Python Programming Laboratory,161,B.Tech Information Technology,OFFLINE,1,25,49,74,A,END-ODL,PASS,AUC,M
20242070011,20055,OBA1101,Professional English & Technical Writing,161,B.Tech Information Technology,OFFLINE,1,17,41,58,B,END-ODL,PASS,AUC,M
20242070011,20056,OBA1102,"Matrices, Calculus & Linear Algebra",161,B.Tech Information Technology,OFFLINE,1,19,57,76,A,END-ODL,PASS,AUC,M
20242070011,20057,OBA1103,Engineering Physics & Quantum Mechanics,161,B.Tech Information Technology,OFFLINE,1,28,60,88,A+,END-ODL,PASS,AUC,M
20242070011,20058,OBA1104,Engineering Chemistry & Material Science,161,B.Tech Information Technology,OFFLINE,1,21,61,82,A+,END-ODL,PASS,AUC,M
20242070011,20059,OBA1105,Problem Solving & Python Programming,161,B.Tech Information Technology,OFFLINE,1,27,26,53,B,END-ODL,PASS,AUC,M
20242070011,20060,OBA1106,Engineering Graphics & Modeling,161,B.Tech Information Technology,OFFLINE,1,21,37,58,B,END-ODL,PASS,AUC,M
20242070011,20061,OBA1107,Physics & Chemistry Laboratory,161,B.Tech Information Technology,OFFLINE,1,20,42,62,B+,END-ODL,PASS,AUC,M
20242070011,20062,OBA1108,Python Programming Laboratory,161,B.Tech Information Technology,OFFLINE,1,,,,,END-ODL,CANCELLED,AUC,M
20242070012,20055,OBA1101,Professional English & Technical Writing,161,B.Tech Information Technology,OFFLINE,1,23,39,62,B+,END-ODL,PASS,AUC,M
20242070012,20056,OBA1102,"Matrices, Calculus & Linear Algebra",161,B.Tech Information Technology,OFFLINE,1,15,51,66,B+,END-ODL,PASS,AUC,M
20242070012,20057,OBA1103,Engineering Physics & Quantum Mechanics,161,B.Tech Information Technology,OFFLINE,1,18,31,49,C,END-ODL,PASS,AUC,M
20242070012,20058,OBA1104,Engineering Chemistry & Material Science,161,B.Tech Information Technology,OFFLINE,1,29,51,80,A+,END-ODL,PASS,AUC,M
20242070012,20059,OBA1105,Problem Solving & Python Programming,161,B.Tech Information Technology,OFFLINE,1,20,30,50,B,END-ODL,PASS,AUC,M
20242070012,20060,OBA1106,Engineering Graphics & Modeling,161,B.Tech Information Technology,OFFLINE,1,29,34,63,B+,END-ODL,PASS,AUC,M
20242070012,20061,OBA1107,Physics & Chemistry Laboratory,161,B.Tech Information Technology,OFFLINE,1,23,45,68,B+,END-ODL,PASS,AUC,M
20242070012,20062,OBA1108,Python Programming Laboratory,161,B.Tech Information Technology,OFFLINE,1,28,44,72,A,END-ODL,PASS,AUC,M
20242070013,20055,OBA1101,Professional English & Technical Writing,161,B.Tech Information Technology,OFFLINE,1,16,58,74,A,END-ODL,PASS,AUC,M
20242070013,20056,OBA1102,"Matrices, Calculus & Linear Algebra",161,B.Tech Information Technology,OFFLINE,1,17,44,61,B+,END-ODL,PASS,AUC,M
20242070013,20057,OBA1103,Engineering Physics & Quantum Mechanics,161,B.Tech Information Technology,OFFLINE,1,19,58,77,A,END-ODL,PASS,AUC,M
20242070013,20058,OBA1104,Engineering Chemistry & Material Science,161,B.Tech Information Technology,OFFLINE,1,19,28,47,C,END-ODL,PASS,AUC,M
20242070013,20059,OBA1105,Problem Solving & Python Programming,161,B.Tech Information Technology,OFFLINE,1,20,65,85,A+,END-ODL,PASS,AUC,M
20242070013,20060,OBA1106,Engineering Graphics & Modeling,161,B.Tech Information Technology,OFFLINE,1,,,,,END-ODL,CANCELLED,AUC,M
20242070013,20061,OBA1107,Physics & Chemistry Laboratory,161,B.Tech Information Technology,OFFLINE,1,18,53,71,A,END-ODL,PASS,AUC,M
20242070013,20062,OBA1108,Python Programming Laboratory,161,B.Tech Information Technology,OFFLINE,1,19,35,54,B,END-ODL,PASS,AUC,M
20242070014,20055,OBA1101,Professional English & Technical Writing,161,B.Tech Information Technology,OFFLINE,1,17,56,73,A,END-ODL,PASS,AUC,M
20242070014,20056,OBA1102,"Matrices, Calculus & Linear Algebra",161,B.Tech Information Technology,OFFLINE,1,21,54,75,A,END-ODL,PASS,AUC,M
20242070014,20057,OBA1103,Engineering Physics & Quantum Mechanics,161,B.Tech Information Technology,OFFLINE,1,22,54,76,A,END-ODL,PASS,AUC,M
20242070014,20058,OBA1104,Engineering Chemistry & Material Science,161,B.Tech Information Technology,OFFLINE,1,18,46,64,B+,END-ODL,PASS,AUC,M
20242070014,20059,OBA1105,Problem Solving & Python Programming,161,B.Tech Information Technology,OFFLINE,1,21,38,59,B,END-ODL,PASS,AUC,M
20242070014,20060,OBA1106,Engineering Graphics & Modeling,161,B.Tech Information Technology,OFFLINE,1,26,44,70,A,END-ODL,PASS,AUC,M
20242070014,20061,OBA1107,Physics & Chemistry Laboratory,161,B.Tech Information Technology,OFFLINE,1,27,40,67,B+,END-ODL,PASS,AUC,M
20242070014,20062,OBA1108,Python Programming Laboratory,161,B.Tech Information Technology,OFFLINE,1,18,59,77,A,END-ODL,PASS,AUC,M
20242070015,20055,OBA1101,Professional English & Technical Writing,161,B.Tech Information Technology,OFFLINE,1,22,32,54,B,END-ODL,PASS,AUC,M
20242070015,20056,OBA1102,"Matrices, Calculus & Linear Algebra",161,B.Tech Information Technology,OFFLINE,1,20,58,78,A,END-ODL,PASS,AUC,M
20242070015,20057,OBA1103,Engineering Physics & Quantum Mechanics,161,B.Tech Information Technology,OFFLINE,1,29,39,68,B+,END-ODL,PASS,AUC,M
20242070015,20058,OBA1104,Engineering Chemistry & Material Science,161,B.Tech Information Technology,OFFLINE,1,18,35,53,B,END-ODL,PASS,AUC,M
20242070015,20059,OBA1105,Problem Solving & Python Programming,161,B.Tech Information Technology,OFFLINE,1,26,59,85,A+,END-ODL,PASS,AUC,M
20242070015,20060,OBA1106,Engineering Graphics & Modeling,161,B.Tech Information Technology,OFFLINE,1,22,64,86,A+,END-ODL,PASS,AUC,M
20242070015,20061,OBA1107,Physics & Chemistry Laboratory,161,B.Tech Information Technology,OFFLINE,1,18,32,50,B,END-ODL,PASS,AUC,M
20242070015,20062,OBA1108,Python Programming Laboratory,161,B.Tech Information Technology,OFFLINE,1,16,37,53,B,END-ODL,PASS,AUC,M
20242070016,20055,OBA1101,Professional English & Technical Writing,161,B.Tech Information Technology,OFFLINE,1,17,55,72,A,END-ODL,PASS,AUC,M
20242070016,20056,OBA1102,"Matrices, Calculus & Linear Algebra",161,B.Tech Information Technology,OFFLINE,1,19,54,73,A,END-ODL,PASS,AUC,M
20242070016,20057,OBA1103,Engineering Physics & Quantum Mechanics,161,B.Tech Information Technology,OFFLINE,1,25,50,75,A,END-ODL,PASS,AUC,M
20242070016,20058,OBA1104,Engineering Chemistry & Material Science,161,B.Tech Information Technology,OFFLINE,1,29,65,94,O,END-ODL,PASS,AUC,M
20242070016,20059,OBA1105,Problem Solving & Python Programming,161,B.Tech Information Technology,OFFLINE,1,,,,,END-ODL,CANCELLED,AUC,M
20242070016,20060,OBA1106,Engineering Graphics & Modeling,161,B.Tech Information Technology,OFFLINE,1,29,46,75,A,END-ODL,PASS,AUC,M
20242070016,20061,OBA1107,Physics & Chemistry Laboratory,161,B.Tech Information Technology,OFFLINE,1,18,30,48,C,END-ODL,PASS,AUC,M
20242070016,20062,OBA1108,Python Programming Laboratory,161,B.Tech Information Technology,OFFLINE,1,28,39,67,B+,END-ODL,PASS,AUC,M
20242070017,20055,OBA1101,Professional English & Technical Writing,161,B.Tech Information Technology,OFFLINE,1,15,49,64,B+,END-ODL,PASS,AUC,M
20242070017,20056,OBA1102,"Matrices, Calculus & Linear Algebra",161,B.Tech Information Technology,OFFLINE,1,15,54,69,B+,END-ODL,PASS,AUC,M
20242070017,20057,OBA1103,Engineering Physics & Quantum Mechanics,161,B.Tech Information Technology,OFFLINE,1,27,32,59,B,END-ODL,PASS,AUC,M
20242070017,20058,OBA1104,Engineering Chemistry & Material Science,161,B.Tech Information Technology,OFFLINE,1,25,63,88,A+,END-ODL,PASS,AUC,M
20242070017,20059,OBA1105,Problem Solving & Python Programming,161,B.Tech Information Technology,OFFLINE,1,25,47,72,A,END-ODL,PASS,AUC,M
20242070017,20060,OBA1106,Engineering Graphics & Modeling,161,B.Tech Information Technology,OFFLINE,1,28,53,81,A+,END-ODL,PASS,AUC,M
20242070017,20061,OBA1107,Physics & Chemistry Laboratory,161,B.Tech Information Technology,OFFLINE,1,22,58,80,A+,END-ODL,PASS,AUC,M
20242070017,20062,OBA1108,Python Programming Laboratory,161,B.Tech Information Technology,OFFLINE,1,18,44,62,B+,END-ODL,PASS,AUC,M
20242070018,20055,OBA1101,Professional English & Technical Writing,161,B.Tech Information Technology,OFFLINE,1,29,62,91,O,END-ODL,PASS,AUC,M
20242070018,20056,OBA1102,"Matrices, Calculus & Linear Algebra",161,B.Tech Information Technology,OFFLINE,1,17,38,55,B,END-ODL,PASS,AUC,M
20242070018,20057,OBA1103,Engineering Physics & Quantum Mechanics,161,B.Tech Information Technology,OFFLINE,1,15,64,79,A,END-ODL,PASS,AUC,M
20242070018,20058,OBA1104,Engineering Chemistry & Material Science,161,B.Tech Information Technology,OFFLINE,1,26,26,52,B,END-ODL,PASS,AUC,M
20242070018,20059,OBA1105,Problem Solving & Python Programming,161,B.Tech Information Technology,OFFLINE,1,26,39,65,B+,END-ODL,PASS,AUC,M
20242070018,20060,OBA1106,Engineering Graphics & Modeling,161,B.Tech Information Technology,OFFLINE,1,21,32,53,B,END-ODL,PASS,AUC,M
20242070018,20061,OBA1107,Physics & Chemistry Laboratory,161,B.Tech Information Technology,OFFLINE,1,19,30,49,C,END-ODL,PASS,AUC,M
20242070018,20062,OBA1108,Python Programming Laboratory,161,B.Tech Information Technology,OFFLINE,1,19,44,63,B+,END-ODL,PASS,AUC,M
20242070019,20055,OBA1101,Professional English & Technical Writing,161,B.Tech Information Technology,OFFLINE,1,23,26,49,C,END-ODL,PASS,AUC,M
20242070019,20056,OBA1102,"Matrices, Calculus & Linear Algebra",161,B.Tech Information Technology,OFFLINE,1,19,44,63,B+,END-ODL,PASS,AUC,M
20242070019,20057,OBA1103,Engineering Physics & Quantum Mechanics,161,B.Tech Information Technology,OFFLINE,1,16,61,77,A,END-ODL,PASS,AUC,M
20242070019,20058,OBA1104,Engineering Chemistry & Material Science,161,B.Tech Information Technology,OFFLINE,1,22,48,70,A,END-ODL,PASS,AUC,M
20242070019,20059,OBA1105,Problem Solving & Python Programming,161,B.Tech Information Technology,OFFLINE,1,27,44,71,A,END-ODL,PASS,AUC,M
20242070019,20060,OBA1106,Engineering Graphics & Modeling,161,B.Tech Information Technology,OFFLINE,1,22,34,56,B,END-ODL,PASS,AUC,M
20242070019,20061,OBA1107,Physics & Chemistry Laboratory,161,B.Tech Information Technology,OFFLINE,1,25,56,81,A+,END-ODL,PASS,AUC,M
20242070019,20062,OBA1108,Python Programming Laboratory,161,B.Tech Information Technology,OFFLINE,1,22,33,55,B,END-ODL,PASS,AUC,M
20242070020,20055,OBA1101,Professional English & Technical Writing,161,B.Tech Information Technology,OFFLINE,1,28,39,67,B+,END-ODL,PASS,AUC,M
20242070020,20056,OBA1102,"Matrices, Calculus & Linear Algebra",161,B.Tech Information Technology,OFFLINE,1,29,45,74,A,END-ODL,PASS,AUC,M
20242070020,20057,OBA1103,Engineering Physics & Quantum Mechanics,161,B.Tech Information Technology,OFFLINE,1,17,31,48,C,END-ODL,PASS,AUC,M
20242070020,20058,OBA1104,Engineering Chemistry & Material Science,161,B.Tech Information Technology,OFFLINE,1,22,32,54,B,END-ODL,PASS,AUC,M
20242070020,20059,OBA1105,Problem Solving & Python Programming,161,B.Tech Information Technology,OFFLINE,1,29,29,58,B,END-ODL,PASS,AUC,M
20242070020,20060,OBA1106,Engineering Graphics & Modeling,161,B.Tech Information Technology,OFFLINE,1,15,32,47,C,END-ODL,PASS,AUC,M
20242070020,20061,OBA1107,Physics & Chemistry Laboratory,161,B.Tech Information Technology,OFFLINE,1,19,51,70,A,END-ODL,PASS,AUC,M
20242070020,20062,OBA1108,Python Programming Laboratory,161,B.Tech Information Technology,OFFLINE,1,20,31,51,B,END-ODL,PASS,AUC,M
20242080001,20055,OBA1101,Professional English & Technical Writing,162,B.E. Mechanical Engineering,OFFLINE,1,24,47,71,A,END-ODL,PASS,AUC,M
20242080001,20056,OBA1102,"Matrices, Calculus & Linear Algebra",162,B.E. Mechanical Engineering,OFFLINE,1,22,40,62,B+,END-ODL,PASS,AUC,M
20242080001,20057,OBA1103,Engineering Physics & Quantum Mechanics,162,B.E. Mechanical Engineering,OFFLINE,1,18,49,67,B+,END-ODL,PASS,AUC,M
20242080001,20058,OBA1104,Engineering Chemistry & Material Science,162,B.E. Mechanical Engineering,OFFLINE,1,26,55,81,A+,END-ODL,PASS,AUC,M
20242080001,20059,OBA1105,Problem Solving & Python Programming,162,B.E. Mechanical Engineering,OFFLINE,1,21,45,66,B+,END-ODL,PASS,AUC,M
20242080001,20060,OBA1106,Engineering Graphics & Modeling,162,B.E. Mechanical Engineering,OFFLINE,1,20,58,78,A,END-ODL,PASS,AUC,M
20242080001,20061,OBA1107,Physics & Chemistry Laboratory,162,B.E. Mechanical Engineering,OFFLINE,1,18,37,55,B,END-ODL,PASS,AUC,M
20242080001,20062,OBA1108,Python Programming Laboratory,162,B.E. Mechanical Engineering,OFFLINE,1,29,59,88,A+,END-ODL,PASS,AUC,M
20242080002,20055,OBA1101,Professional English & Technical Writing,162,B.E. Mechanical Engineering,OFFLINE,1,19,57,76,A,END-ODL,PASS,AUC,M
20242080002,20056,OBA1102,"Matrices, Calculus & Linear Algebra",162,B.E. Mechanical Engineering,OFFLINE,1,23,52,75,A,END-ODL,PASS,AUC,M
20242080002,20057,OBA1103,Engineering Physics & Quantum Mechanics,162,B.E. Mechanical Engineering,OFFLINE,1,15,51,66,B+,END-ODL,PASS,AUC,M
20242080002,20058,OBA1104,Engineering Chemistry & Material Science,162,B.E. Mechanical Engineering,OFFLINE,1,27,51,78,A,END-ODL,PASS,AUC,M
20242080002,20059,OBA1105,Problem Solving & Python Programming,162,B.E. Mechanical Engineering,OFFLINE,1,24,58,82,A+,END-ODL,PASS,AUC,M
20242080002,20060,OBA1106,Engineering Graphics & Modeling,162,B.E. Mechanical Engineering,OFFLINE,1,18,59,77,A,END-ODL,PASS,AUC,M
20242080002,20061,OBA1107,Physics & Chemistry Laboratory,162,B.E. Mechanical Engineering,OFFLINE,1,,,,,END-ODL,CANCELLED,AUC,M
20242080002,20062,OBA1108,Python Programming Laboratory,162,B.E. Mechanical Engineering,OFFLINE,1,20,32,52,B,END-ODL,PASS,AUC,M
20242080003,20055,OBA1101,Professional English & Technical Writing,162,B.E. Mechanical Engineering,OFFLINE,1,21,26,47,C,END-ODL,PASS,AUC,M
20242080003,20056,OBA1102,"Matrices, Calculus & Linear Algebra",162,B.E. Mechanical Engineering,OFFLINE,1,15,62,77,A,END-ODL,PASS,AUC,M
20242080003,20057,OBA1103,Engineering Physics & Quantum Mechanics,162,B.E. Mechanical Engineering,OFFLINE,1,15,64,79,A,END-ODL,PASS,AUC,M
20242080003,20058,OBA1104,Engineering Chemistry & Material Science,162,B.E. Mechanical Engineering,OFFLINE,1,29,44,73,A,END-ODL,PASS,AUC,M
20242080003,20059,OBA1105,Problem Solving & Python Programming,162,B.E. Mechanical Engineering,OFFLINE,1,19,65,84,A+,END-ODL,PASS,AUC,M
20242080003,20060,OBA1106,Engineering Graphics & Modeling,162,B.E. Mechanical Engineering,OFFLINE,1,22,56,78,A,END-ODL,PASS,AUC,M
20242080003,20061,OBA1107,Physics & Chemistry Laboratory,162,B.E. Mechanical Engineering,OFFLINE,1,21,46,67,B+,END-ODL,PASS,AUC,M
20242080003,20062,OBA1108,Python Programming Laboratory,162,B.E. Mechanical Engineering,OFFLINE,1,23,49,72,A,END-ODL,PASS,AUC,M
20242080004,20055,OBA1101,Professional English & Technical Writing,162,B.E. Mechanical Engineering,OFFLINE,1,15,32,47,C,END-ODL,PASS,AUC,M
20242080004,20056,OBA1102,"Matrices, Calculus & Linear Algebra",162,B.E. Mechanical Engineering,OFFLINE,1,25,59,84,A+,END-ODL,PASS,AUC,M
20242080004,20057,OBA1103,Engineering Physics & Quantum Mechanics,162,B.E. Mechanical Engineering,OFFLINE,1,28,58,86,A+,END-ODL,PASS,AUC,M
20242080004,20058,OBA1104,Engineering Chemistry & Material Science,162,B.E. Mechanical Engineering,OFFLINE,1,20,62,82,A+,END-ODL,PASS,AUC,M
20242080004,20059,OBA1105,Problem Solving & Python Programming,162,B.E. Mechanical Engineering,OFFLINE,1,18,61,79,A,END-ODL,PASS,AUC,M
20242080004,20060,OBA1106,Engineering Graphics & Modeling,162,B.E. Mechanical Engineering,OFFLINE,1,15,56,71,A,END-ODL,PASS,AUC,M
20242080004,20061,OBA1107,Physics & Chemistry Laboratory,162,B.E. Mechanical Engineering,OFFLINE,1,19,54,73,A,END-ODL,PASS,AUC,M
20242080004,20062,OBA1108,Python Programming Laboratory,162,B.E. Mechanical Engineering,OFFLINE,1,23,37,60,B+,END-ODL,PASS,AUC,M
20242080005,20055,OBA1101,Professional English & Technical Writing,162,B.E. Mechanical Engineering,OFFLINE,1,21,27,48,C,END-ODL,PASS,AUC,M
20242080005,20056,OBA1102,"Matrices, Calculus & Linear Algebra",162,B.E. Mechanical Engineering,OFFLINE,1,15,51,66,B+,END-ODL,PASS,AUC,M
20242080005,20057,OBA1103,Engineering Physics & Quantum Mechanics,162,B.E. Mechanical Engineering,OFFLINE,1,25,54,79,A,END-ODL,PASS,AUC,M
20242080005,20058,OBA1104,Engineering Chemistry & Material Science,162,B.E. Mechanical Engineering,OFFLINE,1,29,63,92,O,END-ODL,PASS,AUC,M
20242080005,20059,OBA1105,Problem Solving & Python Programming,162,B.E. Mechanical Engineering,OFFLINE,1,20,40,60,B+,END-ODL,PASS,AUC,M
20242080005,20060,OBA1106,Engineering Graphics & Modeling,162,B.E. Mechanical Engineering,OFFLINE,1,15,39,54,B,END-ODL,PASS,AUC,M
20242080005,20061,OBA1107,Physics & Chemistry Laboratory,162,B.E. Mechanical Engineering,OFFLINE,1,29,56,85,A+,END-ODL,PASS,AUC,M
20242080005,20062,OBA1108,Python Programming Laboratory,162,B.E. Mechanical Engineering,OFFLINE,1,24,64,88,A+,END-ODL,PASS,AUC,M
20242080006,20055,OBA1101,Professional English & Technical Writing,162,B.E. Mechanical Engineering,OFFLINE,1,22,63,85,A+,END-ODL,PASS,AUC,M
20242080006,20056,OBA1102,"Matrices, Calculus & Linear Algebra",162,B.E. Mechanical Engineering,OFFLINE,1,16,54,70,A,END-ODL,PASS,AUC,M
20242080006,20057,OBA1103,Engineering Physics & Quantum Mechanics,162,B.E. Mechanical Engineering,OFFLINE,1,16,39,55,B,END-ODL,PASS,AUC,M
20242080006,20058,OBA1104,Engineering Chemistry & Material Science,162,B.E. Mechanical Engineering,OFFLINE,1,27,59,86,A+,END-ODL,PASS,AUC,M
20242080006,20059,OBA1105,Problem Solving & Python Programming,162,B.E. Mechanical Engineering,OFFLINE,1,19,28,47,C,END-ODL,PASS,AUC,M
20242080006,20060,OBA1106,Engineering Graphics & Modeling,162,B.E. Mechanical Engineering,OFFLINE,1,27,64,91,O,END-ODL,PASS,AUC,M
20242080006,20061,OBA1107,Physics & Chemistry Laboratory,162,B.E. Mechanical Engineering,OFFLINE,1,25,39,64,B+,END-ODL,PASS,AUC,M
20242080006,20062,OBA1108,Python Programming Laboratory,162,B.E. Mechanical Engineering,OFFLINE,1,16,52,68,B+,END-ODL,PASS,AUC,M
20242080007,20055,OBA1101,Professional English & Technical Writing,162,B.E. Mechanical Engineering,OFFLINE,1,23,43,66,B+,END-ODL,PASS,AUC,M
20242080007,20056,OBA1102,"Matrices, Calculus & Linear Algebra",162,B.E. Mechanical Engineering,OFFLINE,1,24,29,53,B,END-ODL,PASS,AUC,M
20242080007,20057,OBA1103,Engineering Physics & Quantum Mechanics,162,B.E. Mechanical Engineering,OFFLINE,1,15,60,75,A,END-ODL,PASS,AUC,M
20242080007,20058,OBA1104,Engineering Chemistry & Material Science,162,B.E. Mechanical Engineering,OFFLINE,1,25,53,78,A,END-ODL,PASS,AUC,M
20242080007,20059,OBA1105,Problem Solving & Python Programming,162,B.E. Mechanical Engineering,OFFLINE,1,18,38,56,B,END-ODL,PASS,AUC,M
20242080007,20060,OBA1106,Engineering Graphics & Modeling,162,B.E. Mechanical Engineering,OFFLINE,1,22,29,51,B,END-ODL,PASS,AUC,M
20242080007,20061,OBA1107,Physics & Chemistry Laboratory,162,B.E. Mechanical Engineering,OFFLINE,1,23,38,61,B+,END-ODL,PASS,AUC,M
20242080007,20062,OBA1108,Python Programming Laboratory,162,B.E. Mechanical Engineering,OFFLINE,1,25,61,86,A+,END-ODL,PASS,AUC,M
20242080008,20055,OBA1101,Professional English & Technical Writing,162,B.E. Mechanical Engineering,OFFLINE,1,22,63,85,A+,END-ODL,PASS,AUC,M
20242080008,20056,OBA1102,"Matrices, Calculus & Linear Algebra",162,B.E. Mechanical Engineering,OFFLINE,1,29,41,70,A,END-ODL,PASS,AUC,M
20242080008,20057,OBA1103,Engineering Physics & Quantum Mechanics,162,B.E. Mechanical Engineering,OFFLINE,1,25,38,63,B+,END-ODL,PASS,AUC,M
20242080008,20058,OBA1104,Engineering Chemistry & Material Science,162,B.E. Mechanical Engineering,OFFLINE,1,18,34,52,B,END-ODL,PASS,AUC,M
20242080008,20059,OBA1105,Problem Solving & Python Programming,162,B.E. Mechanical Engineering,OFFLINE,1,27,33,60,B+,END-ODL,PASS,AUC,M
20242080008,20060,OBA1106,Engineering Graphics & Modeling,162,B.E. Mechanical Engineering,OFFLINE,1,,,,,END-ODL,CANCELLED,AUC,M
20242080008,20061,OBA1107,Physics & Chemistry Laboratory,162,B.E. Mechanical Engineering,OFFLINE,1,21,59,80,A+,END-ODL,PASS,AUC,M
20242080008,20062,OBA1108,Python Programming Laboratory,162,B.E. Mechanical Engineering,OFFLINE,1,15,41,56,B,END-ODL,PASS,AUC,M
20242080009,20055,OBA1101,Professional English & Technical Writing,162,B.E. Mechanical Engineering,OFFLINE,1,16,42,58,B,END-ODL,PASS,AUC,M
20242080009,20056,OBA1102,"Matrices, Calculus & Linear Algebra",162,B.E. Mechanical Engineering,OFFLINE,1,25,49,74,A,END-ODL,PASS,AUC,M
20242080009,20057,OBA1103,Engineering Physics & Quantum Mechanics,162,B.E. Mechanical Engineering,OFFLINE,1,29,62,91,O,END-ODL,PASS,AUC,M
20242080009,20058,OBA1104,Engineering Chemistry & Material Science,162,B.E. Mechanical Engineering,OFFLINE,1,15,53,68,B+,END-ODL,PASS,AUC,M
20242080009,20059,OBA1105,Problem Solving & Python Programming,162,B.E. Mechanical Engineering,OFFLINE,1,18,52,70,A,END-ODL,PASS,AUC,M
20242080009,20060,OBA1106,Engineering Graphics & Modeling,162,B.E. Mechanical Engineering,OFFLINE,1,17,47,64,B+,END-ODL,PASS,AUC,M
20242080009,20061,OBA1107,Physics & Chemistry Laboratory,162,B.E. Mechanical Engineering,OFFLINE,1,25,31,56,B,END-ODL,PASS,AUC,M
20242080009,20062,OBA1108,Python Programming Laboratory,162,B.E. Mechanical Engineering,OFFLINE,1,21,64,85,A+,END-ODL,PASS,AUC,M
20242080010,20055,OBA1101,Professional English & Technical Writing,162,B.E. Mechanical Engineering,OFFLINE,1,29,48,77,A,END-ODL,PASS,AUC,M
20242080010,20056,OBA1102,"Matrices, Calculus & Linear Algebra",162,B.E. Mechanical Engineering,OFFLINE,1,29,45,74,A,END-ODL,PASS,AUC,M
20242080010,20057,OBA1103,Engineering Physics & Quantum Mechanics,162,B.E. Mechanical Engineering,OFFLINE,1,19,28,47,C,END-ODL,PASS,AUC,M
20242080010,20058,OBA1104,Engineering Chemistry & Material Science,162,B.E. Mechanical Engineering,OFFLINE,1,,,,,END-ODL,CANCELLED,AUC,M
20242080010,20059,OBA1105,Problem Solving & Python Programming,162,B.E. Mechanical Engineering,OFFLINE,1,28,60,88,A+,END-ODL,PASS,AUC,M
20242080010,20060,OBA1106,Engineering Graphics & Modeling,162,B.E. Mechanical Engineering,OFFLINE,1,20,27,47,C,END-ODL,PASS,AUC,M
20242080010,20061,OBA1107,Physics & Chemistry Laboratory,162,B.E. Mechanical Engineering,OFFLINE,1,29,45,74,A,END-ODL,PASS,AUC,M
20242080010,20062,OBA1108,Python Programming Laboratory,162,B.E. Mechanical Engineering,OFFLINE,1,21,51,72,A,END-ODL,PASS,AUC,M
20242080011,20055,OBA1101,Professional English & Technical Writing,162,B.E. Mechanical Engineering,OFFLINE,1,,,,,END-ODL,CANCELLED,AUC,M
20242080011,20056,OBA1102,"Matrices, Calculus & Linear Algebra",162,B.E. Mechanical Engineering,OFFLINE,1,20,42,62,B+,END-ODL,PASS,AUC,M
20242080011,20057,OBA1103,Engineering Physics & Quantum Mechanics,162,B.E. Mechanical Engineering,OFFLINE,1,18,44,62,B+,END-ODL,PASS,AUC,M
20242080011,20058,OBA1104,Engineering Chemistry & Material Science,162,B.E. Mechanical Engineering,OFFLINE,1,17,52,69,B+,END-ODL,PASS,AUC,M
20242080011,20059,OBA1105,Problem Solving & Python Programming,162,B.E. Mechanical Engineering,OFFLINE,1,16,30,46,C,END-ODL,PASS,AUC,M
20242080011,20060,OBA1106,Engineering Graphics & Modeling,162,B.E. Mechanical Engineering,OFFLINE,1,26,48,74,A,END-ODL,PASS,AUC,M
20242080011,20061,OBA1107,Physics & Chemistry Laboratory,162,B.E. Mechanical Engineering,OFFLINE,1,17,57,74,A,END-ODL,PASS,AUC,M
20242080011,20062,OBA1108,Python Programming Laboratory,162,B.E. Mechanical Engineering,OFFLINE,1,28,39,67,B+,END-ODL,PASS,AUC,M
20242080012,20055,OBA1101,Professional English & Technical Writing,162,B.E. Mechanical Engineering,OFFLINE,1,22,45,67,B+,END-ODL,PASS,AUC,M
20242080012,20056,OBA1102,"Matrices, Calculus & Linear Algebra",162,B.E. Mechanical Engineering,OFFLINE,1,15,38,53,B,END-ODL,PASS,AUC,M
20242080012,20057,OBA1103,Engineering Physics & Quantum Mechanics,162,B.E. Mechanical Engineering,OFFLINE,1,27,47,74,A,END-ODL,PASS,AUC,M
20242080012,20058,OBA1104,Engineering Chemistry & Material Science,162,B.E. Mechanical Engineering,OFFLINE,1,18,38,56,B,END-ODL,PASS,AUC,M
20242080012,20059,OBA1105,Problem Solving & Python Programming,162,B.E. Mechanical Engineering,OFFLINE,1,21,59,80,A+,END-ODL,PASS,AUC,M
20242080012,20060,OBA1106,Engineering Graphics & Modeling,162,B.E. Mechanical Engineering,OFFLINE,1,24,63,87,A+,END-ODL,PASS,AUC,M
20242080012,20061,OBA1107,Physics & Chemistry Laboratory,162,B.E. Mechanical Engineering,OFFLINE,1,29,28,57,B,END-ODL,PASS,AUC,M
20242080012,20062,OBA1108,Python Programming Laboratory,162,B.E. Mechanical Engineering,OFFLINE,1,21,43,64,B+,END-ODL,PASS,AUC,M
20242080013,20055,OBA1101,Professional English & Technical Writing,162,B.E. Mechanical Engineering,OFFLINE,1,22,30,52,B,END-ODL,PASS,AUC,M
20242080013,20056,OBA1102,"Matrices, Calculus & Linear Algebra",162,B.E. Mechanical Engineering,OFFLINE,1,17,33,50,B,END-ODL,PASS,AUC,M
20242080013,20057,OBA1103,Engineering Physics & Quantum Mechanics,162,B.E. Mechanical Engineering,OFFLINE,1,22,53,75,A,END-ODL,PASS,AUC,M
20242080013,20058,OBA1104,Engineering Chemistry & Material Science,162,B.E. Mechanical Engineering,OFFLINE,1,19,52,71,A,END-ODL,PASS,AUC,M
20242080013,20059,OBA1105,Problem Solving & Python Programming,162,B.E. Mechanical Engineering,OFFLINE,1,17,62,79,A,END-ODL,PASS,AUC,M
20242080013,20060,OBA1106,Engineering Graphics & Modeling,162,B.E. Mechanical Engineering,OFFLINE,1,28,37,65,B+,END-ODL,PASS,AUC,M
20242080013,20061,OBA1107,Physics & Chemistry Laboratory,162,B.E. Mechanical Engineering,OFFLINE,1,16,48,64,B+,END-ODL,PASS,AUC,M
20242080013,20062,OBA1108,Python Programming Laboratory,162,B.E. Mechanical Engineering,OFFLINE,1,28,45,73,A,END-ODL,PASS,AUC,M
20242080014,20055,OBA1101,Professional English & Technical Writing,162,B.E. Mechanical Engineering,OFFLINE,1,15,65,80,A+,END-ODL,PASS,AUC,M
20242080014,20056,OBA1102,"Matrices, Calculus & Linear Algebra",162,B.E. Mechanical Engineering,OFFLINE,1,26,59,85,A+,END-ODL,PASS,AUC,M
20242080014,20057,OBA1103,Engineering Physics & Quantum Mechanics,162,B.E. Mechanical Engineering,OFFLINE,1,19,27,46,C,END-ODL,PASS,AUC,M
20242080014,20058,OBA1104,Engineering Chemistry & Material Science,162,B.E. Mechanical Engineering,OFFLINE,1,19,65,84,A+,END-ODL,PASS,AUC,M
20242080014,20059,OBA1105,Problem Solving & Python Programming,162,B.E. Mechanical Engineering,OFFLINE,1,23,49,72,A,END-ODL,PASS,AUC,M
20242080014,20060,OBA1106,Engineering Graphics & Modeling,162,B.E. Mechanical Engineering,OFFLINE,1,23,50,73,A,END-ODL,PASS,AUC,M
20242080014,20061,OBA1107,Physics & Chemistry Laboratory,162,B.E. Mechanical Engineering,OFFLINE,1,29,31,60,B+,END-ODL,PASS,AUC,M
20242080014,20062,OBA1108,Python Programming Laboratory,162,B.E. Mechanical Engineering,OFFLINE,1,23,54,77,A,END-ODL,PASS,AUC,M
20242080015,20055,OBA1101,Professional English & Technical Writing,162,B.E. Mechanical Engineering,OFFLINE,1,28,44,72,A,END-ODL,PASS,AUC,M
20242080015,20056,OBA1102,"Matrices, Calculus & Linear Algebra",162,B.E. Mechanical Engineering,OFFLINE,1,26,52,78,A,END-ODL,PASS,AUC,M
20242080015,20057,OBA1103,Engineering Physics & Quantum Mechanics,162,B.E. Mechanical Engineering,OFFLINE,1,20,41,61,B+,END-ODL,PASS,AUC,M
20242080015,20058,OBA1104,Engineering Chemistry & Material Science,162,B.E. Mechanical Engineering,OFFLINE,1,20,61,81,A+,END-ODL,PASS,AUC,M
20242080015,20059,OBA1105,Problem Solving & Python Programming,162,B.E. Mechanical Engineering,OFFLINE,1,24,39,63,B+,END-ODL,PASS,AUC,M
20242080015,20060,OBA1106,Engineering Graphics & Modeling,162,B.E. Mechanical Engineering,OFFLINE,1,29,49,78,A,END-ODL,PASS,AUC,M
20242080015,20061,OBA1107,Physics & Chemistry Laboratory,162,B.E. Mechanical Engineering,OFFLINE,1,28,49,77,A,END-ODL,PASS,AUC,M
20242080015,20062,OBA1108,Python Programming Laboratory,162,B.E. Mechanical Engineering,OFFLINE,1,18,31,49,C,END-ODL,PASS,AUC,M
20242080016,20055,OBA1101,Professional English & Technical Writing,162,B.E. Mechanical Engineering,OFFLINE,1,18,56,74,A,END-ODL,PASS,AUC,M
20242080016,20056,OBA1102,"Matrices, Calculus & Linear Algebra",162,B.E. Mechanical Engineering,OFFLINE,1,28,41,69,B+,END-ODL,PASS,AUC,M
20242080016,20057,OBA1103,Engineering Physics & Quantum Mechanics,162,B.E. Mechanical Engineering,OFFLINE,1,26,27,53,B,END-ODL,PASS,AUC,M
20242080016,20058,OBA1104,Engineering Chemistry & Material Science,162,B.E. Mechanical Engineering,OFFLINE,1,20,48,68,B+,END-ODL,PASS,AUC,M
20242080016,20059,OBA1105,Problem Solving & Python Programming,162,B.E. Mechanical Engineering,OFFLINE,1,21,59,80,A+,END-ODL,PASS,AUC,M
20242080016,20060,OBA1106,Engineering Graphics & Modeling,162,B.E. Mechanical Engineering,OFFLINE,1,29,28,57,B,END-ODL,PASS,AUC,M
20242080016,20061,OBA1107,Physics & Chemistry Laboratory,162,B.E. Mechanical Engineering,OFFLINE,1,,,,,END-ODL,CANCELLED,AUC,M
20242080016,20062,OBA1108,Python Programming Laboratory,162,B.E. Mechanical Engineering,OFFLINE,1,19,26,45,C,END-ODL,PASS,AUC,M
20242080017,20055,OBA1101,Professional English & Technical Writing,162,B.E. Mechanical Engineering,OFFLINE,1,23,59,82,A+,END-ODL,PASS,AUC,M
20242080017,20056,OBA1102,"Matrices, Calculus & Linear Algebra",162,B.E. Mechanical Engineering,OFFLINE,1,19,54,73,A,END-ODL,PASS,AUC,M
20242080017,20057,OBA1103,Engineering Physics & Quantum Mechanics,162,B.E. Mechanical Engineering,OFFLINE,1,25,48,73,A,END-ODL,PASS,AUC,M
20242080017,20058,OBA1104,Engineering Chemistry & Material Science,162,B.E. Mechanical Engineering,OFFLINE,1,18,52,70,A,END-ODL,PASS,AUC,M
20242080017,20059,OBA1105,Problem Solving & Python Programming,162,B.E. Mechanical Engineering,OFFLINE,1,,,,,END-ODL,CANCELLED,AUC,M
20242080017,20060,OBA1106,Engineering Graphics & Modeling,162,B.E. Mechanical Engineering,OFFLINE,1,,,,,END-ODL,CANCELLED,AUC,M
20242080017,20061,OBA1107,Physics & Chemistry Laboratory,162,B.E. Mechanical Engineering,OFFLINE,1,15,26,41,C,END-ODL,PASS,AUC,M
20242080017,20062,OBA1108,Python Programming Laboratory,162,B.E. Mechanical Engineering,OFFLINE,1,28,39,67,B+,END-ODL,PASS,AUC,M
20242080018,20055,OBA1101,Professional English & Technical Writing,162,B.E. Mechanical Engineering,OFFLINE,1,29,44,73,A,END-ODL,PASS,AUC,M
20242080018,20056,OBA1102,"Matrices, Calculus & Linear Algebra",162,B.E. Mechanical Engineering,OFFLINE,1,25,39,64,B+,END-ODL,PASS,AUC,M
20242080018,20057,OBA1103,Engineering Physics & Quantum Mechanics,162,B.E. Mechanical Engineering,OFFLINE,1,17,59,76,A,END-ODL,PASS,AUC,M
20242080018,20058,OBA1104,Engineering Chemistry & Material Science,162,B.E. Mechanical Engineering,OFFLINE,1,28,47,75,A,END-ODL,PASS,AUC,M
20242080018,20059,OBA1105,Problem Solving & Python Programming,162,B.E. Mechanical Engineering,OFFLINE,1,29,54,83,A+,END-ODL,PASS,AUC,M
20242080018,20060,OBA1106,Engineering Graphics & Modeling,162,B.E. Mechanical Engineering,OFFLINE,1,25,36,61,B+,END-ODL,PASS,AUC,M
20242080018,20061,OBA1107,Physics & Chemistry Laboratory,162,B.E. Mechanical Engineering,OFFLINE,1,24,26,50,B,END-ODL,PASS,AUC,M
20242080018,20062,OBA1108,Python Programming Laboratory,162,B.E. Mechanical Engineering,OFFLINE,1,27,55,82,A+,END-ODL,PASS,AUC,M
20242080019,20055,OBA1101,Professional English & Technical Writing,162,B.E. Mechanical Engineering,OFFLINE,1,15,64,79,A,END-ODL,PASS,AUC,M
20242080019,20056,OBA1102,"Matrices, Calculus & Linear Algebra",162,B.E. Mechanical Engineering,OFFLINE,1,19,60,79,A,END-ODL,PASS,AUC,M
20242080019,20057,OBA1103,Engineering Physics & Quantum Mechanics,162,B.E. Mechanical Engineering,OFFLINE,1,23,54,77,A,END-ODL,PASS,AUC,M
20242080019,20058,OBA1104,Engineering Chemistry & Material Science,162,B.E. Mechanical Engineering,OFFLINE,1,22,51,73,A,END-ODL,PASS,AUC,M
20242080019,20059,OBA1105,Problem Solving & Python Programming,162,B.E. Mechanical Engineering,OFFLINE,1,21,31,52,B,END-ODL,PASS,AUC,M
20242080019,20060,OBA1106,Engineering Graphics & Modeling,162,B.E. Mechanical Engineering,OFFLINE,1,24,65,89,A+,END-ODL,PASS,AUC,M
20242080019,20061,OBA1107,Physics & Chemistry Laboratory,162,B.E. Mechanical Engineering,OFFLINE,1,17,47,64,B+,END-ODL,PASS,AUC,M
20242080019,20062,OBA1108,Python Programming Laboratory,162,B.E. Mechanical Engineering,OFFLINE,1,15,47,62,B+,END-ODL,PASS,AUC,M
20242080020,20055,OBA1101,Professional English & Technical Writing,162,B.E. Mechanical Engineering,OFFLINE,1,20,33,53,B,END-ODL,PASS,AUC,M
20242080020,20056,OBA1102,"Matrices, Calculus & Linear Algebra",162,B.E. Mechanical Engineering,OFFLINE,1,15,58,73,A,END-ODL,PASS,AUC,M
20242080020,20057,OBA1103,Engineering Physics & Quantum Mechanics,162,B.E. Mechanical Engineering,OFFLINE,1,17,28,45,C,END-ODL,PASS,AUC,M
20242080020,20058,OBA1104,Engineering Chemistry & Material Science,162,B.E. Mechanical Engineering,OFFLINE,1,26,60,86,A+,END-ODL,PASS,AUC,M
20242080020,20059,OBA1105,Problem Solving & Python Programming,162,B.E. Mechanical Engineering,OFFLINE,1,24,42,66,B+,END-ODL,PASS,AUC,M
20242080020,20060,OBA1106,Engineering Graphics & Modeling,162,B.E. Mechanical Engineering,OFFLINE,1,23,56,79,A,END-ODL,PASS,AUC,M
20242080020,20061,OBA1107,Physics & Chemistry Laboratory,162,B.E. Mechanical Engineering,OFFLINE,1,21,57,78,A,END-ODL,PASS,AUC,M
20242080020,20062,OBA1108,Python Programming Laboratory,162,B.E. Mechanical Engineering,OFFLINE,1,16,29,45,C,END-ODL,PASS,AUC,M
20242090001,20055,OBA1101,Professional English & Technical Writing,163,B.E. Civil Engineering,OFFLINE,1,28,32,60,B+,END-ODL,PASS,AUC,M
20242090001,20056,OBA1102,"Matrices, Calculus & Linear Algebra",163,B.E. Civil Engineering,OFFLINE,1,16,50,66,B+,END-ODL,PASS,AUC,M
20242090001,20057,OBA1103,Engineering Physics & Quantum Mechanics,163,B.E. Civil Engineering,OFFLINE,1,16,60,76,A,END-ODL,PASS,AUC,M
20242090001,20058,OBA1104,Engineering Chemistry & Material Science,163,B.E. Civil Engineering,OFFLINE,1,28,49,77,A,END-ODL,PASS,AUC,M
20242090001,20059,OBA1105,Problem Solving & Python Programming,163,B.E. Civil Engineering,OFFLINE,1,19,56,75,A,END-ODL,PASS,AUC,M
20242090001,20060,OBA1106,Engineering Graphics & Modeling,163,B.E. Civil Engineering,OFFLINE,1,17,37,54,B,END-ODL,PASS,AUC,M
20242090001,20061,OBA1107,Physics & Chemistry Laboratory,163,B.E. Civil Engineering,OFFLINE,1,17,39,56,B,END-ODL,PASS,AUC,M
20242090001,20062,OBA1108,Python Programming Laboratory,163,B.E. Civil Engineering,OFFLINE,1,17,32,49,C,END-ODL,PASS,AUC,M
20242090002,20055,OBA1101,Professional English & Technical Writing,163,B.E. Civil Engineering,OFFLINE,1,19,48,67,B+,END-ODL,PASS,AUC,M
20242090002,20056,OBA1102,"Matrices, Calculus & Linear Algebra",163,B.E. Civil Engineering,OFFLINE,1,22,59,81,A+,END-ODL,PASS,AUC,M
20242090002,20057,OBA1103,Engineering Physics & Quantum Mechanics,163,B.E. Civil Engineering,OFFLINE,1,18,48,66,B+,END-ODL,PASS,AUC,M
20242090002,20058,OBA1104,Engineering Chemistry & Material Science,163,B.E. Civil Engineering,OFFLINE,1,27,31,58,B,END-ODL,PASS,AUC,M
20242090002,20059,OBA1105,Problem Solving & Python Programming,163,B.E. Civil Engineering,OFFLINE,1,27,65,92,O,END-ODL,PASS,AUC,M
20242090002,20060,OBA1106,Engineering Graphics & Modeling,163,B.E. Civil Engineering,OFFLINE,1,16,52,68,B+,END-ODL,PASS,AUC,M
20242090002,20061,OBA1107,Physics & Chemistry Laboratory,163,B.E. Civil Engineering,OFFLINE,1,20,41,61,B+,END-ODL,PASS,AUC,M
20242090002,20062,OBA1108,Python Programming Laboratory,163,B.E. Civil Engineering,OFFLINE,1,29,28,57,B,END-ODL,PASS,AUC,M
20242090003,20055,OBA1101,Professional English & Technical Writing,163,B.E. Civil Engineering,OFFLINE,1,20,34,54,B,END-ODL,PASS,AUC,M
20242090003,20056,OBA1102,"Matrices, Calculus & Linear Algebra",163,B.E. Civil Engineering,OFFLINE,1,29,50,79,A,END-ODL,PASS,AUC,M
20242090003,20057,OBA1103,Engineering Physics & Quantum Mechanics,163,B.E. Civil Engineering,OFFLINE,1,25,34,59,B,END-ODL,PASS,AUC,M
20242090003,20058,OBA1104,Engineering Chemistry & Material Science,163,B.E. Civil Engineering,OFFLINE,1,22,47,69,B+,END-ODL,PASS,AUC,M
20242090003,20059,OBA1105,Problem Solving & Python Programming,163,B.E. Civil Engineering,OFFLINE,1,23,28,51,B,END-ODL,PASS,AUC,M
20242090003,20060,OBA1106,Engineering Graphics & Modeling,163,B.E. Civil Engineering,OFFLINE,1,20,49,69,B+,END-ODL,PASS,AUC,M
20242090003,20061,OBA1107,Physics & Chemistry Laboratory,163,B.E. Civil Engineering,OFFLINE,1,21,40,61,B+,END-ODL,PASS,AUC,M
20242090003,20062,OBA1108,Python Programming Laboratory,163,B.E. Civil Engineering,OFFLINE,1,22,39,61,B+,END-ODL,PASS,AUC,M
20242090004,20055,OBA1101,Professional English & Technical Writing,163,B.E. Civil Engineering,OFFLINE,1,26,28,54,B,END-ODL,PASS,AUC,M
20242090004,20056,OBA1102,"Matrices, Calculus & Linear Algebra",163,B.E. Civil Engineering,OFFLINE,1,15,62,77,A,END-ODL,PASS,AUC,M
20242090004,20057,OBA1103,Engineering Physics & Quantum Mechanics,163,B.E. Civil Engineering,OFFLINE,1,29,62,91,O,END-ODL,PASS,AUC,M
20242090004,20058,OBA1104,Engineering Chemistry & Material Science,163,B.E. Civil Engineering,OFFLINE,1,26,55,81,A+,END-ODL,PASS,AUC,M
20242090004,20059,OBA1105,Problem Solving & Python Programming,163,B.E. Civil Engineering,OFFLINE,1,26,29,55,B,END-ODL,PASS,AUC,M
20242090004,20060,OBA1106,Engineering Graphics & Modeling,163,B.E. Civil Engineering,OFFLINE,1,22,49,71,A,END-ODL,PASS,AUC,M
20242090004,20061,OBA1107,Physics & Chemistry Laboratory,163,B.E. Civil Engineering,OFFLINE,1,27,33,60,B+,END-ODL,PASS,AUC,M
20242090004,20062,OBA1108,Python Programming Laboratory,163,B.E. Civil Engineering,OFFLINE,1,29,60,89,A+,END-ODL,PASS,AUC,M
20242090005,20055,OBA1101,Professional English & Technical Writing,163,B.E. Civil Engineering,OFFLINE,1,29,57,86,A+,END-ODL,PASS,AUC,M
20242090005,20056,OBA1102,"Matrices, Calculus & Linear Algebra",163,B.E. Civil Engineering,OFFLINE,1,22,47,69,B+,END-ODL,PASS,AUC,M
20242090005,20057,OBA1103,Engineering Physics & Quantum Mechanics,163,B.E. Civil Engineering,OFFLINE,1,17,52,69,B+,END-ODL,PASS,AUC,M
20242090005,20058,OBA1104,Engineering Chemistry & Material Science,163,B.E. Civil Engineering,OFFLINE,1,28,43,71,A,END-ODL,PASS,AUC,M
20242090005,20059,OBA1105,Problem Solving & Python Programming,163,B.E. Civil Engineering,OFFLINE,1,20,48,68,B+,END-ODL,PASS,AUC,M
20242090005,20060,OBA1106,Engineering Graphics & Modeling,163,B.E. Civil Engineering,OFFLINE,1,29,49,78,A,END-ODL,PASS,AUC,M
20242090005,20061,OBA1107,Physics & Chemistry Laboratory,163,B.E. Civil Engineering,OFFLINE,1,15,31,46,C,END-ODL,PASS,AUC,M
20242090005,20062,OBA1108,Python Programming Laboratory,163,B.E. Civil Engineering,OFFLINE,1,17,48,65,B+,END-ODL,PASS,AUC,M
20242090006,20055,OBA1101,Professional English & Technical Writing,163,B.E. Civil Engineering,OFFLINE,1,20,33,53,B,END-ODL,PASS,AUC,M
20242090006,20056,OBA1102,"Matrices, Calculus & Linear Algebra",163,B.E. Civil Engineering,OFFLINE,1,26,52,78,A,END-ODL,PASS,AUC,M
20242090006,20057,OBA1103,Engineering Physics & Quantum Mechanics,163,B.E. Civil Engineering,OFFLINE,1,29,29,58,B,END-ODL,PASS,AUC,M
20242090006,20058,OBA1104,Engineering Chemistry & Material Science,163,B.E. Civil Engineering,OFFLINE,1,17,58,75,A,END-ODL,PASS,AUC,M
20242090006,20059,OBA1105,Problem Solving & Python Programming,163,B.E. Civil Engineering,OFFLINE,1,24,55,79,A,END-ODL,PASS,AUC,M
20242090006,20060,OBA1106,Engineering Graphics & Modeling,163,B.E. Civil Engineering,OFFLINE,1,22,38,60,B+,END-ODL,PASS,AUC,M
20242090006,20061,OBA1107,Physics & Chemistry Laboratory,163,B.E. Civil Engineering,OFFLINE,1,24,44,68,B+,END-ODL,PASS,AUC,M
20242090006,20062,OBA1108,Python Programming Laboratory,163,B.E. Civil Engineering,OFFLINE,1,24,45,69,B+,END-ODL,PASS,AUC,M
20242090007,20055,OBA1101,Professional English & Technical Writing,163,B.E. Civil Engineering,OFFLINE,1,26,46,72,A,END-ODL,PASS,AUC,M
20242090007,20056,OBA1102,"Matrices, Calculus & Linear Algebra",163,B.E. Civil Engineering,OFFLINE,1,26,62,88,A+,END-ODL,PASS,AUC,M
20242090007,20057,OBA1103,Engineering Physics & Quantum Mechanics,163,B.E. Civil Engineering,OFFLINE,1,29,62,91,O,END-ODL,PASS,AUC,M
20242090007,20058,OBA1104,Engineering Chemistry & Material Science,163,B.E. Civil Engineering,OFFLINE,1,24,37,61,B+,END-ODL,PASS,AUC,M
20242090007,20059,OBA1105,Problem Solving & Python Programming,163,B.E. Civil Engineering,OFFLINE,1,19,57,76,A,END-ODL,PASS,AUC,M
20242090007,20060,OBA1106,Engineering Graphics & Modeling,163,B.E. Civil Engineering,OFFLINE,1,29,44,73,A,END-ODL,PASS,AUC,M
20242090007,20061,OBA1107,Physics & Chemistry Laboratory,163,B.E. Civil Engineering,OFFLINE,1,24,56,80,A+,END-ODL,PASS,AUC,M
20242090007,20062,OBA1108,Python Programming Laboratory,163,B.E. Civil Engineering,OFFLINE,1,15,56,71,A,END-ODL,PASS,AUC,M
20242090008,20055,OBA1101,Professional English & Technical Writing,163,B.E. Civil Engineering,OFFLINE,1,25,60,85,A+,END-ODL,PASS,AUC,M
20242090008,20056,OBA1102,"Matrices, Calculus & Linear Algebra",163,B.E. Civil Engineering,OFFLINE,1,28,57,85,A+,END-ODL,PASS,AUC,M
20242090008,20057,OBA1103,Engineering Physics & Quantum Mechanics,163,B.E. Civil Engineering,OFFLINE,1,17,31,48,C,END-ODL,PASS,AUC,M
20242090008,20058,OBA1104,Engineering Chemistry & Material Science,163,B.E. Civil Engineering,OFFLINE,1,27,53,80,A+,END-ODL,PASS,AUC,M
20242090008,20059,OBA1105,Problem Solving & Python Programming,163,B.E. Civil Engineering,OFFLINE,1,20,65,85,A+,END-ODL,PASS,AUC,M
20242090008,20060,OBA1106,Engineering Graphics & Modeling,163,B.E. Civil Engineering,OFFLINE,1,27,26,53,B,END-ODL,PASS,AUC,M
20242090008,20061,OBA1107,Physics & Chemistry Laboratory,163,B.E. Civil Engineering,OFFLINE,1,29,62,91,O,END-ODL,PASS,AUC,M
20242090008,20062,OBA1108,Python Programming Laboratory,163,B.E. Civil Engineering,OFFLINE,1,20,52,72,A,END-ODL,PASS,AUC,M
20242090009,20055,OBA1101,Professional English & Technical Writing,163,B.E. Civil Engineering,OFFLINE,1,16,31,47,C,END-ODL,PASS,AUC,M
20242090009,20056,OBA1102,"Matrices, Calculus & Linear Algebra",163,B.E. Civil Engineering,OFFLINE,1,27,59,86,A+,END-ODL,PASS,AUC,M
20242090009,20057,OBA1103,Engineering Physics & Quantum Mechanics,163,B.E. Civil Engineering,OFFLINE,1,27,41,68,B+,END-ODL,PASS,AUC,M
20242090009,20058,OBA1104,Engineering Chemistry & Material Science,163,B.E. Civil Engineering,OFFLINE,1,22,28,50,B,END-ODL,PASS,AUC,M
20242090009,20059,OBA1105,Problem Solving & Python Programming,163,B.E. Civil Engineering,OFFLINE,1,25,47,72,A,END-ODL,PASS,AUC,M
20242090009,20060,OBA1106,Engineering Graphics & Modeling,163,B.E. Civil Engineering,OFFLINE,1,20,40,60,B+,END-ODL,PASS,AUC,M
20242090009,20061,OBA1107,Physics & Chemistry Laboratory,163,B.E. Civil Engineering,OFFLINE,1,21,27,48,C,END-ODL,PASS,AUC,M
20242090009,20062,OBA1108,Python Programming Laboratory,163,B.E. Civil Engineering,OFFLINE,1,19,53,72,A,END-ODL,PASS,AUC,M
20242090010,20055,OBA1101,Professional English & Technical Writing,163,B.E. Civil Engineering,OFFLINE,1,21,28,49,C,END-ODL,PASS,AUC,M
20242090010,20056,OBA1102,"Matrices, Calculus & Linear Algebra",163,B.E. Civil Engineering,OFFLINE,1,19,46,65,B+,END-ODL,PASS,AUC,M
20242090010,20057,OBA1103,Engineering Physics & Quantum Mechanics,163,B.E. Civil Engineering,OFFLINE,1,21,44,65,B+,END-ODL,PASS,AUC,M
20242090010,20058,OBA1104,Engineering Chemistry & Material Science,163,B.E. Civil Engineering,OFFLINE,1,27,45,72,A,END-ODL,PASS,AUC,M
20242090010,20059,OBA1105,Problem Solving & Python Programming,163,B.E. Civil Engineering,OFFLINE,1,16,62,78,A,END-ODL,PASS,AUC,M
20242090010,20060,OBA1106,Engineering Graphics & Modeling,163,B.E. Civil Engineering,OFFLINE,1,25,44,69,B+,END-ODL,PASS,AUC,M
20242090010,20061,OBA1107,Physics & Chemistry Laboratory,163,B.E. Civil Engineering,OFFLINE,1,24,51,75,A,END-ODL,PASS,AUC,M
20242090010,20062,OBA1108,Python Programming Laboratory,163,B.E. Civil Engineering,OFFLINE,1,23,54,77,A,END-ODL,PASS,AUC,M
20242090011,20055,OBA1101,Professional English & Technical Writing,163,B.E. Civil Engineering,OFFLINE,1,16,35,51,B,END-ODL,PASS,AUC,M
20242090011,20056,OBA1102,"Matrices, Calculus & Linear Algebra",163,B.E. Civil Engineering,OFFLINE,1,18,62,80,A+,END-ODL,PASS,AUC,M
20242090011,20057,OBA1103,Engineering Physics & Quantum Mechanics,163,B.E. Civil Engineering,OFFLINE,1,23,26,49,C,END-ODL,PASS,AUC,M
20242090011,20058,OBA1104,Engineering Chemistry & Material Science,163,B.E. Civil Engineering,OFFLINE,1,18,47,65,B+,END-ODL,PASS,AUC,M
20242090011,20059,OBA1105,Problem Solving & Python Programming,163,B.E. Civil Engineering,OFFLINE,1,15,32,47,C,END-ODL,PASS,AUC,M
20242090011,20060,OBA1106,Engineering Graphics & Modeling,163,B.E. Civil Engineering,OFFLINE,1,27,30,57,B,END-ODL,PASS,AUC,M
20242090011,20061,OBA1107,Physics & Chemistry Laboratory,163,B.E. Civil Engineering,OFFLINE,1,25,64,89,A+,END-ODL,PASS,AUC,M
20242090011,20062,OBA1108,Python Programming Laboratory,163,B.E. Civil Engineering,OFFLINE,1,22,26,48,C,END-ODL,PASS,AUC,M
20242090012,20055,OBA1101,Professional English & Technical Writing,163,B.E. Civil Engineering,OFFLINE,1,17,62,79,A,END-ODL,PASS,AUC,M
20242090012,20056,OBA1102,"Matrices, Calculus & Linear Algebra",163,B.E. Civil Engineering,OFFLINE,1,23,30,53,B,END-ODL,PASS,AUC,M
20242090012,20057,OBA1103,Engineering Physics & Quantum Mechanics,163,B.E. Civil Engineering,OFFLINE,1,16,60,76,A,END-ODL,PASS,AUC,M
20242090012,20058,OBA1104,Engineering Chemistry & Material Science,163,B.E. Civil Engineering,OFFLINE,1,29,35,64,B+,END-ODL,PASS,AUC,M
20242090012,20059,OBA1105,Problem Solving & Python Programming,163,B.E. Civil Engineering,OFFLINE,1,15,57,72,A,END-ODL,PASS,AUC,M
20242090012,20060,OBA1106,Engineering Graphics & Modeling,163,B.E. Civil Engineering,OFFLINE,1,25,39,64,B+,END-ODL,PASS,AUC,M
20242090012,20061,OBA1107,Physics & Chemistry Laboratory,163,B.E. Civil Engineering,OFFLINE,1,17,28,45,C,END-ODL,PASS,AUC,M
20242090012,20062,OBA1108,Python Programming Laboratory,163,B.E. Civil Engineering,OFFLINE,1,21,54,75,A,END-ODL,PASS,AUC,M
20242090013,20055,OBA1101,Professional English & Technical Writing,163,B.E. Civil Engineering,OFFLINE,1,19,37,56,B,END-ODL,PASS,AUC,M
20242090013,20056,OBA1102,"Matrices, Calculus & Linear Algebra",163,B.E. Civil Engineering,OFFLINE,1,,,,,END-ODL,CANCELLED,AUC,M
20242090013,20057,OBA1103,Engineering Physics & Quantum Mechanics,163,B.E. Civil Engineering,OFFLINE,1,23,56,79,A,END-ODL,PASS,AUC,M
20242090013,20058,OBA1104,Engineering Chemistry & Material Science,163,B.E. Civil Engineering,OFFLINE,1,17,52,69,B+,END-ODL,PASS,AUC,M
20242090013,20059,OBA1105,Problem Solving & Python Programming,163,B.E. Civil Engineering,OFFLINE,1,23,60,83,A+,END-ODL,PASS,AUC,M
20242090013,20060,OBA1106,Engineering Graphics & Modeling,163,B.E. Civil Engineering,OFFLINE,1,18,30,48,C,END-ODL,PASS,AUC,M
20242090013,20061,OBA1107,Physics & Chemistry Laboratory,163,B.E. Civil Engineering,OFFLINE,1,18,61,79,A,END-ODL,PASS,AUC,M
20242090013,20062,OBA1108,Python Programming Laboratory,163,B.E. Civil Engineering,OFFLINE,1,17,54,71,A,END-ODL,PASS,AUC,M
20242090014,20055,OBA1101,Professional English & Technical Writing,163,B.E. Civil Engineering,OFFLINE,1,28,46,74,A,END-ODL,PASS,AUC,M
20242090014,20056,OBA1102,"Matrices, Calculus & Linear Algebra",163,B.E. Civil Engineering,OFFLINE,1,,,,,END-ODL,CANCELLED,AUC,M
20242090014,20057,OBA1103,Engineering Physics & Quantum Mechanics,163,B.E. Civil Engineering,OFFLINE,1,23,63,86,A+,END-ODL,PASS,AUC,M
20242090014,20058,OBA1104,Engineering Chemistry & Material Science,163,B.E. Civil Engineering,OFFLINE,1,26,60,86,A+,END-ODL,PASS,AUC,M
20242090014,20059,OBA1105,Problem Solving & Python Programming,163,B.E. Civil Engineering,OFFLINE,1,20,59,79,A,END-ODL,PASS,AUC,M
20242090014,20060,OBA1106,Engineering Graphics & Modeling,163,B.E. Civil Engineering,OFFLINE,1,28,63,91,O,END-ODL,PASS,AUC,M
20242090014,20061,OBA1107,Physics & Chemistry Laboratory,163,B.E. Civil Engineering,OFFLINE,1,19,61,80,A+,END-ODL,PASS,AUC,M
20242090014,20062,OBA1108,Python Programming Laboratory,163,B.E. Civil Engineering,OFFLINE,1,18,35,53,B,END-ODL,PASS,AUC,M
20242090015,20055,OBA1101,Professional English & Technical Writing,163,B.E. Civil Engineering,OFFLINE,1,21,55,76,A,END-ODL,PASS,AUC,M
20242090015,20056,OBA1102,"Matrices, Calculus & Linear Algebra",163,B.E. Civil Engineering,OFFLINE,1,17,37,54,B,END-ODL,PASS,AUC,M
20242090015,20057,OBA1103,Engineering Physics & Quantum Mechanics,163,B.E. Civil Engineering,OFFLINE,1,24,50,74,A,END-ODL,PASS,AUC,M
20242090015,20058,OBA1104,Engineering Chemistry & Material Science,163,B.E. Civil Engineering,OFFLINE,1,27,41,68,B+,END-ODL,PASS,AUC,M
20242090015,20059,OBA1105,Problem Solving & Python Programming,163,B.E. Civil Engineering,OFFLINE,1,16,51,67,B+,END-ODL,PASS,AUC,M
20242090015,20060,OBA1106,Engineering Graphics & Modeling,163,B.E. Civil Engineering,OFFLINE,1,20,63,83,A+,END-ODL,PASS,AUC,M
20242090015,20061,OBA1107,Physics & Chemistry Laboratory,163,B.E. Civil Engineering,OFFLINE,1,23,54,77,A,END-ODL,PASS,AUC,M
20242090015,20062,OBA1108,Python Programming Laboratory,163,B.E. Civil Engineering,OFFLINE,1,15,42,57,B,END-ODL,PASS,AUC,M
20242090016,20055,OBA1101,Professional English & Technical Writing,163,B.E. Civil Engineering,OFFLINE,1,18,28,46,C,END-ODL,PASS,AUC,M
20242090016,20056,OBA1102,"Matrices, Calculus & Linear Algebra",163,B.E. Civil Engineering,OFFLINE,1,19,36,55,B,END-ODL,PASS,AUC,M
20242090016,20057,OBA1103,Engineering Physics & Quantum Mechanics,163,B.E. Civil Engineering,OFFLINE,1,17,53,70,A,END-ODL,PASS,AUC,M
20242090016,20058,OBA1104,Engineering Chemistry & Material Science,163,B.E. Civil Engineering,OFFLINE,1,22,29,51,B,END-ODL,PASS,AUC,M
20242090016,20059,OBA1105,Problem Solving & Python Programming,163,B.E. Civil Engineering,OFFLINE,1,26,51,77,A,END-ODL,PASS,AUC,M
20242090016,20060,OBA1106,Engineering Graphics & Modeling,163,B.E. Civil Engineering,OFFLINE,1,25,35,60,B+,END-ODL,PASS,AUC,M
20242090016,20061,OBA1107,Physics & Chemistry Laboratory,163,B.E. Civil Engineering,OFFLINE,1,21,54,75,A,END-ODL,PASS,AUC,M
20242090016,20062,OBA1108,Python Programming Laboratory,163,B.E. Civil Engineering,OFFLINE,1,19,28,47,C,END-ODL,PASS,AUC,M
20242090017,20055,OBA1101,Professional English & Technical Writing,163,B.E. Civil Engineering,OFFLINE,1,27,63,90,O,END-ODL,PASS,AUC,M
20242090017,20056,OBA1102,"Matrices, Calculus & Linear Algebra",163,B.E. Civil Engineering,OFFLINE,1,20,27,47,C,END-ODL,PASS,AUC,M
20242090017,20057,OBA1103,Engineering Physics & Quantum Mechanics,163,B.E. Civil Engineering,OFFLINE,1,20,26,46,C,END-ODL,PASS,AUC,M
20242090017,20058,OBA1104,Engineering Chemistry & Material Science,163,B.E. Civil Engineering,OFFLINE,1,29,37,66,B+,END-ODL,PASS,AUC,M
20242090017,20059,OBA1105,Problem Solving & Python Programming,163,B.E. Civil Engineering,OFFLINE,1,23,57,80,A+,END-ODL,PASS,AUC,M
20242090017,20060,OBA1106,Engineering Graphics & Modeling,163,B.E. Civil Engineering,OFFLINE,1,27,43,70,A,END-ODL,PASS,AUC,M
20242090017,20061,OBA1107,Physics & Chemistry Laboratory,163,B.E. Civil Engineering,OFFLINE,1,28,28,56,B,END-ODL,PASS,AUC,M
20242090017,20062,OBA1108,Python Programming Laboratory,163,B.E. Civil Engineering,OFFLINE,1,18,52,70,A,END-ODL,PASS,AUC,M
20242090018,20055,OBA1101,Professional English & Technical Writing,163,B.E. Civil Engineering,OFFLINE,1,29,46,75,A,END-ODL,PASS,AUC,M
20242090018,20056,OBA1102,"Matrices, Calculus & Linear Algebra",163,B.E. Civil Engineering,OFFLINE,1,23,34,57,B,END-ODL,PASS,AUC,M
20242090018,20057,OBA1103,Engineering Physics & Quantum Mechanics,163,B.E. Civil Engineering,OFFLINE,1,18,36,54,B,END-ODL,PASS,AUC,M
20242090018,20058,OBA1104,Engineering Chemistry & Material Science,163,B.E. Civil Engineering,OFFLINE,1,28,54,82,A+,END-ODL,PASS,AUC,M
20242090018,20059,OBA1105,Problem Solving & Python Programming,163,B.E. Civil Engineering,OFFLINE,1,26,62,88,A+,END-ODL,PASS,AUC,M
20242090018,20060,OBA1106,Engineering Graphics & Modeling,163,B.E. Civil Engineering,OFFLINE,1,15,53,68,B+,END-ODL,PASS,AUC,M
20242090018,20061,OBA1107,Physics & Chemistry Laboratory,163,B.E. Civil Engineering,OFFLINE,1,29,42,71,A,END-ODL,PASS,AUC,M
20242090018,20062,OBA1108,Python Programming Laboratory,163,B.E. Civil Engineering,OFFLINE,1,22,62,84,A+,END-ODL,PASS,AUC,M
20242090019,20055,OBA1101,Professional English & Technical Writing,163,B.E. Civil Engineering,OFFLINE,1,15,27,42,C,END-ODL,PASS,AUC,M
20242090019,20056,OBA1102,"Matrices, Calculus & Linear Algebra",163,B.E. Civil Engineering,OFFLINE,1,24,60,84,A+,END-ODL,PASS,AUC,M
20242090019,20057,OBA1103,Engineering Physics & Quantum Mechanics,163,B.E. Civil Engineering,OFFLINE,1,19,35,54,B,END-ODL,PASS,AUC,M
20242090019,20058,OBA1104,Engineering Chemistry & Material Science,163,B.E. Civil Engineering,OFFLINE,1,17,34,51,B,END-ODL,PASS,AUC,M
20242090019,20059,OBA1105,Problem Solving & Python Programming,163,B.E. Civil Engineering,OFFLINE,1,24,53,77,A,END-ODL,PASS,AUC,M
20242090019,20060,OBA1106,Engineering Graphics & Modeling,163,B.E. Civil Engineering,OFFLINE,1,22,61,83,A+,END-ODL,PASS,AUC,M
20242090019,20061,OBA1107,Physics & Chemistry Laboratory,163,B.E. Civil Engineering,OFFLINE,1,18,55,73,A,END-ODL,PASS,AUC,M
20242090019,20062,OBA1108,Python Programming Laboratory,163,B.E. Civil Engineering,OFFLINE,1,18,64,82,A+,END-ODL,PASS,AUC,M
20242090020,20055,OBA1101,Professional English & Technical Writing,163,B.E. Civil Engineering,OFFLINE,1,19,26,45,C,END-ODL,PASS,AUC,M
20242090020,20056,OBA1102,"Matrices, Calculus & Linear Algebra",163,B.E. Civil Engineering,OFFLINE,1,17,27,44,C,END-ODL,PASS,AUC,M
20242090020,20057,OBA1103,Engineering Physics & Quantum Mechanics,163,B.E. Civil Engineering,OFFLINE,1,28,39,67,B+,END-ODL,PASS,AUC,M
20242090020,20058,OBA1104,Engineering Chemistry & Material Science,163,B.E. Civil Engineering,OFFLINE,1,28,63,91,O,END-ODL,PASS,AUC,M
20242090020,20059,OBA1105,Problem Solving & Python Programming,163,B.E. Civil Engineering,OFFLINE,1,25,59,84,A+,END-ODL,PASS,AUC,M
20242090020,20060,OBA1106,Engineering Graphics & Modeling,163,B.E. Civil Engineering,OFFLINE,1,28,60,88,A+,END-ODL,PASS,AUC,M
20242090020,20061,OBA1107,Physics & Chemistry Laboratory,163,B.E. Civil Engineering,OFFLINE,1,16,49,65,B+,END-ODL,PASS,AUC,M
20242090020,20062,OBA1108,Python Programming Laboratory,163,B.E. Civil Engineering,OFFLINE,1,15,41,56,B,END-ODL,PASS,AUC,M
20242100001,20055,OBA1101,Professional English & Technical Writing,164,B.Tech Artificial Intelligence and Data Science,OFFLINE,1,18,33,51,B,END-ODL,PASS,AUC,M
20242100001,20056,OBA1102,"Matrices, Calculus & Linear Algebra",164,B.Tech Artificial Intelligence and Data Science,OFFLINE,1,26,45,71,A,END-ODL,PASS,AUC,M
20242100001,20057,OBA1103,Engineering Physics & Quantum Mechanics,164,B.Tech Artificial Intelligence and Data Science,OFFLINE,1,27,29,56,B,END-ODL,PASS,AUC,M
20242100001,20058,OBA1104,Engineering Chemistry & Material Science,164,B.Tech Artificial Intelligence and Data Science,OFFLINE,1,18,45,63,B+,END-ODL,PASS,AUC,M
20242100001,20059,OBA1105,Problem Solving & Python Programming,164,B.Tech Artificial Intelligence and Data Science,OFFLINE,1,18,60,78,A,END-ODL,PASS,AUC,M
20242100001,20060,OBA1106,Engineering Graphics & Modeling,164,B.Tech Artificial Intelligence and Data Science,OFFLINE,1,19,51,70,A,END-ODL,PASS,AUC,M
20242100001,20061,OBA1107,Physics & Chemistry Laboratory,164,B.Tech Artificial Intelligence and Data Science,OFFLINE,1,19,64,83,A+,END-ODL,PASS,AUC,M
20242100001,20062,OBA1108,Python Programming Laboratory,164,B.Tech Artificial Intelligence and Data Science,OFFLINE,1,23,46,69,B+,END-ODL,PASS,AUC,M
20242100002,20055,OBA1101,Professional English & Technical Writing,164,B.Tech Artificial Intelligence and Data Science,OFFLINE,1,22,26,48,C,END-ODL,PASS,AUC,M
20242100002,20056,OBA1102,"Matrices, Calculus & Linear Algebra",164,B.Tech Artificial Intelligence and Data Science,OFFLINE,1,29,29,58,B,END-ODL,PASS,AUC,M
20242100002,20057,OBA1103,Engineering Physics & Quantum Mechanics,164,B.Tech Artificial Intelligence and Data Science,OFFLINE,1,24,56,80,A+,END-ODL,PASS,AUC,M
20242100002,20058,OBA1104,Engineering Chemistry & Material Science,164,B.Tech Artificial Intelligence and Data Science,OFFLINE,1,27,42,69,B+,END-ODL,PASS,AUC,M
20242100002,20059,OBA1105,Problem Solving & Python Programming,164,B.Tech Artificial Intelligence and Data Science,OFFLINE,1,27,27,54,B,END-ODL,PASS,AUC,M
20242100002,20060,OBA1106,Engineering Graphics & Modeling,164,B.Tech Artificial Intelligence and Data Science,OFFLINE,1,16,53,69,B+,END-ODL,PASS,AUC,M
20242100002,20061,OBA1107,Physics & Chemistry Laboratory,164,B.Tech Artificial Intelligence and Data Science,OFFLINE,1,26,38,64,B+,END-ODL,PASS,AUC,M
20242100002,20062,OBA1108,Python Programming Laboratory,164,B.Tech Artificial Intelligence and Data Science,OFFLINE,1,16,47,63,B+,END-ODL,PASS,AUC,M
20242100003,20055,OBA1101,Professional English & Technical Writing,164,B.Tech Artificial Intelligence and Data Science,OFFLINE,1,21,45,66,B+,END-ODL,PASS,AUC,M
20242100003,20056,OBA1102,"Matrices, Calculus & Linear Algebra",164,B.Tech Artificial Intelligence and Data Science,OFFLINE,1,29,52,81,A+,END-ODL,PASS,AUC,M
20242100003,20057,OBA1103,Engineering Physics & Quantum Mechanics,164,B.Tech Artificial Intelligence and Data Science,OFFLINE,1,19,50,69,B+,END-ODL,PASS,AUC,M
20242100003,20058,OBA1104,Engineering Chemistry & Material Science,164,B.Tech Artificial Intelligence and Data Science,OFFLINE,1,16,60,76,A,END-ODL,PASS,AUC,M
20242100003,20059,OBA1105,Problem Solving & Python Programming,164,B.Tech Artificial Intelligence and Data Science,OFFLINE,1,18,42,60,B+,END-ODL,PASS,AUC,M
20242100003,20060,OBA1106,Engineering Graphics & Modeling,164,B.Tech Artificial Intelligence and Data Science,OFFLINE,1,19,65,84,A+,END-ODL,PASS,AUC,M
20242100003,20061,OBA1107,Physics & Chemistry Laboratory,164,B.Tech Artificial Intelligence and Data Science,OFFLINE,1,23,31,54,B,END-ODL,PASS,AUC,M
20242100003,20062,OBA1108,Python Programming Laboratory,164,B.Tech Artificial Intelligence and Data Science,OFFLINE,1,21,33,54,B,END-ODL,PASS,AUC,M
20242100004,20055,OBA1101,Professional English & Technical Writing,164,B.Tech Artificial Intelligence and Data Science,OFFLINE,1,28,63,91,O,END-ODL,PASS,AUC,M
20242100004,20056,OBA1102,"Matrices, Calculus & Linear Algebra",164,B.Tech Artificial Intelligence and Data Science,OFFLINE,1,18,59,77,A,END-ODL,PASS,AUC,M
20242100004,20057,OBA1103,Engineering Physics & Quantum Mechanics,164,B.Tech Artificial Intelligence and Data Science,OFFLINE,1,22,44,66,B+,END-ODL,PASS,AUC,M
20242100004,20058,OBA1104,Engineering Chemistry & Material Science,164,B.Tech Artificial Intelligence and Data Science,OFFLINE,1,25,42,67,B+,END-ODL,PASS,AUC,M
20242100004,20059,OBA1105,Problem Solving & Python Programming,164,B.Tech Artificial Intelligence and Data Science,OFFLINE,1,17,34,51,B,END-ODL,PASS,AUC,M
20242100004,20060,OBA1106,Engineering Graphics & Modeling,164,B.Tech Artificial Intelligence and Data Science,OFFLINE,1,16,34,50,B,END-ODL,PASS,AUC,M
20242100004,20061,OBA1107,Physics & Chemistry Laboratory,164,B.Tech Artificial Intelligence and Data Science,OFFLINE,1,23,63,86,A+,END-ODL,PASS,AUC,M
20242100004,20062,OBA1108,Python Programming Laboratory,164,B.Tech Artificial Intelligence and Data Science,OFFLINE,1,26,29,55,B,END-ODL,PASS,AUC,M
20242100005,20055,OBA1101,Professional English & Technical Writing,164,B.Tech Artificial Intelligence and Data Science,OFFLINE,1,22,62,84,A+,END-ODL,PASS,AUC,M
20242100005,20056,OBA1102,"Matrices, Calculus & Linear Algebra",164,B.Tech Artificial Intelligence and Data Science,OFFLINE,1,17,53,70,A,END-ODL,PASS,AUC,M
20242100005,20057,OBA1103,Engineering Physics & Quantum Mechanics,164,B.Tech Artificial Intelligence and Data Science,OFFLINE,1,20,52,72,A,END-ODL,PASS,AUC,M
20242100005,20058,OBA1104,Engineering Chemistry & Material Science,164,B.Tech Artificial Intelligence and Data Science,OFFLINE,1,24,33,57,B,END-ODL,PASS,AUC,M
20242100005,20059,OBA1105,Problem Solving & Python Programming,164,B.Tech Artificial Intelligence and Data Science,OFFLINE,1,18,42,60,B+,END-ODL,PASS,AUC,M
20242100005,20060,OBA1106,Engineering Graphics & Modeling,164,B.Tech Artificial Intelligence and Data Science,OFFLINE,1,25,46,71,A,END-ODL,PASS,AUC,M
20242100005,20061,OBA1107,Physics & Chemistry Laboratory,164,B.Tech Artificial Intelligence and Data Science,OFFLINE,1,17,29,46,C,END-ODL,PASS,AUC,M
20242100005,20062,OBA1108,Python Programming Laboratory,164,B.Tech Artificial Intelligence and Data Science,OFFLINE,1,17,34,51,B,END-ODL,PASS,AUC,M
20242100006,20055,OBA1101,Professional English & Technical Writing,164,B.Tech Artificial Intelligence and Data Science,OFFLINE,1,25,52,77,A,END-ODL,PASS,AUC,M
20242100006,20056,OBA1102,"Matrices, Calculus & Linear Algebra",164,B.Tech Artificial Intelligence and Data Science,OFFLINE,1,20,52,72,A,END-ODL,PASS,AUC,M
20242100006,20057,OBA1103,Engineering Physics & Quantum Mechanics,164,B.Tech Artificial Intelligence and Data Science,OFFLINE,1,23,57,80,A+,END-ODL,PASS,AUC,M
20242100006,20058,OBA1104,Engineering Chemistry & Material Science,164,B.Tech Artificial Intelligence and Data Science,OFFLINE,1,20,33,53,B,END-ODL,PASS,AUC,M
20242100006,20059,OBA1105,Problem Solving & Python Programming,164,B.Tech Artificial Intelligence and Data Science,OFFLINE,1,24,49,73,A,END-ODL,PASS,AUC,M
20242100006,20060,OBA1106,Engineering Graphics & Modeling,164,B.Tech Artificial Intelligence and Data Science,OFFLINE,1,18,45,63,B+,END-ODL,PASS,AUC,M
20242100006,20061,OBA1107,Physics & Chemistry Laboratory,164,B.Tech Artificial Intelligence and Data Science,OFFLINE,1,20,58,78,A,END-ODL,PASS,AUC,M
20242100006,20062,OBA1108,Python Programming Laboratory,164,B.Tech Artificial Intelligence and Data Science,OFFLINE,1,20,64,84,A+,END-ODL,PASS,AUC,M
20242100007,20055,OBA1101,Professional English & Technical Writing,164,B.Tech Artificial Intelligence and Data Science,OFFLINE,1,25,61,86,A+,END-ODL,PASS,AUC,M
20242100007,20056,OBA1102,"Matrices, Calculus & Linear Algebra",164,B.Tech Artificial Intelligence and Data Science,OFFLINE,1,24,56,80,A+,END-ODL,PASS,AUC,M
20242100007,20057,OBA1103,Engineering Physics & Quantum Mechanics,164,B.Tech Artificial Intelligence and Data Science,OFFLINE,1,15,26,41,C,END-ODL,PASS,AUC,M
20242100007,20058,OBA1104,Engineering Chemistry & Material Science,164,B.Tech Artificial Intelligence and Data Science,OFFLINE,1,21,28,49,C,END-ODL,PASS,AUC,M
20242100007,20059,OBA1105,Problem Solving & Python Programming,164,B.Tech Artificial Intelligence and Data Science,OFFLINE,1,,,,,END-ODL,CANCELLED,AUC,M
20242100007,20060,OBA1106,Engineering Graphics & Modeling,164,B.Tech Artificial Intelligence and Data Science,OFFLINE,1,20,59,79,A,END-ODL,PASS,AUC,M
20242100007,20061,OBA1107,Physics & Chemistry Laboratory,164,B.Tech Artificial Intelligence and Data Science,OFFLINE,1,27,41,68,B+,END-ODL,PASS,AUC,M
20242100007,20062,OBA1108,Python Programming Laboratory,164,B.Tech Artificial Intelligence and Data Science,OFFLINE,1,18,36,54,B,END-ODL,PASS,AUC,M
20242100008,20055,OBA1101,Professional English & Technical Writing,164,B.Tech Artificial Intelligence and Data Science,OFFLINE,1,24,52,76,A,END-ODL,PASS,AUC,M
20242100008,20056,OBA1102,"Matrices, Calculus & Linear Algebra",164,B.Tech Artificial Intelligence and Data Science,OFFLINE,1,29,38,67,B+,END-ODL,PASS,AUC,M
20242100008,20057,OBA1103,Engineering Physics & Quantum Mechanics,164,B.Tech Artificial Intelligence and Data Science,OFFLINE,1,29,36,65,B+,END-ODL,PASS,AUC,M
20242100008,20058,OBA1104,Engineering Chemistry & Material Science,164,B.Tech Artificial Intelligence and Data Science,OFFLINE,1,22,62,84,A+,END-ODL,PASS,AUC,M
20242100008,20059,OBA1105,Problem Solving & Python Programming,164,B.Tech Artificial Intelligence and Data Science,OFFLINE,1,17,63,80,A+,END-ODL,PASS,AUC,M
20242100008,20060,OBA1106,Engineering Graphics & Modeling,164,B.Tech Artificial Intelligence and Data Science,OFFLINE,1,23,61,84,A+,END-ODL,PASS,AUC,M
20242100008,20061,OBA1107,Physics & Chemistry Laboratory,164,B.Tech Artificial Intelligence and Data Science,OFFLINE,1,25,63,88,A+,END-ODL,PASS,AUC,M
20242100008,20062,OBA1108,Python Programming Laboratory,164,B.Tech Artificial Intelligence and Data Science,OFFLINE,1,18,62,80,A+,END-ODL,PASS,AUC,M
20242100009,20055,OBA1101,Professional English & Technical Writing,164,B.Tech Artificial Intelligence and Data Science,OFFLINE,1,17,33,50,B,END-ODL,PASS,AUC,M
20242100009,20056,OBA1102,"Matrices, Calculus & Linear Algebra",164,B.Tech Artificial Intelligence and Data Science,OFFLINE,1,23,33,56,B,END-ODL,PASS,AUC,M
20242100009,20057,OBA1103,Engineering Physics & Quantum Mechanics,164,B.Tech Artificial Intelligence and Data Science,OFFLINE,1,23,63,86,A+,END-ODL,PASS,AUC,M
20242100009,20058,OBA1104,Engineering Chemistry & Material Science,164,B.Tech Artificial Intelligence and Data Science,OFFLINE,1,24,29,53,B,END-ODL,PASS,AUC,M
20242100009,20059,OBA1105,Problem Solving & Python Programming,164,B.Tech Artificial Intelligence and Data Science,OFFLINE,1,19,44,63,B+,END-ODL,PASS,AUC,M
20242100009,20060,OBA1106,Engineering Graphics & Modeling,164,B.Tech Artificial Intelligence and Data Science,OFFLINE,1,21,28,49,C,END-ODL,PASS,AUC,M
20242100009,20061,OBA1107,Physics & Chemistry Laboratory,164,B.Tech Artificial Intelligence and Data Science,OFFLINE,1,18,46,64,B+,END-ODL,PASS,AUC,M
20242100009,20062,OBA1108,Python Programming Laboratory,164,B.Tech Artificial Intelligence and Data Science,OFFLINE,1,15,63,78,A,END-ODL,PASS,AUC,M
20242100010,20055,OBA1101,Professional English & Technical Writing,164,B.Tech Artificial Intelligence and Data Science,OFFLINE,1,26,61,87,A+,END-ODL,PASS,AUC,M
20242100010,20056,OBA1102,"Matrices, Calculus & Linear Algebra",164,B.Tech Artificial Intelligence and Data Science,OFFLINE,1,24,50,74,A,END-ODL,PASS,AUC,M
20242100010,20057,OBA1103,Engineering Physics & Quantum Mechanics,164,B.Tech Artificial Intelligence and Data Science,OFFLINE,1,17,29,46,C,END-ODL,PASS,AUC,M
20242100010,20058,OBA1104,Engineering Chemistry & Material Science,164,B.Tech Artificial Intelligence and Data Science,OFFLINE,1,25,38,63,B+,END-ODL,PASS,AUC,M
20242100010,20059,OBA1105,Problem Solving & Python Programming,164,B.Tech Artificial Intelligence and Data Science,OFFLINE,1,16,64,80,A+,END-ODL,PASS,AUC,M
20242100010,20060,OBA1106,Engineering Graphics & Modeling,164,B.Tech Artificial Intelligence and Data Science,OFFLINE,1,28,33,61,B+,END-ODL,PASS,AUC,M
20242100010,20061,OBA1107,Physics & Chemistry Laboratory,164,B.Tech Artificial Intelligence and Data Science,OFFLINE,1,16,46,62,B+,END-ODL,PASS,AUC,M
20242100010,20062,OBA1108,Python Programming Laboratory,164,B.Tech Artificial Intelligence and Data Science,OFFLINE,1,,,,,END-ODL,CANCELLED,AUC,M
20242100011,20055,OBA1101,Professional English & Technical Writing,164,B.Tech Artificial Intelligence and Data Science,OFFLINE,1,28,37,65,B+,END-ODL,PASS,AUC,M
20242100011,20056,OBA1102,"Matrices, Calculus & Linear Algebra",164,B.Tech Artificial Intelligence and Data Science,OFFLINE,1,24,54,78,A,END-ODL,PASS,AUC,M
20242100011,20057,OBA1103,Engineering Physics & Quantum Mechanics,164,B.Tech Artificial Intelligence and Data Science,OFFLINE,1,16,57,73,A,END-ODL,PASS,AUC,M
20242100011,20058,OBA1104,Engineering Chemistry & Material Science,164,B.Tech Artificial Intelligence and Data Science,OFFLINE,1,29,56,85,A+,END-ODL,PASS,AUC,M
20242100011,20059,OBA1105,Problem Solving & Python Programming,164,B.Tech Artificial Intelligence and Data Science,OFFLINE,1,15,41,56,B,END-ODL,PASS,AUC,M
20242100011,20060,OBA1106,Engineering Graphics & Modeling,164,B.Tech Artificial Intelligence and Data Science,OFFLINE,1,27,46,73,A,END-ODL,PASS,AUC,M
20242100011,20061,OBA1107,Physics & Chemistry Laboratory,164,B.Tech Artificial Intelligence and Data Science,OFFLINE,1,19,56,75,A,END-ODL,PASS,AUC,M
20242100011,20062,OBA1108,Python Programming Laboratory,164,B.Tech Artificial Intelligence and Data Science,OFFLINE,1,22,56,78,A,END-ODL,PASS,AUC,M
20242100012,20055,OBA1101,Professional English & Technical Writing,164,B.Tech Artificial Intelligence and Data Science,OFFLINE,1,,,,,END-ODL,CANCELLED,AUC,M
20242100012,20056,OBA1102,"Matrices, Calculus & Linear Algebra",164,B.Tech Artificial Intelligence and Data Science,OFFLINE,1,22,65,87,A+,END-ODL,PASS,AUC,M
20242100012,20057,OBA1103,Engineering Physics & Quantum Mechanics,164,B.Tech Artificial Intelligence and Data Science,OFFLINE,1,20,64,84,A+,END-ODL,PASS,AUC,M
20242100012,20058,OBA1104,Engineering Chemistry & Material Science,164,B.Tech Artificial Intelligence and Data Science,OFFLINE,1,16,27,43,C,END-ODL,PASS,AUC,M
20242100012,20059,OBA1105,Problem Solving & Python Programming,164,B.Tech Artificial Intelligence and Data Science,OFFLINE,1,28,42,70,A,END-ODL,PASS,AUC,M
20242100012,20060,OBA1106,Engineering Graphics & Modeling,164,B.Tech Artificial Intelligence and Data Science,OFFLINE,1,26,27,53,B,END-ODL,PASS,AUC,M
20242100012,20061,OBA1107,Physics & Chemistry Laboratory,164,B.Tech Artificial Intelligence and Data Science,OFFLINE,1,29,65,94,O,END-ODL,PASS,AUC,M
20242100012,20062,OBA1108,Python Programming Laboratory,164,B.Tech Artificial Intelligence and Data Science,OFFLINE,1,18,54,72,A,END-ODL,PASS,AUC,M
20242100013,20055,OBA1101,Professional English & Technical Writing,164,B.Tech Artificial Intelligence and Data Science,OFFLINE,1,20,26,46,C,END-ODL,PASS,AUC,M
20242100013,20056,OBA1102,"Matrices, Calculus & Linear Algebra",164,B.Tech Artificial Intelligence and Data Science,OFFLINE,1,19,27,46,C,END-ODL,PASS,AUC,M
20242100013,20057,OBA1103,Engineering Physics & Quantum Mechanics,164,B.Tech Artificial Intelligence and Data Science,OFFLINE,1,23,55,78,A,END-ODL,PASS,AUC,M
20242100013,20058,OBA1104,Engineering Chemistry & Material Science,164,B.Tech Artificial Intelligence and Data Science,OFFLINE,1,20,51,71,A,END-ODL,PASS,AUC,M
20242100013,20059,OBA1105,Problem Solving & Python Programming,164,B.Tech Artificial Intelligence and Data Science,OFFLINE,1,23,37,60,B+,END-ODL,PASS,AUC,M
20242100013,20060,OBA1106,Engineering Graphics & Modeling,164,B.Tech Artificial Intelligence and Data Science,OFFLINE,1,17,64,81,A+,END-ODL,PASS,AUC,M
20242100013,20061,OBA1107,Physics & Chemistry Laboratory,164,B.Tech Artificial Intelligence and Data Science,OFFLINE,1,25,52,77,A,END-ODL,PASS,AUC,M
20242100013,20062,OBA1108,Python Programming Laboratory,164,B.Tech Artificial Intelligence and Data Science,OFFLINE,1,25,54,79,A,END-ODL,PASS,AUC,M
20242100014,20055,OBA1101,Professional English & Technical Writing,164,B.Tech Artificial Intelligence and Data Science,OFFLINE,1,15,31,46,C,END-ODL,PASS,AUC,M
20242100014,20056,OBA1102,"Matrices, Calculus & Linear Algebra",164,B.Tech Artificial Intelligence and Data Science,OFFLINE,1,21,27,48,C,END-ODL,PASS,AUC,M
20242100014,20057,OBA1103,Engineering Physics & Quantum Mechanics,164,B.Tech Artificial Intelligence and Data Science,OFFLINE,1,16,58,74,A,END-ODL,PASS,AUC,M
20242100014,20058,OBA1104,Engineering Chemistry & Material Science,164,B.Tech Artificial Intelligence and Data Science,OFFLINE,1,20,46,66,B+,END-ODL,PASS,AUC,M
20242100014,20059,OBA1105,Problem Solving & Python Programming,164,B.Tech Artificial Intelligence and Data Science,OFFLINE,1,22,28,50,B,END-ODL,PASS,AUC,M
20242100014,20060,OBA1106,Engineering Graphics & Modeling,164,B.Tech Artificial Intelligence and Data Science,OFFLINE,1,29,59,88,A+,END-ODL,PASS,AUC,M
20242100014,20061,OBA1107,Physics & Chemistry Laboratory,164,B.Tech Artificial Intelligence and Data Science,OFFLINE,1,16,60,76,A,END-ODL,PASS,AUC,M
20242100014,20062,OBA1108,Python Programming Laboratory,164,B.Tech Artificial Intelligence and Data Science,OFFLINE,1,19,53,72,A,END-ODL,PASS,AUC,M
20242100015,20055,OBA1101,Professional English & Technical Writing,164,B.Tech Artificial Intelligence and Data Science,OFFLINE,1,22,49,71,A,END-ODL,PASS,AUC,M
20242100015,20056,OBA1102,"Matrices, Calculus & Linear Algebra",164,B.Tech Artificial Intelligence and Data Science,OFFLINE,1,19,39,58,B,END-ODL,PASS,AUC,M
20242100015,20057,OBA1103,Engineering Physics & Quantum Mechanics,164,B.Tech Artificial Intelligence and Data Science,OFFLINE,1,24,46,70,A,END-ODL,PASS,AUC,M
20242100015,20058,OBA1104,Engineering Chemistry & Material Science,164,B.Tech Artificial Intelligence and Data Science,OFFLINE,1,16,28,44,C,END-ODL,PASS,AUC,M
20242100015,20059,OBA1105,Problem Solving & Python Programming,164,B.Tech Artificial Intelligence and Data Science,OFFLINE,1,26,65,91,O,END-ODL,PASS,AUC,M
20242100015,20060,OBA1106,Engineering Graphics & Modeling,164,B.Tech Artificial Intelligence and Data Science,OFFLINE,1,18,61,79,A,END-ODL,PASS,AUC,M
20242100015,20061,OBA1107,Physics & Chemistry Laboratory,164,B.Tech Artificial Intelligence and Data Science,OFFLINE,1,21,28,49,C,END-ODL,PASS,AUC,M
20242100015,20062,OBA1108,Python Programming Laboratory,164,B.Tech Artificial Intelligence and Data Science,OFFLINE,1,28,61,89,A+,END-ODL,PASS,AUC,M
20242100016,20055,OBA1101,Professional English & Technical Writing,164,B.Tech Artificial Intelligence and Data Science,OFFLINE,1,20,26,46,C,END-ODL,PASS,AUC,M
20242100016,20056,OBA1102,"Matrices, Calculus & Linear Algebra",164,B.Tech Artificial Intelligence and Data Science,OFFLINE,1,29,65,94,O,END-ODL,PASS,AUC,M
20242100016,20057,OBA1103,Engineering Physics & Quantum Mechanics,164,B.Tech Artificial Intelligence and Data Science,OFFLINE,1,25,27,52,B,END-ODL,PASS,AUC,M
20242100016,20058,OBA1104,Engineering Chemistry & Material Science,164,B.Tech Artificial Intelligence and Data Science,OFFLINE,1,19,55,74,A,END-ODL,PASS,AUC,M
20242100016,20059,OBA1105,Problem Solving & Python Programming,164,B.Tech Artificial Intelligence and Data Science,OFFLINE,1,25,26,51,B,END-ODL,PASS,AUC,M
20242100016,20060,OBA1106,Engineering Graphics & Modeling,164,B.Tech Artificial Intelligence and Data Science,OFFLINE,1,16,42,58,B,END-ODL,PASS,AUC,M
20242100016,20061,OBA1107,Physics & Chemistry Laboratory,164,B.Tech Artificial Intelligence and Data Science,OFFLINE,1,21,46,67,B+,END-ODL,PASS,AUC,M
20242100016,20062,OBA1108,Python Programming Laboratory,164,B.Tech Artificial Intelligence and Data Science,OFFLINE,1,24,45,69,B+,END-ODL,PASS,AUC,M
20242100017,20055,OBA1101,Professional English & Technical Writing,164,B.Tech Artificial Intelligence and Data Science,OFFLINE,1,23,65,88,A+,END-ODL,PASS,AUC,M
20242100017,20056,OBA1102,"Matrices, Calculus & Linear Algebra",164,B.Tech Artificial Intelligence and Data Science,OFFLINE,1,23,49,72,A,END-ODL,PASS,AUC,M
20242100017,20057,OBA1103,Engineering Physics & Quantum Mechanics,164,B.Tech Artificial Intelligence and Data Science,OFFLINE,1,21,48,69,B+,END-ODL,PASS,AUC,M
20242100017,20058,OBA1104,Engineering Chemistry & Material Science,164,B.Tech Artificial Intelligence and Data Science,OFFLINE,1,26,26,52,B,END-ODL,PASS,AUC,M
20242100017,20059,OBA1105,Problem Solving & Python Programming,164,B.Tech Artificial Intelligence and Data Science,OFFLINE,1,18,48,66,B+,END-ODL,PASS,AUC,M
20242100017,20060,OBA1106,Engineering Graphics & Modeling,164,B.Tech Artificial Intelligence and Data Science,OFFLINE,1,29,26,55,B,END-ODL,PASS,AUC,M
20242100017,20061,OBA1107,Physics & Chemistry Laboratory,164,B.Tech Artificial Intelligence and Data Science,OFFLINE,1,15,42,57,B,END-ODL,PASS,AUC,M
20242100017,20062,OBA1108,Python Programming Laboratory,164,B.Tech Artificial Intelligence and Data Science,OFFLINE,1,24,34,58,B,END-ODL,PASS,AUC,M
20242100018,20055,OBA1101,Professional English & Technical Writing,164,B.Tech Artificial Intelligence and Data Science,OFFLINE,1,24,35,59,B,END-ODL,PASS,AUC,M
20242100018,20056,OBA1102,"Matrices, Calculus & Linear Algebra",164,B.Tech Artificial Intelligence and Data Science,OFFLINE,1,17,33,50,B,END-ODL,PASS,AUC,M
20242100018,20057,OBA1103,Engineering Physics & Quantum Mechanics,164,B.Tech Artificial Intelligence and Data Science,OFFLINE,1,27,38,65,B+,END-ODL,PASS,AUC,M
20242100018,20058,OBA1104,Engineering Chemistry & Material Science,164,B.Tech Artificial Intelligence and Data Science,OFFLINE,1,17,32,49,C,END-ODL,PASS,AUC,M
20242100018,20059,OBA1105,Problem Solving & Python Programming,164,B.Tech Artificial Intelligence and Data Science,OFFLINE,1,20,45,65,B+,END-ODL,PASS,AUC,M
20242100018,20060,OBA1106,Engineering Graphics & Modeling,164,B.Tech Artificial Intelligence and Data Science,OFFLINE,1,19,52,71,A,END-ODL,PASS,AUC,M
20242100018,20061,OBA1107,Physics & Chemistry Laboratory,164,B.Tech Artificial Intelligence and Data Science,OFFLINE,1,20,63,83,A+,END-ODL,PASS,AUC,M
20242100018,20062,OBA1108,Python Programming Laboratory,164,B.Tech Artificial Intelligence and Data Science,OFFLINE,1,25,43,68,B+,END-ODL,PASS,AUC,M
20242100019,20055,OBA1101,Professional English & Technical Writing,164,B.Tech Artificial Intelligence and Data Science,OFFLINE,1,22,37,59,B,END-ODL,PASS,AUC,M
20242100019,20056,OBA1102,"Matrices, Calculus & Linear Algebra",164,B.Tech Artificial Intelligence and Data Science,OFFLINE,1,20,63,83,A+,END-ODL,PASS,AUC,M
20242100019,20057,OBA1103,Engineering Physics & Quantum Mechanics,164,B.Tech Artificial Intelligence and Data Science,OFFLINE,1,16,56,72,A,END-ODL,PASS,AUC,M
20242100019,20058,OBA1104,Engineering Chemistry & Material Science,164,B.Tech Artificial Intelligence and Data Science,OFFLINE,1,25,56,81,A+,END-ODL,PASS,AUC,M
20242100019,20059,OBA1105,Problem Solving & Python Programming,164,B.Tech Artificial Intelligence and Data Science,OFFLINE,1,25,35,60,B+,END-ODL,PASS,AUC,M
20242100019,20060,OBA1106,Engineering Graphics & Modeling,164,B.Tech Artificial Intelligence and Data Science,OFFLINE,1,21,65,86,A+,END-ODL,PASS,AUC,M
20242100019,20061,OBA1107,Physics & Chemistry Laboratory,164,B.Tech Artificial Intelligence and Data Science,OFFLINE,1,21,62,83,A+,END-ODL,PASS,AUC,M
20242100019,20062,OBA1108,Python Programming Laboratory,164,B.Tech Artificial Intelligence and Data Science,OFFLINE,1,24,30,54,B,END-ODL,PASS,AUC,M
20242100020,20055,OBA1101,Professional English & Technical Writing,164,B.Tech Artificial Intelligence and Data Science,OFFLINE,1,20,26,46,C,END-ODL,PASS,AUC,M
20242100020,20056,OBA1102,"Matrices, Calculus & Linear Algebra",164,B.Tech Artificial Intelligence and Data Science,OFFLINE,1,20,32,52,B,END-ODL,PASS,AUC,M
20242100020,20057,OBA1103,Engineering Physics & Quantum Mechanics,164,B.Tech Artificial Intelligence and Data Science,OFFLINE,1,23,45,68,B+,END-ODL,PASS,AUC,M
20242100020,20058,OBA1104,Engineering Chemistry & Material Science,164,B.Tech Artificial Intelligence and Data Science,OFFLINE,1,28,47,75,A,END-ODL,PASS,AUC,M
20242100020,20059,OBA1105,Problem Solving & Python Programming,164,B.Tech Artificial Intelligence and Data Science,OFFLINE,1,22,63,85,A+,END-ODL,PASS,AUC,M
20242100020,20060,OBA1106,Engineering Graphics & Modeling,164,B.Tech Artificial Intelligence and Data Science,OFFLINE,1,24,56,80,A+,END-ODL,PASS,AUC,M
20242100020,20061,OBA1107,Physics & Chemistry Laboratory,164,B.Tech Artificial Intelligence and Data Science,OFFLINE,1,21,52,73,A,END-ODL,PASS,AUC,M
20242100020,20062,OBA1108,Python Programming Laboratory,164,B.Tech Artificial Intelligence and Data Science,OFFLINE,1,,,,,END-ODL,CANCELLED,AUC,M
20241010001,50011,DBA5101,Management Concepts & Organizational Behaviour,501,MBA - Business Analytics (Online),ONLINE,1,,,,,CT-OL,CANCELLED,AUCDE,CBCS
20241010001,50012,DBA5102,Managerial Economics & Decision Making,501,MBA - Business Analytics (Online),ONLINE,1,29,53,82,A+,CT-OL,PASS,AUCDE,CBCS
20241010001,50013,DBA5103,Statistical Methods & Quantitative Techniques,501,MBA - Business Analytics (Online),ONLINE,1,25,55,80,A+,CT-OL,PASS,AUCDE,CBCS
20241010001,50014,DBA5104,Financial & Management Accounting,501,MBA - Business Analytics (Online),ONLINE,1,18,49,67,B+,CT-OL,PASS,AUCDE,CBCS
20241010001,50015,DBA5105,Legal Aspects of Business & Corporate Ethics,501,MBA - Business Analytics (Online),ONLINE,1,28,59,87,A+,CT-OL,PASS,AUCDE,CBCS
20241010001,50016,DBA5106,Information Management & ERP Systems,501,MBA - Business Analytics (Online),ONLINE,1,21,58,79,A,CT-OL,PASS,AUCDE,CBCS
20241010001,50017,DBA5107,Business Communication & Soft Skills Laboratory,501,MBA - Business Analytics (Online),ONLINE,1,18,55,73,A,CT-OL,PASS,AUCDE,CBCS
20241010002,50011,DBA5101,Management Concepts & Organizational Behaviour,501,MBA - Business Analytics (Online),ONLINE,1,27,42,69,B+,CT-OL,PASS,AUCDE,CBCS
20241010002,50012,DBA5102,Managerial Economics & Decision Making,501,MBA - Business Analytics (Online),ONLINE,1,20,47,67,B+,CT-OL,PASS,AUCDE,CBCS
20241010002,50013,DBA5103,Statistical Methods & Quantitative Techniques,501,MBA - Business Analytics (Online),ONLINE,1,27,58,85,A+,CT-OL,PASS,AUCDE,CBCS
20241010002,50014,DBA5104,Financial & Management Accounting,501,MBA - Business Analytics (Online),ONLINE,1,19,42,61,B+,CT-OL,PASS,AUCDE,CBCS
20241010002,50015,DBA5105,Legal Aspects of Business & Corporate Ethics,501,MBA - Business Analytics (Online),ONLINE,1,18,34,52,B,CT-OL,PASS,AUCDE,CBCS
20241010002,50016,DBA5106,Information Management & ERP Systems,501,MBA - Business Analytics (Online),ONLINE,1,19,39,58,B,CT-OL,PASS,AUCDE,CBCS
20241010002,50017,DBA5107,Business Communication & Soft Skills Laboratory,501,MBA - Business Analytics (Online),ONLINE,1,21,60,81,A+,CT-OL,PASS,AUCDE,CBCS
20241010003,50011,DBA5101,Management Concepts & Organizational Behaviour,501,MBA - Business Analytics (Online),ONLINE,1,19,30,49,C,CT-OL,PASS,AUCDE,CBCS
20241010003,50012,DBA5102,Managerial Economics & Decision Making,501,MBA - Business Analytics (Online),ONLINE,1,27,43,70,A,CT-OL,PASS,AUCDE,CBCS
20241010003,50013,DBA5103,Statistical Methods & Quantitative Techniques,501,MBA - Business Analytics (Online),ONLINE,1,28,63,91,O,CT-OL,PASS,AUCDE,CBCS
20241010003,50014,DBA5104,Financial & Management Accounting,501,MBA - Business Analytics (Online),ONLINE,1,27,30,57,B,CT-OL,PASS,AUCDE,CBCS
20241010003,50015,DBA5105,Legal Aspects of Business & Corporate Ethics,501,MBA - Business Analytics (Online),ONLINE,1,23,45,68,B+,CT-OL,PASS,AUCDE,CBCS
20241010003,50016,DBA5106,Information Management & ERP Systems,501,MBA - Business Analytics (Online),ONLINE,1,23,46,69,B+,CT-OL,PASS,AUCDE,CBCS
20241010003,50017,DBA5107,Business Communication & Soft Skills Laboratory,501,MBA - Business Analytics (Online),ONLINE,1,24,40,64,B+,CT-OL,PASS,AUCDE,CBCS
20241010004,50011,DBA5101,Management Concepts & Organizational Behaviour,501,MBA - Business Analytics (Online),ONLINE,1,24,35,59,B,CT-OL,PASS,AUCDE,CBCS
20241010004,50012,DBA5102,Managerial Economics & Decision Making,501,MBA - Business Analytics (Online),ONLINE,1,26,66,92,O,CT-OL,PASS,AUCDE,CBCS
20241010004,50013,DBA5103,Statistical Methods & Quantitative Techniques,501,MBA - Business Analytics (Online),ONLINE,1,,,,,CT-OL,CANCELLED,AUCDE,CBCS
20241010004,50014,DBA5104,Financial & Management Accounting,501,MBA - Business Analytics (Online),ONLINE,1,24,35,59,B,CT-OL,PASS,AUCDE,CBCS
20241010004,50015,DBA5105,Legal Aspects of Business & Corporate Ethics,501,MBA - Business Analytics (Online),ONLINE,1,29,45,74,A,CT-OL,PASS,AUCDE,CBCS
20241010004,50016,DBA5106,Information Management & ERP Systems,501,MBA - Business Analytics (Online),ONLINE,1,18,63,81,A+,CT-OL,PASS,AUCDE,CBCS
20241010004,50017,DBA5107,Business Communication & Soft Skills Laboratory,501,MBA - Business Analytics (Online),ONLINE,1,28,36,64,B+,CT-OL,PASS,AUCDE,CBCS
20241010005,50011,DBA5101,Management Concepts & Organizational Behaviour,501,MBA - Business Analytics (Online),ONLINE,1,26,31,57,B,CT-OL,PASS,AUCDE,CBCS
20241010005,50012,DBA5102,Managerial Economics & Decision Making,501,MBA - Business Analytics (Online),ONLINE,1,23,60,83,A+,CT-OL,PASS,AUCDE,CBCS
20241010005,50013,DBA5103,Statistical Methods & Quantitative Techniques,501,MBA - Business Analytics (Online),ONLINE,1,24,36,60,B+,CT-OL,PASS,AUCDE,CBCS
20241010005,50014,DBA5104,Financial & Management Accounting,501,MBA - Business Analytics (Online),ONLINE,1,29,30,59,B,CT-OL,PASS,AUCDE,CBCS
20241010005,50015,DBA5105,Legal Aspects of Business & Corporate Ethics,501,MBA - Business Analytics (Online),ONLINE,1,27,44,71,A,CT-OL,PASS,AUCDE,CBCS
20241010005,50016,DBA5106,Information Management & ERP Systems,501,MBA - Business Analytics (Online),ONLINE,1,20,41,61,B+,CT-OL,PASS,AUCDE,CBCS
20241010005,50017,DBA5107,Business Communication & Soft Skills Laboratory,501,MBA - Business Analytics (Online),ONLINE,1,21,32,53,B,CT-OL,PASS,AUCDE,CBCS
20241010006,50011,DBA5101,Management Concepts & Organizational Behaviour,501,MBA - Business Analytics (Online),ONLINE,1,19,33,52,B,CT-OL,PASS,AUCDE,CBCS
20241010006,50012,DBA5102,Managerial Economics & Decision Making,501,MBA - Business Analytics (Online),ONLINE,1,25,51,76,A,CT-OL,PASS,AUCDE,CBCS
20241010006,50013,DBA5103,Statistical Methods & Quantitative Techniques,501,MBA - Business Analytics (Online),ONLINE,1,25,58,83,A+,CT-OL,PASS,AUCDE,CBCS
20241010006,50014,DBA5104,Financial & Management Accounting,501,MBA - Business Analytics (Online),ONLINE,1,21,40,61,B+,CT-OL,PASS,AUCDE,CBCS
20241010006,50015,DBA5105,Legal Aspects of Business & Corporate Ethics,501,MBA - Business Analytics (Online),ONLINE,1,28,65,93,O,CT-OL,PASS,AUCDE,CBCS
20241010006,50016,DBA5106,Information Management & ERP Systems,501,MBA - Business Analytics (Online),ONLINE,1,20,35,55,B,CT-OL,PASS,AUCDE,CBCS
20241010006,50017,DBA5107,Business Communication & Soft Skills Laboratory,501,MBA - Business Analytics (Online),ONLINE,1,23,34,57,B,CT-OL,PASS,AUCDE,CBCS
20241010007,50011,DBA5101,Management Concepts & Organizational Behaviour,501,MBA - Business Analytics (Online),ONLINE,1,23,36,59,B,CT-OL,PASS,AUCDE,CBCS
20241010007,50012,DBA5102,Managerial Economics & Decision Making,501,MBA - Business Analytics (Online),ONLINE,1,27,38,65,B+,CT-OL,PASS,AUCDE,CBCS
20241010007,50013,DBA5103,Statistical Methods & Quantitative Techniques,501,MBA - Business Analytics (Online),ONLINE,1,22,42,64,B+,CT-OL,PASS,AUCDE,CBCS
20241010007,50014,DBA5104,Financial & Management Accounting,501,MBA - Business Analytics (Online),ONLINE,1,22,37,59,B,CT-OL,PASS,AUCDE,CBCS
20241010007,50015,DBA5105,Legal Aspects of Business & Corporate Ethics,501,MBA - Business Analytics (Online),ONLINE,1,22,34,56,B,CT-OL,PASS,AUCDE,CBCS
20241010007,50016,DBA5106,Information Management & ERP Systems,501,MBA - Business Analytics (Online),ONLINE,1,25,43,68,B+,CT-OL,PASS,AUCDE,CBCS
20241010007,50017,DBA5107,Business Communication & Soft Skills Laboratory,501,MBA - Business Analytics (Online),ONLINE,1,26,51,77,A,CT-OL,PASS,AUCDE,CBCS
20241010008,50011,DBA5101,Management Concepts & Organizational Behaviour,501,MBA - Business Analytics (Online),ONLINE,1,27,38,65,B+,CT-OL,PASS,AUCDE,CBCS
20241010008,50012,DBA5102,Managerial Economics & Decision Making,501,MBA - Business Analytics (Online),ONLINE,1,22,37,59,B,CT-OL,PASS,AUCDE,CBCS
20241010008,50013,DBA5103,Statistical Methods & Quantitative Techniques,501,MBA - Business Analytics (Online),ONLINE,1,24,61,85,A+,CT-OL,PASS,AUCDE,CBCS
20241010008,50014,DBA5104,Financial & Management Accounting,501,MBA - Business Analytics (Online),ONLINE,1,27,51,78,A,CT-OL,PASS,AUCDE,CBCS
20241010008,50015,DBA5105,Legal Aspects of Business & Corporate Ethics,501,MBA - Business Analytics (Online),ONLINE,1,20,67,87,A+,CT-OL,PASS,AUCDE,CBCS
20241010008,50016,DBA5106,Information Management & ERP Systems,501,MBA - Business Analytics (Online),ONLINE,1,28,61,89,A+,CT-OL,PASS,AUCDE,CBCS
20241010008,50017,DBA5107,Business Communication & Soft Skills Laboratory,501,MBA - Business Analytics (Online),ONLINE,1,23,60,83,A+,CT-OL,PASS,AUCDE,CBCS
20241010009,50011,DBA5101,Management Concepts & Organizational Behaviour,501,MBA - Business Analytics (Online),ONLINE,1,27,52,79,A,CT-OL,PASS,AUCDE,CBCS
20241010009,50012,DBA5102,Managerial Economics & Decision Making,501,MBA - Business Analytics (Online),ONLINE,1,19,65,84,A+,CT-OL,PASS,AUCDE,CBCS
20241010009,50013,DBA5103,Statistical Methods & Quantitative Techniques,501,MBA - Business Analytics (Online),ONLINE,1,22,40,62,B+,CT-OL,PASS,AUCDE,CBCS
20241010009,50014,DBA5104,Financial & Management Accounting,501,MBA - Business Analytics (Online),ONLINE,1,18,56,74,A,CT-OL,PASS,AUCDE,CBCS
20241010009,50015,DBA5105,Legal Aspects of Business & Corporate Ethics,501,MBA - Business Analytics (Online),ONLINE,1,25,49,74,A,CT-OL,PASS,AUCDE,CBCS
20241010009,50016,DBA5106,Information Management & ERP Systems,501,MBA - Business Analytics (Online),ONLINE,1,20,49,69,B+,CT-OL,PASS,AUCDE,CBCS
20241010009,50017,DBA5107,Business Communication & Soft Skills Laboratory,501,MBA - Business Analytics (Online),ONLINE,1,18,44,62,B+,CT-OL,PASS,AUCDE,CBCS
20241010010,50011,DBA5101,Management Concepts & Organizational Behaviour,501,MBA - Business Analytics (Online),ONLINE,1,28,37,65,B+,CT-OL,PASS,AUCDE,CBCS
20241010010,50012,DBA5102,Managerial Economics & Decision Making,501,MBA - Business Analytics (Online),ONLINE,1,24,30,54,B,CT-OL,PASS,AUCDE,CBCS
20241010010,50013,DBA5103,Statistical Methods & Quantitative Techniques,501,MBA - Business Analytics (Online),ONLINE,1,27,54,81,A+,CT-OL,PASS,AUCDE,CBCS
20241010010,50014,DBA5104,Financial & Management Accounting,501,MBA - Business Analytics (Online),ONLINE,1,24,59,83,A+,CT-OL,PASS,AUCDE,CBCS
20241010010,50015,DBA5105,Legal Aspects of Business & Corporate Ethics,501,MBA - Business Analytics (Online),ONLINE,1,23,40,63,B+,CT-OL,PASS,AUCDE,CBCS
20241010010,50016,DBA5106,Information Management & ERP Systems,501,MBA - Business Analytics (Online),ONLINE,1,21,35,56,B,CT-OL,PASS,AUCDE,CBCS
20241010010,50017,DBA5107,Business Communication & Soft Skills Laboratory,501,MBA - Business Analytics (Online),ONLINE,1,27,58,85,A+,CT-OL,PASS,AUCDE,CBCS
20241010011,50011,DBA5101,Management Concepts & Organizational Behaviour,501,MBA - Business Analytics (Online),ONLINE,1,20,43,63,B+,CT-OL,PASS,AUCDE,CBCS
20241010011,50012,DBA5102,Managerial Economics & Decision Making,501,MBA - Business Analytics (Online),ONLINE,1,21,37,58,B,CT-OL,PASS,AUCDE,CBCS
20241010011,50013,DBA5103,Statistical Methods & Quantitative Techniques,501,MBA - Business Analytics (Online),ONLINE,1,28,35,63,B+,CT-OL,PASS,AUCDE,CBCS
20241010011,50014,DBA5104,Financial & Management Accounting,501,MBA - Business Analytics (Online),ONLINE,1,22,48,70,A,CT-OL,PASS,AUCDE,CBCS
20241010011,50015,DBA5105,Legal Aspects of Business & Corporate Ethics,501,MBA - Business Analytics (Online),ONLINE,1,29,61,90,O,CT-OL,PASS,AUCDE,CBCS
20241010011,50016,DBA5106,Information Management & ERP Systems,501,MBA - Business Analytics (Online),ONLINE,1,25,46,71,A,CT-OL,PASS,AUCDE,CBCS
20241010011,50017,DBA5107,Business Communication & Soft Skills Laboratory,501,MBA - Business Analytics (Online),ONLINE,1,20,62,82,A+,CT-OL,PASS,AUCDE,CBCS
20241010012,50011,DBA5101,Management Concepts & Organizational Behaviour,501,MBA - Business Analytics (Online),ONLINE,1,27,41,68,B+,CT-OL,PASS,AUCDE,CBCS
20241010012,50012,DBA5102,Managerial Economics & Decision Making,501,MBA - Business Analytics (Online),ONLINE,1,24,56,80,A+,CT-OL,PASS,AUCDE,CBCS
20241010012,50013,DBA5103,Statistical Methods & Quantitative Techniques,501,MBA - Business Analytics (Online),ONLINE,1,,,,,CT-OL,CANCELLED,AUCDE,CBCS
20241010012,50014,DBA5104,Financial & Management Accounting,501,MBA - Business Analytics (Online),ONLINE,1,27,45,72,A,CT-OL,PASS,AUCDE,CBCS
20241010012,50015,DBA5105,Legal Aspects of Business & Corporate Ethics,501,MBA - Business Analytics (Online),ONLINE,1,23,49,72,A,CT-OL,PASS,AUCDE,CBCS
20241010012,50016,DBA5106,Information Management & ERP Systems,501,MBA - Business Analytics (Online),ONLINE,1,23,37,60,B+,CT-OL,PASS,AUCDE,CBCS
20241010012,50017,DBA5107,Business Communication & Soft Skills Laboratory,501,MBA - Business Analytics (Online),ONLINE,1,26,63,89,A+,CT-OL,PASS,AUCDE,CBCS
20241010013,50011,DBA5101,Management Concepts & Organizational Behaviour,501,MBA - Business Analytics (Online),ONLINE,1,22,49,71,A,CT-OL,PASS,AUCDE,CBCS
20241010013,50012,DBA5102,Managerial Economics & Decision Making,501,MBA - Business Analytics (Online),ONLINE,1,23,55,78,A,CT-OL,PASS,AUCDE,CBCS
20241010013,50013,DBA5103,Statistical Methods & Quantitative Techniques,501,MBA - Business Analytics (Online),ONLINE,1,24,61,85,A+,CT-OL,PASS,AUCDE,CBCS
20241010013,50014,DBA5104,Financial & Management Accounting,501,MBA - Business Analytics (Online),ONLINE,1,24,66,90,O,CT-OL,PASS,AUCDE,CBCS
20241010013,50015,DBA5105,Legal Aspects of Business & Corporate Ethics,501,MBA - Business Analytics (Online),ONLINE,1,23,58,81,A+,CT-OL,PASS,AUCDE,CBCS
20241010013,50016,DBA5106,Information Management & ERP Systems,501,MBA - Business Analytics (Online),ONLINE,1,25,44,69,B+,CT-OL,PASS,AUCDE,CBCS
20241010013,50017,DBA5107,Business Communication & Soft Skills Laboratory,501,MBA - Business Analytics (Online),ONLINE,1,29,35,64,B+,CT-OL,PASS,AUCDE,CBCS
20241010014,50011,DBA5101,Management Concepts & Organizational Behaviour,501,MBA - Business Analytics (Online),ONLINE,1,22,64,86,A+,CT-OL,PASS,AUCDE,CBCS
20241010014,50012,DBA5102,Managerial Economics & Decision Making,501,MBA - Business Analytics (Online),ONLINE,1,20,45,65,B+,CT-OL,PASS,AUCDE,CBCS
20241010014,50013,DBA5103,Statistical Methods & Quantitative Techniques,501,MBA - Business Analytics (Online),ONLINE,1,22,62,84,A+,CT-OL,PASS,AUCDE,CBCS
20241010014,50014,DBA5104,Financial & Management Accounting,501,MBA - Business Analytics (Online),ONLINE,1,22,66,88,A+,CT-OL,PASS,AUCDE,CBCS
20241010014,50015,DBA5105,Legal Aspects of Business & Corporate Ethics,501,MBA - Business Analytics (Online),ONLINE,1,18,34,52,B,CT-OL,PASS,AUCDE,CBCS
20241010014,50016,DBA5106,Information Management & ERP Systems,501,MBA - Business Analytics (Online),ONLINE,1,20,40,60,B+,CT-OL,PASS,AUCDE,CBCS
20241010014,50017,DBA5107,Business Communication & Soft Skills Laboratory,501,MBA - Business Analytics (Online),ONLINE,1,27,36,63,B+,CT-OL,PASS,AUCDE,CBCS
20241010015,50011,DBA5101,Management Concepts & Organizational Behaviour,501,MBA - Business Analytics (Online),ONLINE,1,22,36,58,B,CT-OL,PASS,AUCDE,CBCS
20241010015,50012,DBA5102,Managerial Economics & Decision Making,501,MBA - Business Analytics (Online),ONLINE,1,27,31,58,B,CT-OL,PASS,AUCDE,CBCS
20241010015,50013,DBA5103,Statistical Methods & Quantitative Techniques,501,MBA - Business Analytics (Online),ONLINE,1,19,66,85,A+,CT-OL,PASS,AUCDE,CBCS
20241010015,50014,DBA5104,Financial & Management Accounting,501,MBA - Business Analytics (Online),ONLINE,1,20,41,61,B+,CT-OL,PASS,AUCDE,CBCS
20241010015,50015,DBA5105,Legal Aspects of Business & Corporate Ethics,501,MBA - Business Analytics (Online),ONLINE,1,21,66,87,A+,CT-OL,PASS,AUCDE,CBCS
20241010015,50016,DBA5106,Information Management & ERP Systems,501,MBA - Business Analytics (Online),ONLINE,1,24,36,60,B+,CT-OL,PASS,AUCDE,CBCS
20241010015,50017,DBA5107,Business Communication & Soft Skills Laboratory,501,MBA - Business Analytics (Online),ONLINE,1,24,40,64,B+,CT-OL,PASS,AUCDE,CBCS
20241010016,50011,DBA5101,Management Concepts & Organizational Behaviour,501,MBA - Business Analytics (Online),ONLINE,1,19,56,75,A,CT-OL,PASS,AUCDE,CBCS
20241010016,50012,DBA5102,Managerial Economics & Decision Making,501,MBA - Business Analytics (Online),ONLINE,1,21,60,81,A+,CT-OL,PASS,AUCDE,CBCS
20241010016,50013,DBA5103,Statistical Methods & Quantitative Techniques,501,MBA - Business Analytics (Online),ONLINE,1,26,66,92,O,CT-OL,PASS,AUCDE,CBCS
20241010016,50014,DBA5104,Financial & Management Accounting,501,MBA - Business Analytics (Online),ONLINE,1,,,,,CT-OL,CANCELLED,AUCDE,CBCS
20241010016,50015,DBA5105,Legal Aspects of Business & Corporate Ethics,501,MBA - Business Analytics (Online),ONLINE,1,23,57,80,A+,CT-OL,PASS,AUCDE,CBCS
20241010016,50016,DBA5106,Information Management & ERP Systems,501,MBA - Business Analytics (Online),ONLINE,1,21,59,80,A+,CT-OL,PASS,AUCDE,CBCS
20241010016,50017,DBA5107,Business Communication & Soft Skills Laboratory,501,MBA - Business Analytics (Online),ONLINE,1,22,32,54,B,CT-OL,PASS,AUCDE,CBCS
20241010017,50011,DBA5101,Management Concepts & Organizational Behaviour,501,MBA - Business Analytics (Online),ONLINE,1,19,66,85,A+,CT-OL,PASS,AUCDE,CBCS
20241010017,50012,DBA5102,Managerial Economics & Decision Making,501,MBA - Business Analytics (Online),ONLINE,1,22,31,53,B,CT-OL,PASS,AUCDE,CBCS
20241010017,50013,DBA5103,Statistical Methods & Quantitative Techniques,501,MBA - Business Analytics (Online),ONLINE,1,25,45,70,A,CT-OL,PASS,AUCDE,CBCS
20241010017,50014,DBA5104,Financial & Management Accounting,501,MBA - Business Analytics (Online),ONLINE,1,21,61,82,A+,CT-OL,PASS,AUCDE,CBCS
20241010017,50015,DBA5105,Legal Aspects of Business & Corporate Ethics,501,MBA - Business Analytics (Online),ONLINE,1,24,54,78,A,CT-OL,PASS,AUCDE,CBCS
20241010017,50016,DBA5106,Information Management & ERP Systems,501,MBA - Business Analytics (Online),ONLINE,1,22,37,59,B,CT-OL,PASS,AUCDE,CBCS
20241010017,50017,DBA5107,Business Communication & Soft Skills Laboratory,501,MBA - Business Analytics (Online),ONLINE,1,23,52,75,A,CT-OL,PASS,AUCDE,CBCS
20241010018,50011,DBA5101,Management Concepts & Organizational Behaviour,501,MBA - Business Analytics (Online),ONLINE,1,23,33,56,B,CT-OL,PASS,AUCDE,CBCS
20241010018,50012,DBA5102,Managerial Economics & Decision Making,501,MBA - Business Analytics (Online),ONLINE,1,23,63,86,A+,CT-OL,PASS,AUCDE,CBCS
20241010018,50013,DBA5103,Statistical Methods & Quantitative Techniques,501,MBA - Business Analytics (Online),ONLINE,1,26,51,77,A,CT-OL,PASS,AUCDE,CBCS
20241010018,50014,DBA5104,Financial & Management Accounting,501,MBA - Business Analytics (Online),ONLINE,1,28,35,63,B+,CT-OL,PASS,AUCDE,CBCS
20241010018,50015,DBA5105,Legal Aspects of Business & Corporate Ethics,501,MBA - Business Analytics (Online),ONLINE,1,22,35,57,B,CT-OL,PASS,AUCDE,CBCS
20241010018,50016,DBA5106,Information Management & ERP Systems,501,MBA - Business Analytics (Online),ONLINE,1,24,52,76,A,CT-OL,PASS,AUCDE,CBCS
20241010018,50017,DBA5107,Business Communication & Soft Skills Laboratory,501,MBA - Business Analytics (Online),ONLINE,1,28,34,62,B+,CT-OL,PASS,AUCDE,CBCS
20241010019,50011,DBA5101,Management Concepts & Organizational Behaviour,501,MBA - Business Analytics (Online),ONLINE,1,22,33,55,B,CT-OL,PASS,AUCDE,CBCS
20241010019,50012,DBA5102,Managerial Economics & Decision Making,501,MBA - Business Analytics (Online),ONLINE,1,29,38,67,B+,CT-OL,PASS,AUCDE,CBCS
20241010019,50013,DBA5103,Statistical Methods & Quantitative Techniques,501,MBA - Business Analytics (Online),ONLINE,1,20,37,57,B,CT-OL,PASS,AUCDE,CBCS
20241010019,50014,DBA5104,Financial & Management Accounting,501,MBA - Business Analytics (Online),ONLINE,1,28,30,58,B,CT-OL,PASS,AUCDE,CBCS
20241010019,50015,DBA5105,Legal Aspects of Business & Corporate Ethics,501,MBA - Business Analytics (Online),ONLINE,1,20,66,86,A+,CT-OL,PASS,AUCDE,CBCS
20241010019,50016,DBA5106,Information Management & ERP Systems,501,MBA - Business Analytics (Online),ONLINE,1,19,66,85,A+,CT-OL,PASS,AUCDE,CBCS
20241010019,50017,DBA5107,Business Communication & Soft Skills Laboratory,501,MBA - Business Analytics (Online),ONLINE,1,25,66,91,O,CT-OL,PASS,AUCDE,CBCS
20241010020,50011,DBA5101,Management Concepts & Organizational Behaviour,501,MBA - Business Analytics (Online),ONLINE,1,18,48,66,B+,CT-OL,PASS,AUCDE,CBCS
20241010020,50012,DBA5102,Managerial Economics & Decision Making,501,MBA - Business Analytics (Online),ONLINE,1,24,30,54,B,CT-OL,PASS,AUCDE,CBCS
20241010020,50013,DBA5103,Statistical Methods & Quantitative Techniques,501,MBA - Business Analytics (Online),ONLINE,1,19,41,60,B+,CT-OL,PASS,AUCDE,CBCS
20241010020,50014,DBA5104,Financial & Management Accounting,501,MBA - Business Analytics (Online),ONLINE,1,29,36,65,B+,CT-OL,PASS,AUCDE,CBCS
20241010020,50015,DBA5105,Legal Aspects of Business & Corporate Ethics,501,MBA - Business Analytics (Online),ONLINE,1,25,34,59,B,CT-OL,PASS,AUCDE,CBCS
20241010020,50016,DBA5106,Information Management & ERP Systems,501,MBA - Business Analytics (Online),ONLINE,1,22,63,85,A+,CT-OL,PASS,AUCDE,CBCS
20241010020,50017,DBA5107,Business Communication & Soft Skills Laboratory,501,MBA - Business Analytics (Online),ONLINE,1,22,57,79,A,CT-OL,PASS,AUCDE,CBCS
20241010001,50021,DBA5201,Operations Management & Supply Chain Strategy,501,MBA - Business Analytics (Online),ONLINE,2,18,39,57,B,END-OL,PASS,AUCDE,CBCS
20241010001,50022,DBA5202,Financial Management & Corporate Valuation,501,MBA - Business Analytics (Online),ONLINE,2,18,62,80,A+,END-OL,PASS,AUCDE,CBCS
20241010001,50023,DBA5203,Marketing Management & Digital Strategies,501,MBA - Business Analytics (Online),ONLINE,2,29,37,66,B+,END-OL,PASS,AUCDE,CBCS
20241010001,50024,DBA5204,Human Resource Management & Talent Acquisition,501,MBA - Business Analytics (Online),ONLINE,2,21,57,78,A,END-OL,PASS,AUCDE,CBCS
20241010001,50025,DBA5205,Business Research Methods & Predictive Analytics,501,MBA - Business Analytics (Online),ONLINE,2,29,44,73,A,END-OL,PASS,AUCDE,CBCS
20241010002,50021,DBA5201,Operations Management & Supply Chain Strategy,501,MBA - Business Analytics (Online),ONLINE,2,26,42,68,B+,END-OL,PASS,AUCDE,CBCS
20241010002,50022,DBA5202,Financial Management & Corporate Valuation,501,MBA - Business Analytics (Online),ONLINE,2,27,36,63,B+,END-OL,PASS,AUCDE,CBCS
20241010002,50023,DBA5203,Marketing Management & Digital Strategies,501,MBA - Business Analytics (Online),ONLINE,2,28,62,90,O,END-OL,PASS,AUCDE,CBCS
20241010002,50024,DBA5204,Human Resource Management & Talent Acquisition,501,MBA - Business Analytics (Online),ONLINE,2,18,52,70,A,END-OL,PASS,AUCDE,CBCS
20241010002,50025,DBA5205,Business Research Methods & Predictive Analytics,501,MBA - Business Analytics (Online),ONLINE,2,22,64,86,A+,END-OL,PASS,AUCDE,CBCS
20241010003,50021,DBA5201,Operations Management & Supply Chain Strategy,501,MBA - Business Analytics (Online),ONLINE,2,22,38,60,B+,END-OL,PASS,AUCDE,CBCS
20241010003,50022,DBA5202,Financial Management & Corporate Valuation,501,MBA - Business Analytics (Online),ONLINE,2,29,62,91,O,END-OL,PASS,AUCDE,CBCS
20241010003,50023,DBA5203,Marketing Management & Digital Strategies,501,MBA - Business Analytics (Online),ONLINE,2,23,35,58,B,END-OL,PASS,AUCDE,CBCS
20241010003,50024,DBA5204,Human Resource Management & Talent Acquisition,501,MBA - Business Analytics (Online),ONLINE,2,24,65,89,A+,END-OL,PASS,AUCDE,CBCS
20241010003,50025,DBA5205,Business Research Methods & Predictive Analytics,501,MBA - Business Analytics (Online),ONLINE,2,19,40,59,B,END-OL,PASS,AUCDE,CBCS
20241010004,50021,DBA5201,Operations Management & Supply Chain Strategy,501,MBA - Business Analytics (Online),ONLINE,2,28,51,79,A,END-OL,PASS,AUCDE,CBCS
20241010004,50022,DBA5202,Financial Management & Corporate Valuation,501,MBA - Business Analytics (Online),ONLINE,2,29,58,87,A+,END-OL,PASS,AUCDE,CBCS
20241010004,50023,DBA5203,Marketing Management & Digital Strategies,501,MBA - Business Analytics (Online),ONLINE,2,18,50,68,B+,END-OL,PASS,AUCDE,CBCS
20241010004,50024,DBA5204,Human Resource Management & Talent Acquisition,501,MBA - Business Analytics (Online),ONLINE,2,26,46,72,A,END-OL,PASS,AUCDE,CBCS
20241010004,50025,DBA5205,Business Research Methods & Predictive Analytics,501,MBA - Business Analytics (Online),ONLINE,2,28,66,94,O,END-OL,PASS,AUCDE,CBCS
20241010005,50021,DBA5201,Operations Management & Supply Chain Strategy,501,MBA - Business Analytics (Online),ONLINE,2,26,57,83,A+,END-OL,PASS,AUCDE,CBCS
20241010005,50022,DBA5202,Financial Management & Corporate Valuation,501,MBA - Business Analytics (Online),ONLINE,2,26,49,75,A,END-OL,PASS,AUCDE,CBCS
20241010005,50023,DBA5203,Marketing Management & Digital Strategies,501,MBA - Business Analytics (Online),ONLINE,2,27,40,67,B+,END-OL,PASS,AUCDE,CBCS
20241010005,50024,DBA5204,Human Resource Management & Talent Acquisition,501,MBA - Business Analytics (Online),ONLINE,2,26,59,85,A+,END-OL,PASS,AUCDE,CBCS
20241010005,50025,DBA5205,Business Research Methods & Predictive Analytics,501,MBA - Business Analytics (Online),ONLINE,2,26,33,59,B,END-OL,PASS,AUCDE,CBCS
20241010006,50021,DBA5201,Operations Management & Supply Chain Strategy,501,MBA - Business Analytics (Online),ONLINE,2,18,66,84,A+,END-OL,PASS,AUCDE,CBCS
20241010006,50022,DBA5202,Financial Management & Corporate Valuation,501,MBA - Business Analytics (Online),ONLINE,2,26,56,82,A+,END-OL,PASS,AUCDE,CBCS
20241010006,50023,DBA5203,Marketing Management & Digital Strategies,501,MBA - Business Analytics (Online),ONLINE,2,19,53,72,A,END-OL,PASS,AUCDE,CBCS
20241010006,50024,DBA5204,Human Resource Management & Talent Acquisition,501,MBA - Business Analytics (Online),ONLINE,2,,,,,END-OL,CANCELLED,AUCDE,CBCS
20241010006,50025,DBA5205,Business Research Methods & Predictive Analytics,501,MBA - Business Analytics (Online),ONLINE,2,22,46,68,B+,END-OL,PASS,AUCDE,CBCS
20241010007,50021,DBA5201,Operations Management & Supply Chain Strategy,501,MBA - Business Analytics (Online),ONLINE,2,29,39,68,B+,END-OL,PASS,AUCDE,CBCS
20241010007,50022,DBA5202,Financial Management & Corporate Valuation,501,MBA - Business Analytics (Online),ONLINE,2,24,37,61,B+,END-OL,PASS,AUCDE,CBCS
20241010007,50023,DBA5203,Marketing Management & Digital Strategies,501,MBA - Business Analytics (Online),ONLINE,2,21,63,84,A+,END-OL,PASS,AUCDE,CBCS
20241010007,50024,DBA5204,Human Resource Management & Talent Acquisition,501,MBA - Business Analytics (Online),ONLINE,2,22,64,86,A+,END-OL,PASS,AUCDE,CBCS
20241010007,50025,DBA5205,Business Research Methods & Predictive Analytics,501,MBA - Business Analytics (Online),ONLINE,2,22,30,52,B,END-OL,PASS,AUCDE,CBCS
20241010008,50021,DBA5201,Operations Management & Supply Chain Strategy,501,MBA - Business Analytics (Online),ONLINE,2,22,30,52,B,END-OL,PASS,AUCDE,CBCS
20241010008,50022,DBA5202,Financial Management & Corporate Valuation,501,MBA - Business Analytics (Online),ONLINE,2,25,59,84,A+,END-OL,PASS,AUCDE,CBCS
20241010008,50023,DBA5203,Marketing Management & Digital Strategies,501,MBA - Business Analytics (Online),ONLINE,2,,,,,END-OL,CANCELLED,AUCDE,CBCS
20241010008,50024,DBA5204,Human Resource Management & Talent Acquisition,501,MBA - Business Analytics (Online),ONLINE,2,25,65,90,O,END-OL,PASS,AUCDE,CBCS
20241010008,50025,DBA5205,Business Research Methods & Predictive Analytics,501,MBA - Business Analytics (Online),ONLINE,2,23,39,62,B+,END-OL,PASS,AUCDE,CBCS
20241010009,50021,DBA5201,Operations Management & Supply Chain Strategy,501,MBA - Business Analytics (Online),ONLINE,2,29,61,90,O,END-OL,PASS,AUCDE,CBCS
20241010009,50022,DBA5202,Financial Management & Corporate Valuation,501,MBA - Business Analytics (Online),ONLINE,2,22,48,70,A,END-OL,PASS,AUCDE,CBCS
20241010009,50023,DBA5203,Marketing Management & Digital Strategies,501,MBA - Business Analytics (Online),ONLINE,2,26,60,86,A+,END-OL,PASS,AUCDE,CBCS
20241010009,50024,DBA5204,Human Resource Management & Talent Acquisition,501,MBA - Business Analytics (Online),ONLINE,2,23,55,78,A,END-OL,PASS,AUCDE,CBCS
20241010009,50025,DBA5205,Business Research Methods & Predictive Analytics,501,MBA - Business Analytics (Online),ONLINE,2,28,33,61,B+,END-OL,PASS,AUCDE,CBCS
20241010010,50021,DBA5201,Operations Management & Supply Chain Strategy,501,MBA - Business Analytics (Online),ONLINE,2,28,31,59,B,END-OL,PASS,AUCDE,CBCS
20241010010,50022,DBA5202,Financial Management & Corporate Valuation,501,MBA - Business Analytics (Online),ONLINE,2,26,48,74,A,END-OL,PASS,AUCDE,CBCS
20241010010,50023,DBA5203,Marketing Management & Digital Strategies,501,MBA - Business Analytics (Online),ONLINE,2,28,46,74,A,END-OL,PASS,AUCDE,CBCS
20241010010,50024,DBA5204,Human Resource Management & Talent Acquisition,501,MBA - Business Analytics (Online),ONLINE,2,21,32,53,B,END-OL,PASS,AUCDE,CBCS
20241010010,50025,DBA5205,Business Research Methods & Predictive Analytics,501,MBA - Business Analytics (Online),ONLINE,2,21,40,61,B+,END-OL,PASS,AUCDE,CBCS
20241010011,50021,DBA5201,Operations Management & Supply Chain Strategy,501,MBA - Business Analytics (Online),ONLINE,2,21,62,83,A+,END-OL,PASS,AUCDE,CBCS
20241010011,50022,DBA5202,Financial Management & Corporate Valuation,501,MBA - Business Analytics (Online),ONLINE,2,25,46,71,A,END-OL,PASS,AUCDE,CBCS
20241010011,50023,DBA5203,Marketing Management & Digital Strategies,501,MBA - Business Analytics (Online),ONLINE,2,27,47,74,A,END-OL,PASS,AUCDE,CBCS
20241010011,50024,DBA5204,Human Resource Management & Talent Acquisition,501,MBA - Business Analytics (Online),ONLINE,2,18,57,75,A,END-OL,PASS,AUCDE,CBCS
20241010011,50025,DBA5205,Business Research Methods & Predictive Analytics,501,MBA - Business Analytics (Online),ONLINE,2,22,54,76,A,END-OL,PASS,AUCDE,CBCS
20241010012,50021,DBA5201,Operations Management & Supply Chain Strategy,501,MBA - Business Analytics (Online),ONLINE,2,24,42,66,B+,END-OL,PASS,AUCDE,CBCS
20241010012,50022,DBA5202,Financial Management & Corporate Valuation,501,MBA - Business Analytics (Online),ONLINE,2,22,31,53,B,END-OL,PASS,AUCDE,CBCS
20241010012,50023,DBA5203,Marketing Management & Digital Strategies,501,MBA - Business Analytics (Online),ONLINE,2,,,,,END-OL,CANCELLED,AUCDE,CBCS
20241010012,50024,DBA5204,Human Resource Management & Talent Acquisition,501,MBA - Business Analytics (Online),ONLINE,2,22,38,60,B+,END-OL,PASS,AUCDE,CBCS
20241010012,50025,DBA5205,Business Research Methods & Predictive Analytics,501,MBA - Business Analytics (Online),ONLINE,2,22,44,66,B+,END-OL,PASS,AUCDE,CBCS
20241010013,50021,DBA5201,Operations Management & Supply Chain Strategy,501,MBA - Business Analytics (Online),ONLINE,2,24,49,73,A,END-OL,PASS,AUCDE,CBCS
20241010013,50022,DBA5202,Financial Management & Corporate Valuation,501,MBA - Business Analytics (Online),ONLINE,2,20,66,86,A+,END-OL,PASS,AUCDE,CBCS
20241010013,50023,DBA5203,Marketing Management & Digital Strategies,501,MBA - Business Analytics (Online),ONLINE,2,24,47,71,A,END-OL,PASS,AUCDE,CBCS
20241010013,50024,DBA5204,Human Resource Management & Talent Acquisition,501,MBA - Business Analytics (Online),ONLINE,2,22,36,58,B,END-OL,PASS,AUCDE,CBCS
20241010013,50025,DBA5205,Business Research Methods & Predictive Analytics,501,MBA - Business Analytics (Online),ONLINE,2,28,59,87,A+,END-OL,PASS,AUCDE,CBCS
20241010014,50021,DBA5201,Operations Management & Supply Chain Strategy,501,MBA - Business Analytics (Online),ONLINE,2,19,66,85,A+,END-OL,PASS,AUCDE,CBCS
20241010014,50022,DBA5202,Financial Management & Corporate Valuation,501,MBA - Business Analytics (Online),ONLINE,2,25,33,58,B,END-OL,PASS,AUCDE,CBCS
20241010014,50023,DBA5203,Marketing Management & Digital Strategies,501,MBA - Business Analytics (Online),ONLINE,2,20,52,72,A,END-OL,PASS,AUCDE,CBCS
20241010014,50024,DBA5204,Human Resource Management & Talent Acquisition,501,MBA - Business Analytics (Online),ONLINE,2,20,40,60,B+,END-OL,PASS,AUCDE,CBCS
20241010014,50025,DBA5205,Business Research Methods & Predictive Analytics,501,MBA - Business Analytics (Online),ONLINE,2,27,47,74,A,END-OL,PASS,AUCDE,CBCS
20241010015,50021,DBA5201,Operations Management & Supply Chain Strategy,501,MBA - Business Analytics (Online),ONLINE,2,20,44,64,B+,END-OL,PASS,AUCDE,CBCS
20241010015,50022,DBA5202,Financial Management & Corporate Valuation,501,MBA - Business Analytics (Online),ONLINE,2,29,67,96,O,END-OL,PASS,AUCDE,CBCS
20241010015,50023,DBA5203,Marketing Management & Digital Strategies,501,MBA - Business Analytics (Online),ONLINE,2,24,33,57,B,END-OL,PASS,AUCDE,CBCS
20241010015,50024,DBA5204,Human Resource Management & Talent Acquisition,501,MBA - Business Analytics (Online),ONLINE,2,28,47,75,A,END-OL,PASS,AUCDE,CBCS
20241010015,50025,DBA5205,Business Research Methods & Predictive Analytics,501,MBA - Business Analytics (Online),ONLINE,2,26,64,90,O,END-OL,PASS,AUCDE,CBCS
20241010016,50021,DBA5201,Operations Management & Supply Chain Strategy,501,MBA - Business Analytics (Online),ONLINE,2,22,53,75,A,END-OL,PASS,AUCDE,CBCS
20241010016,50022,DBA5202,Financial Management & Corporate Valuation,501,MBA - Business Analytics (Online),ONLINE,2,28,58,86,A+,END-OL,PASS,AUCDE,CBCS
20241010016,50023,DBA5203,Marketing Management & Digital Strategies,501,MBA - Business Analytics (Online),ONLINE,2,26,43,69,B+,END-OL,PASS,AUCDE,CBCS
20241010016,50024,DBA5204,Human Resource Management & Talent Acquisition,501,MBA - Business Analytics (Online),ONLINE,2,28,55,83,A+,END-OL,PASS,AUCDE,CBCS
20241010016,50025,DBA5205,Business Research Methods & Predictive Analytics,501,MBA - Business Analytics (Online),ONLINE,2,28,47,75,A,END-OL,PASS,AUCDE,CBCS
20241010017,50021,DBA5201,Operations Management & Supply Chain Strategy,501,MBA - Business Analytics (Online),ONLINE,2,27,43,70,A,END-OL,PASS,AUCDE,CBCS
20241010017,50022,DBA5202,Financial Management & Corporate Valuation,501,MBA - Business Analytics (Online),ONLINE,2,18,33,51,B,END-OL,PASS,AUCDE,CBCS
20241010017,50023,DBA5203,Marketing Management & Digital Strategies,501,MBA - Business Analytics (Online),ONLINE,2,19,46,65,B+,END-OL,PASS,AUCDE,CBCS
20241010017,50024,DBA5204,Human Resource Management & Talent Acquisition,501,MBA - Business Analytics (Online),ONLINE,2,26,65,91,O,END-OL,PASS,AUCDE,CBCS
20241010017,50025,DBA5205,Business Research Methods & Predictive Analytics,501,MBA - Business Analytics (Online),ONLINE,2,23,39,62,B+,END-OL,PASS,AUCDE,CBCS
20241010018,50021,DBA5201,Operations Management & Supply Chain Strategy,501,MBA - Business Analytics (Online),ONLINE,2,,,,,END-OL,CANCELLED,AUCDE,CBCS
20241010018,50022,DBA5202,Financial Management & Corporate Valuation,501,MBA - Business Analytics (Online),ONLINE,2,27,47,74,A,END-OL,PASS,AUCDE,CBCS
20241010018,50023,DBA5203,Marketing Management & Digital Strategies,501,MBA - Business Analytics (Online),ONLINE,2,25,48,73,A,END-OL,PASS,AUCDE,CBCS
20241010018,50024,DBA5204,Human Resource Management & Talent Acquisition,501,MBA - Business Analytics (Online),ONLINE,2,23,61,84,A+,END-OL,PASS,AUCDE,CBCS
20241010018,50025,DBA5205,Business Research Methods & Predictive Analytics,501,MBA - Business Analytics (Online),ONLINE,2,27,31,58,B,END-OL,PASS,AUCDE,CBCS
20241010019,50021,DBA5201,Operations Management & Supply Chain Strategy,501,MBA - Business Analytics (Online),ONLINE,2,21,49,70,A,END-OL,PASS,AUCDE,CBCS
20241010019,50022,DBA5202,Financial Management & Corporate Valuation,501,MBA - Business Analytics (Online),ONLINE,2,23,59,82,A+,END-OL,PASS,AUCDE,CBCS
20241010019,50023,DBA5203,Marketing Management & Digital Strategies,501,MBA - Business Analytics (Online),ONLINE,2,21,56,77,A,END-OL,PASS,AUCDE,CBCS
20241010019,50024,DBA5204,Human Resource Management & Talent Acquisition,501,MBA - Business Analytics (Online),ONLINE,2,23,31,54,B,END-OL,PASS,AUCDE,CBCS
20241010019,50025,DBA5205,Business Research Methods & Predictive Analytics,501,MBA - Business Analytics (Online),ONLINE,2,23,30,53,B,END-OL,PASS,AUCDE,CBCS
20241010020,50021,DBA5201,Operations Management & Supply Chain Strategy,501,MBA - Business Analytics (Online),ONLINE,2,23,66,89,A+,END-OL,PASS,AUCDE,CBCS
20241010020,50022,DBA5202,Financial Management & Corporate Valuation,501,MBA - Business Analytics (Online),ONLINE,2,23,55,78,A,END-OL,PASS,AUCDE,CBCS
20241010020,50023,DBA5203,Marketing Management & Digital Strategies,501,MBA - Business Analytics (Online),ONLINE,2,18,57,75,A,END-OL,PASS,AUCDE,CBCS
20241010020,50024,DBA5204,Human Resource Management & Talent Acquisition,501,MBA - Business Analytics (Online),ONLINE,2,19,54,73,A,END-OL,PASS,AUCDE,CBCS
20241010020,50025,DBA5205,Business Research Methods & Predictive Analytics,501,MBA - Business Analytics (Online),ONLINE,2,18,67,85,A+,END-OL,PASS,AUCDE,CBCS
20241020001,50011,DBA5101,Management Concepts & Organizational Behaviour,502,MBA - General Management (Online),ONLINE,1,24,55,79,A,CT-OL,PASS,AUCDE,CBCS
20241020001,50012,DBA5102,Managerial Economics & Decision Making,502,MBA - General Management (Online),ONLINE,1,28,52,80,A+,CT-OL,PASS,AUCDE,CBCS
20241020001,50013,DBA5103,Statistical Methods & Quantitative Techniques,502,MBA - General Management (Online),ONLINE,1,22,35,57,B,CT-OL,PASS,AUCDE,CBCS
20241020001,50014,DBA5104,Financial & Management Accounting,502,MBA - General Management (Online),ONLINE,1,28,43,71,A,CT-OL,PASS,AUCDE,CBCS
20241020001,50015,DBA5105,Legal Aspects of Business & Corporate Ethics,502,MBA - General Management (Online),ONLINE,1,21,54,75,A,CT-OL,PASS,AUCDE,CBCS
20241020001,50016,DBA5106,Information Management & ERP Systems,502,MBA - General Management (Online),ONLINE,1,22,53,75,A,CT-OL,PASS,AUCDE,CBCS
20241020001,50017,DBA5107,Business Communication & Soft Skills Laboratory,502,MBA - General Management (Online),ONLINE,1,25,58,83,A+,CT-OL,PASS,AUCDE,CBCS
20241020002,50011,DBA5101,Management Concepts & Organizational Behaviour,502,MBA - General Management (Online),ONLINE,1,,,,,CT-OL,CANCELLED,AUCDE,CBCS
20241020002,50012,DBA5102,Managerial Economics & Decision Making,502,MBA - General Management (Online),ONLINE,1,25,51,76,A,CT-OL,PASS,AUCDE,CBCS
20241020002,50013,DBA5103,Statistical Methods & Quantitative Techniques,502,MBA - General Management (Online),ONLINE,1,19,39,58,B,CT-OL,PASS,AUCDE,CBCS
20241020002,50014,DBA5104,Financial & Management Accounting,502,MBA - General Management (Online),ONLINE,1,25,30,55,B,CT-OL,PASS,AUCDE,CBCS
20241020002,50015,DBA5105,Legal Aspects of Business & Corporate Ethics,502,MBA - General Management (Online),ONLINE,1,29,51,80,A+,CT-OL,PASS,AUCDE,CBCS
20241020002,50016,DBA5106,Information Management & ERP Systems,502,MBA - General Management (Online),ONLINE,1,24,36,60,B+,CT-OL,PASS,AUCDE,CBCS
20241020002,50017,DBA5107,Business Communication & Soft Skills Laboratory,502,MBA - General Management (Online),ONLINE,1,18,42,60,B+,CT-OL,PASS,AUCDE,CBCS
20241020003,50011,DBA5101,Management Concepts & Organizational Behaviour,502,MBA - General Management (Online),ONLINE,1,28,33,61,B+,CT-OL,PASS,AUCDE,CBCS
20241020003,50012,DBA5102,Managerial Economics & Decision Making,502,MBA - General Management (Online),ONLINE,1,23,38,61,B+,CT-OL,PASS,AUCDE,CBCS
20241020003,50013,DBA5103,Statistical Methods & Quantitative Techniques,502,MBA - General Management (Online),ONLINE,1,25,45,70,A,CT-OL,PASS,AUCDE,CBCS
20241020003,50014,DBA5104,Financial & Management Accounting,502,MBA - General Management (Online),ONLINE,1,29,51,80,A+,CT-OL,PASS,AUCDE,CBCS
20241020003,50015,DBA5105,Legal Aspects of Business & Corporate Ethics,502,MBA - General Management (Online),ONLINE,1,22,40,62,B+,CT-OL,PASS,AUCDE,CBCS
20241020003,50016,DBA5106,Information Management & ERP Systems,502,MBA - General Management (Online),ONLINE,1,20,60,80,A+,CT-OL,PASS,AUCDE,CBCS
20241020003,50017,DBA5107,Business Communication & Soft Skills Laboratory,502,MBA - General Management (Online),ONLINE,1,28,37,65,B+,CT-OL,PASS,AUCDE,CBCS
20241020004,50011,DBA5101,Management Concepts & Organizational Behaviour,502,MBA - General Management (Online),ONLINE,1,27,63,90,O,CT-OL,PASS,AUCDE,CBCS
20241020004,50012,DBA5102,Managerial Economics & Decision Making,502,MBA - General Management (Online),ONLINE,1,25,37,62,B+,CT-OL,PASS,AUCDE,CBCS
20241020004,50013,DBA5103,Statistical Methods & Quantitative Techniques,502,MBA - General Management (Online),ONLINE,1,20,38,58,B,CT-OL,PASS,AUCDE,CBCS
20241020004,50014,DBA5104,Financial & Management Accounting,502,MBA - General Management (Online),ONLINE,1,27,46,73,A,CT-OL,PASS,AUCDE,CBCS
20241020004,50015,DBA5105,Legal Aspects of Business & Corporate Ethics,502,MBA - General Management (Online),ONLINE,1,26,65,91,O,CT-OL,PASS,AUCDE,CBCS
20241020004,50016,DBA5106,Information Management & ERP Systems,502,MBA - General Management (Online),ONLINE,1,22,66,88,A+,CT-OL,PASS,AUCDE,CBCS
20241020004,50017,DBA5107,Business Communication & Soft Skills Laboratory,502,MBA - General Management (Online),ONLINE,1,28,35,63,B+,CT-OL,PASS,AUCDE,CBCS
20241020005,50011,DBA5101,Management Concepts & Organizational Behaviour,502,MBA - General Management (Online),ONLINE,1,26,52,78,A,CT-OL,PASS,AUCDE,CBCS
20241020005,50012,DBA5102,Managerial Economics & Decision Making,502,MBA - General Management (Online),ONLINE,1,20,32,52,B,CT-OL,PASS,AUCDE,CBCS
20241020005,50013,DBA5103,Statistical Methods & Quantitative Techniques,502,MBA - General Management (Online),ONLINE,1,20,52,72,A,CT-OL,PASS,AUCDE,CBCS
20241020005,50014,DBA5104,Financial & Management Accounting,502,MBA - General Management (Online),ONLINE,1,26,62,88,A+,CT-OL,PASS,AUCDE,CBCS
20241020005,50015,DBA5105,Legal Aspects of Business & Corporate Ethics,502,MBA - General Management (Online),ONLINE,1,26,64,90,O,CT-OL,PASS,AUCDE,CBCS
20241020005,50016,DBA5106,Information Management & ERP Systems,502,MBA - General Management (Online),ONLINE,1,18,52,70,A,CT-OL,PASS,AUCDE,CBCS
20241020005,50017,DBA5107,Business Communication & Soft Skills Laboratory,502,MBA - General Management (Online),ONLINE,1,19,48,67,B+,CT-OL,PASS,AUCDE,CBCS
20241020006,50011,DBA5101,Management Concepts & Organizational Behaviour,502,MBA - General Management (Online),ONLINE,1,20,56,76,A,CT-OL,PASS,AUCDE,CBCS
20241020006,50012,DBA5102,Managerial Economics & Decision Making,502,MBA - General Management (Online),ONLINE,1,25,48,73,A,CT-OL,PASS,AUCDE,CBCS
20241020006,50013,DBA5103,Statistical Methods & Quantitative Techniques,502,MBA - General Management (Online),ONLINE,1,22,52,74,A,CT-OL,PASS,AUCDE,CBCS
20241020006,50014,DBA5104,Financial & Management Accounting,502,MBA - General Management (Online),ONLINE,1,22,56,78,A,CT-OL,PASS,AUCDE,CBCS
20241020006,50015,DBA5105,Legal Aspects of Business & Corporate Ethics,502,MBA - General Management (Online),ONLINE,1,27,43,70,A,CT-OL,PASS,AUCDE,CBCS
20241020006,50016,DBA5106,Information Management & ERP Systems,502,MBA - General Management (Online),ONLINE,1,25,30,55,B,CT-OL,PASS,AUCDE,CBCS
20241020006,50017,DBA5107,Business Communication & Soft Skills Laboratory,502,MBA - General Management (Online),ONLINE,1,26,35,61,B+,CT-OL,PASS,AUCDE,CBCS
20241020007,50011,DBA5101,Management Concepts & Organizational Behaviour,502,MBA - General Management (Online),ONLINE,1,20,44,64,B+,CT-OL,PASS,AUCDE,CBCS
20241020007,50012,DBA5102,Managerial Economics & Decision Making,502,MBA - General Management (Online),ONLINE,1,28,53,81,A+,CT-OL,PASS,AUCDE,CBCS
20241020007,50013,DBA5103,Statistical Methods & Quantitative Techniques,502,MBA - General Management (Online),ONLINE,1,19,52,71,A,CT-OL,PASS,AUCDE,CBCS
20241020007,50014,DBA5104,Financial & Management Accounting,502,MBA - General Management (Online),ONLINE,1,29,50,79,A,CT-OL,PASS,AUCDE,CBCS
20241020007,50015,DBA5105,Legal Aspects of Business & Corporate Ethics,502,MBA - General Management (Online),ONLINE,1,29,67,96,O,CT-OL,PASS,AUCDE,CBCS
20241020007,50016,DBA5106,Information Management & ERP Systems,502,MBA - General Management (Online),ONLINE,1,22,51,73,A,CT-OL,PASS,AUCDE,CBCS
20241020007,50017,DBA5107,Business Communication & Soft Skills Laboratory,502,MBA - General Management (Online),ONLINE,1,29,47,76,A,CT-OL,PASS,AUCDE,CBCS
20241020008,50011,DBA5101,Management Concepts & Organizational Behaviour,502,MBA - General Management (Online),ONLINE,1,24,39,63,B+,CT-OL,PASS,AUCDE,CBCS
20241020008,50012,DBA5102,Managerial Economics & Decision Making,502,MBA - General Management (Online),ONLINE,1,28,55,83,A+,CT-OL,PASS,AUCDE,CBCS
20241020008,50013,DBA5103,Statistical Methods & Quantitative Techniques,502,MBA - General Management (Online),ONLINE,1,27,48,75,A,CT-OL,PASS,AUCDE,CBCS
20241020008,50014,DBA5104,Financial & Management Accounting,502,MBA - General Management (Online),ONLINE,1,25,32,57,B,CT-OL,PASS,AUCDE,CBCS
20241020008,50015,DBA5105,Legal Aspects of Business & Corporate Ethics,502,MBA - General Management (Online),ONLINE,1,26,65,91,O,CT-OL,PASS,AUCDE,CBCS
20241020008,50016,DBA5106,Information Management & ERP Systems,502,MBA - General Management (Online),ONLINE,1,27,45,72,A,CT-OL,PASS,AUCDE,CBCS
20241020008,50017,DBA5107,Business Communication & Soft Skills Laboratory,502,MBA - General Management (Online),ONLINE,1,18,51,69,B+,CT-OL,PASS,AUCDE,CBCS
20241020009,50011,DBA5101,Management Concepts & Organizational Behaviour,502,MBA - General Management (Online),ONLINE,1,22,62,84,A+,CT-OL,PASS,AUCDE,CBCS
20241020009,50012,DBA5102,Managerial Economics & Decision Making,502,MBA - General Management (Online),ONLINE,1,18,56,74,A,CT-OL,PASS,AUCDE,CBCS
20241020009,50013,DBA5103,Statistical Methods & Quantitative Techniques,502,MBA - General Management (Online),ONLINE,1,19,41,60,B+,CT-OL,PASS,AUCDE,CBCS
20241020009,50014,DBA5104,Financial & Management Accounting,502,MBA - General Management (Online),ONLINE,1,26,43,69,B+,CT-OL,PASS,AUCDE,CBCS
20241020009,50015,DBA5105,Legal Aspects of Business & Corporate Ethics,502,MBA - General Management (Online),ONLINE,1,29,36,65,B+,CT-OL,PASS,AUCDE,CBCS
20241020009,50016,DBA5106,Information Management & ERP Systems,502,MBA - General Management (Online),ONLINE,1,28,60,88,A+,CT-OL,PASS,AUCDE,CBCS
20241020009,50017,DBA5107,Business Communication & Soft Skills Laboratory,502,MBA - General Management (Online),ONLINE,1,28,54,82,A+,CT-OL,PASS,AUCDE,CBCS
20241020010,50011,DBA5101,Management Concepts & Organizational Behaviour,502,MBA - General Management (Online),ONLINE,1,27,35,62,B+,CT-OL,PASS,AUCDE,CBCS
20241020010,50012,DBA5102,Managerial Economics & Decision Making,502,MBA - General Management (Online),ONLINE,1,22,55,77,A,CT-OL,PASS,AUCDE,CBCS
20241020010,50013,DBA5103,Statistical Methods & Quantitative Techniques,502,MBA - General Management (Online),ONLINE,1,28,47,75,A,CT-OL,PASS,AUCDE,CBCS
20241020010,50014,DBA5104,Financial & Management Accounting,502,MBA - General Management (Online),ONLINE,1,,,,,CT-OL,CANCELLED,AUCDE,CBCS
20241020010,50015,DBA5105,Legal Aspects of Business & Corporate Ethics,502,MBA - General Management (Online),ONLINE,1,24,44,68,B+,CT-OL,PASS,AUCDE,CBCS
20241020010,50016,DBA5106,Information Management & ERP Systems,502,MBA - General Management (Online),ONLINE,1,24,42,66,B+,CT-OL,PASS,AUCDE,CBCS
20241020010,50017,DBA5107,Business Communication & Soft Skills Laboratory,502,MBA - General Management (Online),ONLINE,1,22,57,79,A,CT-OL,PASS,AUCDE,CBCS
20241020011,50011,DBA5101,Management Concepts & Organizational Behaviour,502,MBA - General Management (Online),ONLINE,1,21,36,57,B,CT-OL,PASS,AUCDE,CBCS
20241020011,50012,DBA5102,Managerial Economics & Decision Making,502,MBA - General Management (Online),ONLINE,1,19,42,61,B+,CT-OL,PASS,AUCDE,CBCS
20241020011,50013,DBA5103,Statistical Methods & Quantitative Techniques,502,MBA - General Management (Online),ONLINE,1,29,40,69,B+,CT-OL,PASS,AUCDE,CBCS
20241020011,50014,DBA5104,Financial & Management Accounting,502,MBA - General Management (Online),ONLINE,1,23,61,84,A+,CT-OL,PASS,AUCDE,CBCS
20241020011,50015,DBA5105,Legal Aspects of Business & Corporate Ethics,502,MBA - General Management (Online),ONLINE,1,26,47,73,A,CT-OL,PASS,AUCDE,CBCS
20241020011,50016,DBA5106,Information Management & ERP Systems,502,MBA - General Management (Online),ONLINE,1,29,42,71,A,CT-OL,PASS,AUCDE,CBCS
20241020011,50017,DBA5107,Business Communication & Soft Skills Laboratory,502,MBA - General Management (Online),ONLINE,1,28,45,73,A,CT-OL,PASS,AUCDE,CBCS
20241020012,50011,DBA5101,Management Concepts & Organizational Behaviour,502,MBA - General Management (Online),ONLINE,1,26,56,82,A+,CT-OL,PASS,AUCDE,CBCS
20241020012,50012,DBA5102,Managerial Economics & Decision Making,502,MBA - General Management (Online),ONLINE,1,21,47,68,B+,CT-OL,PASS,AUCDE,CBCS
20241020012,50013,DBA5103,Statistical Methods & Quantitative Techniques,502,MBA - General Management (Online),ONLINE,1,21,62,83,A+,CT-OL,PASS,AUCDE,CBCS
20241020012,50014,DBA5104,Financial & Management Accounting,502,MBA - General Management (Online),ONLINE,1,,,,,CT-OL,CANCELLED,AUCDE,CBCS
20241020012,50015,DBA5105,Legal Aspects of Business & Corporate Ethics,502,MBA - General Management (Online),ONLINE,1,21,48,69,B+,CT-OL,PASS,AUCDE,CBCS
20241020012,50016,DBA5106,Information Management & ERP Systems,502,MBA - General Management (Online),ONLINE,1,23,44,67,B+,CT-OL,PASS,AUCDE,CBCS
20241020012,50017,DBA5107,Business Communication & Soft Skills Laboratory,502,MBA - General Management (Online),ONLINE,1,20,43,63,B+,CT-OL,PASS,AUCDE,CBCS
20241020013,50011,DBA5101,Management Concepts & Organizational Behaviour,502,MBA - General Management (Online),ONLINE,1,29,58,87,A+,CT-OL,PASS,AUCDE,CBCS
20241020013,50012,DBA5102,Managerial Economics & Decision Making,502,MBA - General Management (Online),ONLINE,1,23,60,83,A+,CT-OL,PASS,AUCDE,CBCS
20241020013,50013,DBA5103,Statistical Methods & Quantitative Techniques,502,MBA - General Management (Online),ONLINE,1,29,51,80,A+,CT-OL,PASS,AUCDE,CBCS
20241020013,50014,DBA5104,Financial & Management Accounting,502,MBA - General Management (Online),ONLINE,1,24,52,76,A,CT-OL,PASS,AUCDE,CBCS
20241020013,50015,DBA5105,Legal Aspects of Business & Corporate Ethics,502,MBA - General Management (Online),ONLINE,1,19,47,66,B+,CT-OL,PASS,AUCDE,CBCS
20241020013,50016,DBA5106,Information Management & ERP Systems,502,MBA - General Management (Online),ONLINE,1,18,49,67,B+,CT-OL,PASS,AUCDE,CBCS
20241020013,50017,DBA5107,Business Communication & Soft Skills Laboratory,502,MBA - General Management (Online),ONLINE,1,27,39,66,B+,CT-OL,PASS,AUCDE,CBCS
20241020014,50011,DBA5101,Management Concepts & Organizational Behaviour,502,MBA - General Management (Online),ONLINE,1,24,33,57,B,CT-OL,PASS,AUCDE,CBCS
20241020014,50012,DBA5102,Managerial Economics & Decision Making,502,MBA - General Management (Online),ONLINE,1,19,35,54,B,CT-OL,PASS,AUCDE,CBCS
20241020014,50013,DBA5103,Statistical Methods & Quantitative Techniques,502,MBA - General Management (Online),ONLINE,1,24,37,61,B+,CT-OL,PASS,AUCDE,CBCS
20241020014,50014,DBA5104,Financial & Management Accounting,502,MBA - General Management (Online),ONLINE,1,27,59,86,A+,CT-OL,PASS,AUCDE,CBCS
20241020014,50015,DBA5105,Legal Aspects of Business & Corporate Ethics,502,MBA - General Management (Online),ONLINE,1,21,52,73,A,CT-OL,PASS,AUCDE,CBCS
20241020014,50016,DBA5106,Information Management & ERP Systems,502,MBA - General Management (Online),ONLINE,1,19,52,71,A,CT-OL,PASS,AUCDE,CBCS
20241020014,50017,DBA5107,Business Communication & Soft Skills Laboratory,502,MBA - General Management (Online),ONLINE,1,20,39,59,B,CT-OL,PASS,AUCDE,CBCS
20241020015,50011,DBA5101,Management Concepts & Organizational Behaviour,502,MBA - General Management (Online),ONLINE,1,20,50,70,A,CT-OL,PASS,AUCDE,CBCS
20241020015,50012,DBA5102,Managerial Economics & Decision Making,502,MBA - General Management (Online),ONLINE,1,26,64,90,O,CT-OL,PASS,AUCDE,CBCS
20241020015,50013,DBA5103,Statistical Methods & Quantitative Techniques,502,MBA - General Management (Online),ONLINE,1,22,41,63,B+,CT-OL,PASS,AUCDE,CBCS
20241020015,50014,DBA5104,Financial & Management Accounting,502,MBA - General Management (Online),ONLINE,1,19,34,53,B,CT-OL,PASS,AUCDE,CBCS
20241020015,50015,DBA5105,Legal Aspects of Business & Corporate Ethics,502,MBA - General Management (Online),ONLINE,1,29,54,83,A+,CT-OL,PASS,AUCDE,CBCS
20241020015,50016,DBA5106,Information Management & ERP Systems,502,MBA - General Management (Online),ONLINE,1,28,56,84,A+,CT-OL,PASS,AUCDE,CBCS
20241020015,50017,DBA5107,Business Communication & Soft Skills Laboratory,502,MBA - General Management (Online),ONLINE,1,,,,,CT-OL,CANCELLED,AUCDE,CBCS
20241020016,50011,DBA5101,Management Concepts & Organizational Behaviour,502,MBA - General Management (Online),ONLINE,1,29,43,72,A,CT-OL,PASS,AUCDE,CBCS
20241020016,50012,DBA5102,Managerial Economics & Decision Making,502,MBA - General Management (Online),ONLINE,1,25,31,56,B,CT-OL,PASS,AUCDE,CBCS
20241020016,50013,DBA5103,Statistical Methods & Quantitative Techniques,502,MBA - General Management (Online),ONLINE,1,24,46,70,A,CT-OL,PASS,AUCDE,CBCS
20241020016,50014,DBA5104,Financial & Management Accounting,502,MBA - General Management (Online),ONLINE,1,21,33,54,B,CT-OL,PASS,AUCDE,CBCS
20241020016,50015,DBA5105,Legal Aspects of Business & Corporate Ethics,502,MBA - General Management (Online),ONLINE,1,26,37,63,B+,CT-OL,PASS,AUCDE,CBCS
20241020016,50016,DBA5106,Information Management & ERP Systems,502,MBA - General Management (Online),ONLINE,1,27,31,58,B,CT-OL,PASS,AUCDE,CBCS
20241020016,50017,DBA5107,Business Communication & Soft Skills Laboratory,502,MBA - General Management (Online),ONLINE,1,27,56,83,A+,CT-OL,PASS,AUCDE,CBCS
20241020017,50011,DBA5101,Management Concepts & Organizational Behaviour,502,MBA - General Management (Online),ONLINE,1,23,50,73,A,CT-OL,PASS,AUCDE,CBCS
20241020017,50012,DBA5102,Managerial Economics & Decision Making,502,MBA - General Management (Online),ONLINE,1,28,34,62,B+,CT-OL,PASS,AUCDE,CBCS
20241020017,50013,DBA5103,Statistical Methods & Quantitative Techniques,502,MBA - General Management (Online),ONLINE,1,24,37,61,B+,CT-OL,PASS,AUCDE,CBCS
20241020017,50014,DBA5104,Financial & Management Accounting,502,MBA - General Management (Online),ONLINE,1,26,56,82,A+,CT-OL,PASS,AUCDE,CBCS
20241020017,50015,DBA5105,Legal Aspects of Business & Corporate Ethics,502,MBA - General Management (Online),ONLINE,1,25,44,69,B+,CT-OL,PASS,AUCDE,CBCS
20241020017,50016,DBA5106,Information Management & ERP Systems,502,MBA - General Management (Online),ONLINE,1,23,32,55,B,CT-OL,PASS,AUCDE,CBCS
20241020017,50017,DBA5107,Business Communication & Soft Skills Laboratory,502,MBA - General Management (Online),ONLINE,1,23,44,67,B+,CT-OL,PASS,AUCDE,CBCS
20241020018,50011,DBA5101,Management Concepts & Organizational Behaviour,502,MBA - General Management (Online),ONLINE,1,23,31,54,B,CT-OL,PASS,AUCDE,CBCS
20241020018,50012,DBA5102,Managerial Economics & Decision Making,502,MBA - General Management (Online),ONLINE,1,27,37,64,B+,CT-OL,PASS,AUCDE,CBCS
20241020018,50013,DBA5103,Statistical Methods & Quantitative Techniques,502,MBA - General Management (Online),ONLINE,1,29,45,74,A,CT-OL,PASS,AUCDE,CBCS
20241020018,50014,DBA5104,Financial & Management Accounting,502,MBA - General Management (Online),ONLINE,1,23,61,84,A+,CT-OL,PASS,AUCDE,CBCS
20241020018,50015,DBA5105,Legal Aspects of Business & Corporate Ethics,502,MBA - General Management (Online),ONLINE,1,18,57,75,A,CT-OL,PASS,AUCDE,CBCS
20241020018,50016,DBA5106,Information Management & ERP Systems,502,MBA - General Management (Online),ONLINE,1,19,33,52,B,CT-OL,PASS,AUCDE,CBCS
20241020018,50017,DBA5107,Business Communication & Soft Skills Laboratory,502,MBA - General Management (Online),ONLINE,1,24,46,70,A,CT-OL,PASS,AUCDE,CBCS
20241020019,50011,DBA5101,Management Concepts & Organizational Behaviour,502,MBA - General Management (Online),ONLINE,1,20,46,66,B+,CT-OL,PASS,AUCDE,CBCS
20241020019,50012,DBA5102,Managerial Economics & Decision Making,502,MBA - General Management (Online),ONLINE,1,20,33,53,B,CT-OL,PASS,AUCDE,CBCS
20241020019,50013,DBA5103,Statistical Methods & Quantitative Techniques,502,MBA - General Management (Online),ONLINE,1,28,54,82,A+,CT-OL,PASS,AUCDE,CBCS
20241020019,50014,DBA5104,Financial & Management Accounting,502,MBA - General Management (Online),ONLINE,1,24,44,68,B+,CT-OL,PASS,AUCDE,CBCS
20241020019,50015,DBA5105,Legal Aspects of Business & Corporate Ethics,502,MBA - General Management (Online),ONLINE,1,22,48,70,A,CT-OL,PASS,AUCDE,CBCS
20241020019,50016,DBA5106,Information Management & ERP Systems,502,MBA - General Management (Online),ONLINE,1,22,47,69,B+,CT-OL,PASS,AUCDE,CBCS
20241020019,50017,DBA5107,Business Communication & Soft Skills Laboratory,502,MBA - General Management (Online),ONLINE,1,22,41,63,B+,CT-OL,PASS,AUCDE,CBCS
20241020020,50011,DBA5101,Management Concepts & Organizational Behaviour,502,MBA - General Management (Online),ONLINE,1,18,53,71,A,CT-OL,PASS,AUCDE,CBCS
20241020020,50012,DBA5102,Managerial Economics & Decision Making,502,MBA - General Management (Online),ONLINE,1,29,66,95,O,CT-OL,PASS,AUCDE,CBCS
20241020020,50013,DBA5103,Statistical Methods & Quantitative Techniques,502,MBA - General Management (Online),ONLINE,1,19,62,81,A+,CT-OL,PASS,AUCDE,CBCS
20241020020,50014,DBA5104,Financial & Management Accounting,502,MBA - General Management (Online),ONLINE,1,19,37,56,B,CT-OL,PASS,AUCDE,CBCS
20241020020,50015,DBA5105,Legal Aspects of Business & Corporate Ethics,502,MBA - General Management (Online),ONLINE,1,21,52,73,A,CT-OL,PASS,AUCDE,CBCS
20241020020,50016,DBA5106,Information Management & ERP Systems,502,MBA - General Management (Online),ONLINE,1,19,31,50,B,CT-OL,PASS,AUCDE,CBCS
20241020020,50017,DBA5107,Business Communication & Soft Skills Laboratory,502,MBA - General Management (Online),ONLINE,1,22,50,72,A,CT-OL,PASS,AUCDE,CBCS
20241020001,50021,DBA5201,Operations Management & Supply Chain Strategy,502,MBA - General Management (Online),ONLINE,2,21,31,52,B,END-OL,PASS,AUCDE,CBCS
20241020001,50022,DBA5202,Financial Management & Corporate Valuation,502,MBA - General Management (Online),ONLINE,2,25,51,76,A,END-OL,PASS,AUCDE,CBCS
20241020001,50023,DBA5203,Marketing Management & Digital Strategies,502,MBA - General Management (Online),ONLINE,2,22,30,52,B,END-OL,PASS,AUCDE,CBCS
20241020001,50024,DBA5204,Human Resource Management & Talent Acquisition,502,MBA - General Management (Online),ONLINE,2,26,58,84,A+,END-OL,PASS,AUCDE,CBCS
20241020001,50025,DBA5205,Business Research Methods & Predictive Analytics,502,MBA - General Management (Online),ONLINE,2,21,44,65,B+,END-OL,PASS,AUCDE,CBCS
20241020002,50021,DBA5201,Operations Management & Supply Chain Strategy,502,MBA - General Management (Online),ONLINE,2,,,,,END-OL,CANCELLED,AUCDE,CBCS
20241020002,50022,DBA5202,Financial Management & Corporate Valuation,502,MBA - General Management (Online),ONLINE,2,18,33,51,B,END-OL,PASS,AUCDE,CBCS
20241020002,50023,DBA5203,Marketing Management & Digital Strategies,502,MBA - General Management (Online),ONLINE,2,26,44,70,A,END-OL,PASS,AUCDE,CBCS
20241020002,50024,DBA5204,Human Resource Management & Talent Acquisition,502,MBA - General Management (Online),ONLINE,2,25,53,78,A,END-OL,PASS,AUCDE,CBCS
20241020002,50025,DBA5205,Business Research Methods & Predictive Analytics,502,MBA - General Management (Online),ONLINE,2,24,32,56,B,END-OL,PASS,AUCDE,CBCS
20241020003,50021,DBA5201,Operations Management & Supply Chain Strategy,502,MBA - General Management (Online),ONLINE,2,29,42,71,A,END-OL,PASS,AUCDE,CBCS
20241020003,50022,DBA5202,Financial Management & Corporate Valuation,502,MBA - General Management (Online),ONLINE,2,19,35,54,B,END-OL,PASS,AUCDE,CBCS
20241020003,50023,DBA5203,Marketing Management & Digital Strategies,502,MBA - General Management (Online),ONLINE,2,20,52,72,A,END-OL,PASS,AUCDE,CBCS
20241020003,50024,DBA5204,Human Resource Management & Talent Acquisition,502,MBA - General Management (Online),ONLINE,2,25,34,59,B,END-OL,PASS,AUCDE,CBCS
20241020003,50025,DBA5205,Business Research Methods & Predictive Analytics,502,MBA - General Management (Online),ONLINE,2,26,66,92,O,END-OL,PASS,AUCDE,CBCS
20241020004,50021,DBA5201,Operations Management & Supply Chain Strategy,502,MBA - General Management (Online),ONLINE,2,27,48,75,A,END-OL,PASS,AUCDE,CBCS
20241020004,50022,DBA5202,Financial Management & Corporate Valuation,502,MBA - General Management (Online),ONLINE,2,24,42,66,B+,END-OL,PASS,AUCDE,CBCS
20241020004,50023,DBA5203,Marketing Management & Digital Strategies,502,MBA - General Management (Online),ONLINE,2,19,49,68,B+,END-OL,PASS,AUCDE,CBCS
20241020004,50024,DBA5204,Human Resource Management & Talent Acquisition,502,MBA - General Management (Online),ONLINE,2,29,50,79,A,END-OL,PASS,AUCDE,CBCS
20241020004,50025,DBA5205,Business Research Methods & Predictive Analytics,502,MBA - General Management (Online),ONLINE,2,27,49,76,A,END-OL,PASS,AUCDE,CBCS
20241020005,50021,DBA5201,Operations Management & Supply Chain Strategy,502,MBA - General Management (Online),ONLINE,2,22,43,65,B+,END-OL,PASS,AUCDE,CBCS
20241020005,50022,DBA5202,Financial Management & Corporate Valuation,502,MBA - General Management (Online),ONLINE,2,26,41,67,B+,END-OL,PASS,AUCDE,CBCS
20241020005,50023,DBA5203,Marketing Management & Digital Strategies,502,MBA - General Management (Online),ONLINE,2,27,53,80,A+,END-OL,PASS,AUCDE,CBCS
20241020005,50024,DBA5204,Human Resource Management & Talent Acquisition,502,MBA - General Management (Online),ONLINE,2,22,42,64,B+,END-OL,PASS,AUCDE,CBCS
20241020005,50025,DBA5205,Business Research Methods & Predictive Analytics,502,MBA - General Management (Online),ONLINE,2,24,50,74,A,END-OL,PASS,AUCDE,CBCS
20241020006,50021,DBA5201,Operations Management & Supply Chain Strategy,502,MBA - General Management (Online),ONLINE,2,23,54,77,A,END-OL,PASS,AUCDE,CBCS
20241020006,50022,DBA5202,Financial Management & Corporate Valuation,502,MBA - General Management (Online),ONLINE,2,20,31,51,B,END-OL,PASS,AUCDE,CBCS
20241020006,50023,DBA5203,Marketing Management & Digital Strategies,502,MBA - General Management (Online),ONLINE,2,21,60,81,A+,END-OL,PASS,AUCDE,CBCS
20241020006,50024,DBA5204,Human Resource Management & Talent Acquisition,502,MBA - General Management (Online),ONLINE,2,21,53,74,A,END-OL,PASS,AUCDE,CBCS
20241020006,50025,DBA5205,Business Research Methods & Predictive Analytics,502,MBA - General Management (Online),ONLINE,2,24,32,56,B,END-OL,PASS,AUCDE,CBCS
20241020007,50021,DBA5201,Operations Management & Supply Chain Strategy,502,MBA - General Management (Online),ONLINE,2,22,49,71,A,END-OL,PASS,AUCDE,CBCS
20241020007,50022,DBA5202,Financial Management & Corporate Valuation,502,MBA - General Management (Online),ONLINE,2,19,38,57,B,END-OL,PASS,AUCDE,CBCS
20241020007,50023,DBA5203,Marketing Management & Digital Strategies,502,MBA - General Management (Online),ONLINE,2,25,32,57,B,END-OL,PASS,AUCDE,CBCS
20241020007,50024,DBA5204,Human Resource Management & Talent Acquisition,502,MBA - General Management (Online),ONLINE,2,18,62,80,A+,END-OL,PASS,AUCDE,CBCS
20241020007,50025,DBA5205,Business Research Methods & Predictive Analytics,502,MBA - General Management (Online),ONLINE,2,29,36,65,B+,END-OL,PASS,AUCDE,CBCS
20241020008,50021,DBA5201,Operations Management & Supply Chain Strategy,502,MBA - General Management (Online),ONLINE,2,24,45,69,B+,END-OL,PASS,AUCDE,CBCS
20241020008,50022,DBA5202,Financial Management & Corporate Valuation,502,MBA - General Management (Online),ONLINE,2,19,31,50,B,END-OL,PASS,AUCDE,CBCS
20241020008,50023,DBA5203,Marketing Management & Digital Strategies,502,MBA - General Management (Online),ONLINE,2,29,41,70,A,END-OL,PASS,AUCDE,CBCS
20241020008,50024,DBA5204,Human Resource Management & Talent Acquisition,502,MBA - General Management (Online),ONLINE,2,27,51,78,A,END-OL,PASS,AUCDE,CBCS
20241020008,50025,DBA5205,Business Research Methods & Predictive Analytics,502,MBA - General Management (Online),ONLINE,2,25,44,69,B+,END-OL,PASS,AUCDE,CBCS
20241020009,50021,DBA5201,Operations Management & Supply Chain Strategy,502,MBA - General Management (Online),ONLINE,2,18,56,74,A,END-OL,PASS,AUCDE,CBCS
20241020009,50022,DBA5202,Financial Management & Corporate Valuation,502,MBA - General Management (Online),ONLINE,2,19,33,52,B,END-OL,PASS,AUCDE,CBCS
20241020009,50023,DBA5203,Marketing Management & Digital Strategies,502,MBA - General Management (Online),ONLINE,2,21,40,61,B+,END-OL,PASS,AUCDE,CBCS
20241020009,50024,DBA5204,Human Resource Management & Talent Acquisition,502,MBA - General Management (Online),ONLINE,2,24,44,68,B+,END-OL,PASS,AUCDE,CBCS
20241020009,50025,DBA5205,Business Research Methods & Predictive Analytics,502,MBA - General Management (Online),ONLINE,2,19,30,49,C,END-OL,PASS,AUCDE,CBCS
20241020010,50021,DBA5201,Operations Management & Supply Chain Strategy,502,MBA - General Management (Online),ONLINE,2,19,34,53,B,END-OL,PASS,AUCDE,CBCS
20241020010,50022,DBA5202,Financial Management & Corporate Valuation,502,MBA - General Management (Online),ONLINE,2,21,35,56,B,END-OL,PASS,AUCDE,CBCS
20241020010,50023,DBA5203,Marketing Management & Digital Strategies,502,MBA - General Management (Online),ONLINE,2,21,49,70,A,END-OL,PASS,AUCDE,CBCS
20241020010,50024,DBA5204,Human Resource Management & Talent Acquisition,502,MBA - General Management (Online),ONLINE,2,19,58,77,A,END-OL,PASS,AUCDE,CBCS
20241020010,50025,DBA5205,Business Research Methods & Predictive Analytics,502,MBA - General Management (Online),ONLINE,2,23,45,68,B+,END-OL,PASS,AUCDE,CBCS
20241020011,50021,DBA5201,Operations Management & Supply Chain Strategy,502,MBA - General Management (Online),ONLINE,2,26,33,59,B,END-OL,PASS,AUCDE,CBCS
20241020011,50022,DBA5202,Financial Management & Corporate Valuation,502,MBA - General Management (Online),ONLINE,2,27,67,94,O,END-OL,PASS,AUCDE,CBCS
20241020011,50023,DBA5203,Marketing Management & Digital Strategies,502,MBA - General Management (Online),ONLINE,2,23,67,90,O,END-OL,PASS,AUCDE,CBCS
20241020011,50024,DBA5204,Human Resource Management & Talent Acquisition,502,MBA - General Management (Online),ONLINE,2,23,37,60,B+,END-OL,PASS,AUCDE,CBCS
20241020011,50025,DBA5205,Business Research Methods & Predictive Analytics,502,MBA - General Management (Online),ONLINE,2,26,54,80,A+,END-OL,PASS,AUCDE,CBCS
20241020012,50021,DBA5201,Operations Management & Supply Chain Strategy,502,MBA - General Management (Online),ONLINE,2,22,42,64,B+,END-OL,PASS,AUCDE,CBCS
20241020012,50022,DBA5202,Financial Management & Corporate Valuation,502,MBA - General Management (Online),ONLINE,2,20,57,77,A,END-OL,PASS,AUCDE,CBCS
20241020012,50023,DBA5203,Marketing Management & Digital Strategies,502,MBA - General Management (Online),ONLINE,2,28,33,61,B+,END-OL,PASS,AUCDE,CBCS
20241020012,50024,DBA5204,Human Resource Management & Talent Acquisition,502,MBA - General Management (Online),ONLINE,2,28,50,78,A,END-OL,PASS,AUCDE,CBCS
20241020012,50025,DBA5205,Business Research Methods & Predictive Analytics,502,MBA - General Management (Online),ONLINE,2,24,52,76,A,END-OL,PASS,AUCDE,CBCS
20241020013,50021,DBA5201,Operations Management & Supply Chain Strategy,502,MBA - General Management (Online),ONLINE,2,28,53,81,A+,END-OL,PASS,AUCDE,CBCS
20241020013,50022,DBA5202,Financial Management & Corporate Valuation,502,MBA - General Management (Online),ONLINE,2,27,32,59,B,END-OL,PASS,AUCDE,CBCS
20241020013,50023,DBA5203,Marketing Management & Digital Strategies,502,MBA - General Management (Online),ONLINE,2,27,33,60,B+,END-OL,PASS,AUCDE,CBCS
20241020013,50024,DBA5204,Human Resource Management & Talent Acquisition,502,MBA - General Management (Online),ONLINE,2,22,46,68,B+,END-OL,PASS,AUCDE,CBCS
20241020013,50025,DBA5205,Business Research Methods & Predictive Analytics,502,MBA - General Management (Online),ONLINE,2,22,50,72,A,END-OL,PASS,AUCDE,CBCS
20241020014,50021,DBA5201,Operations Management & Supply Chain Strategy,502,MBA - General Management (Online),ONLINE,2,24,46,70,A,END-OL,PASS,AUCDE,CBCS
20241020014,50022,DBA5202,Financial Management & Corporate Valuation,502,MBA - General Management (Online),ONLINE,2,29,32,61,B+,END-OL,PASS,AUCDE,CBCS
20241020014,50023,DBA5203,Marketing Management & Digital Strategies,502,MBA - General Management (Online),ONLINE,2,26,34,60,B+,END-OL,PASS,AUCDE,CBCS
20241020014,50024,DBA5204,Human Resource Management & Talent Acquisition,502,MBA - General Management (Online),ONLINE,2,18,49,67,B+,END-OL,PASS,AUCDE,CBCS
20241020014,50025,DBA5205,Business Research Methods & Predictive Analytics,502,MBA - General Management (Online),ONLINE,2,25,42,67,B+,END-OL,PASS,AUCDE,CBCS
20241020015,50021,DBA5201,Operations Management & Supply Chain Strategy,502,MBA - General Management (Online),ONLINE,2,29,50,79,A,END-OL,PASS,AUCDE,CBCS
20241020015,50022,DBA5202,Financial Management & Corporate Valuation,502,MBA - General Management (Online),ONLINE,2,26,32,58,B,END-OL,PASS,AUCDE,CBCS
20241020015,50023,DBA5203,Marketing Management & Digital Strategies,502,MBA - General Management (Online),ONLINE,2,24,42,66,B+,END-OL,PASS,AUCDE,CBCS
20241020015,50024,DBA5204,Human Resource Management & Talent Acquisition,502,MBA - General Management (Online),ONLINE,2,26,46,72,A,END-OL,PASS,AUCDE,CBCS
20241020015,50025,DBA5205,Business Research Methods & Predictive Analytics,502,MBA - General Management (Online),ONLINE,2,25,46,71,A,END-OL,PASS,AUCDE,CBCS
20241020016,50021,DBA5201,Operations Management & Supply Chain Strategy,502,MBA - General Management (Online),ONLINE,2,26,36,62,B+,END-OL,PASS,AUCDE,CBCS
20241020016,50022,DBA5202,Financial Management & Corporate Valuation,502,MBA - General Management (Online),ONLINE,2,18,52,70,A,END-OL,PASS,AUCDE,CBCS
20241020016,50023,DBA5203,Marketing Management & Digital Strategies,502,MBA - General Management (Online),ONLINE,2,29,47,76,A,END-OL,PASS,AUCDE,CBCS
20241020016,50024,DBA5204,Human Resource Management & Talent Acquisition,502,MBA - General Management (Online),ONLINE,2,18,32,50,B,END-OL,PASS,AUCDE,CBCS
20241020016,50025,DBA5205,Business Research Methods & Predictive Analytics,502,MBA - General Management (Online),ONLINE,2,20,63,83,A+,END-OL,PASS,AUCDE,CBCS
20241020017,50021,DBA5201,Operations Management & Supply Chain Strategy,502,MBA - General Management (Online),ONLINE,2,22,37,59,B,END-OL,PASS,AUCDE,CBCS
20241020017,50022,DBA5202,Financial Management & Corporate Valuation,502,MBA - General Management (Online),ONLINE,2,18,48,66,B+,END-OL,PASS,AUCDE,CBCS
20241020017,50023,DBA5203,Marketing Management & Digital Strategies,502,MBA - General Management (Online),ONLINE,2,28,37,65,B+,END-OL,PASS,AUCDE,CBCS
20241020017,50024,DBA5204,Human Resource Management & Talent Acquisition,502,MBA - General Management (Online),ONLINE,2,25,67,92,O,END-OL,PASS,AUCDE,CBCS
20241020017,50025,DBA5205,Business Research Methods & Predictive Analytics,502,MBA - General Management (Online),ONLINE,2,18,41,59,B,END-OL,PASS,AUCDE,CBCS
20241020018,50021,DBA5201,Operations Management & Supply Chain Strategy,502,MBA - General Management (Online),ONLINE,2,22,40,62,B+,END-OL,PASS,AUCDE,CBCS
20241020018,50022,DBA5202,Financial Management & Corporate Valuation,502,MBA - General Management (Online),ONLINE,2,26,36,62,B+,END-OL,PASS,AUCDE,CBCS
20241020018,50023,DBA5203,Marketing Management & Digital Strategies,502,MBA - General Management (Online),ONLINE,2,19,60,79,A,END-OL,PASS,AUCDE,CBCS
20241020018,50024,DBA5204,Human Resource Management & Talent Acquisition,502,MBA - General Management (Online),ONLINE,2,27,43,70,A,END-OL,PASS,AUCDE,CBCS
20241020018,50025,DBA5205,Business Research Methods & Predictive Analytics,502,MBA - General Management (Online),ONLINE,2,21,44,65,B+,END-OL,PASS,AUCDE,CBCS
20241020019,50021,DBA5201,Operations Management & Supply Chain Strategy,502,MBA - General Management (Online),ONLINE,2,20,38,58,B,END-OL,PASS,AUCDE,CBCS
20241020019,50022,DBA5202,Financial Management & Corporate Valuation,502,MBA - General Management (Online),ONLINE,2,18,40,58,B,END-OL,PASS,AUCDE,CBCS
20241020019,50023,DBA5203,Marketing Management & Digital Strategies,502,MBA - General Management (Online),ONLINE,2,26,49,75,A,END-OL,PASS,AUCDE,CBCS
20241020019,50024,DBA5204,Human Resource Management & Talent Acquisition,502,MBA - General Management (Online),ONLINE,2,19,53,72,A,END-OL,PASS,AUCDE,CBCS
20241020019,50025,DBA5205,Business Research Methods & Predictive Analytics,502,MBA - General Management (Online),ONLINE,2,20,38,58,B,END-OL,PASS,AUCDE,CBCS
20241020020,50021,DBA5201,Operations Management & Supply Chain Strategy,502,MBA - General Management (Online),ONLINE,2,18,42,60,B+,END-OL,PASS,AUCDE,CBCS
20241020020,50022,DBA5202,Financial Management & Corporate Valuation,502,MBA - General Management (Online),ONLINE,2,19,64,83,A+,END-OL,PASS,AUCDE,CBCS
20241020020,50023,DBA5203,Marketing Management & Digital Strategies,502,MBA - General Management (Online),ONLINE,2,22,57,79,A,END-OL,PASS,AUCDE,CBCS
20241020020,50024,DBA5204,Human Resource Management & Talent Acquisition,502,MBA - General Management (Online),ONLINE,2,22,36,58,B,END-OL,PASS,AUCDE,CBCS
20241020020,50025,DBA5205,Business Research Methods & Predictive Analytics,502,MBA - General Management (Online),ONLINE,2,24,36,60,B+,END-OL,PASS,AUCDE,CBCS
20241030001,50011,DBA5101,Management Concepts & Organizational Behaviour,503,MBA - Financial Management (Online),ONLINE,1,24,34,58,B,CT-OL,PASS,AUCDE,CBCS
20241030001,50012,DBA5102,Managerial Economics & Decision Making,503,MBA - Financial Management (Online),ONLINE,1,26,51,77,A,CT-OL,PASS,AUCDE,CBCS
20241030001,50013,DBA5103,Statistical Methods & Quantitative Techniques,503,MBA - Financial Management (Online),ONLINE,1,29,56,85,A+,CT-OL,PASS,AUCDE,CBCS
20241030001,50014,DBA5104,Financial & Management Accounting,503,MBA - Financial Management (Online),ONLINE,1,25,58,83,A+,CT-OL,PASS,AUCDE,CBCS
20241030001,50015,DBA5105,Legal Aspects of Business & Corporate Ethics,503,MBA - Financial Management (Online),ONLINE,1,25,66,91,O,CT-OL,PASS,AUCDE,CBCS
20241030001,50016,DBA5106,Information Management & ERP Systems,503,MBA - Financial Management (Online),ONLINE,1,25,40,65,B+,CT-OL,PASS,AUCDE,CBCS
20241030001,50017,DBA5107,Business Communication & Soft Skills Laboratory,503,MBA - Financial Management (Online),ONLINE,1,20,40,60,B+,CT-OL,PASS,AUCDE,CBCS
20241030002,50011,DBA5101,Management Concepts & Organizational Behaviour,503,MBA - Financial Management (Online),ONLINE,1,19,64,83,A+,CT-OL,PASS,AUCDE,CBCS
20241030002,50012,DBA5102,Managerial Economics & Decision Making,503,MBA - Financial Management (Online),ONLINE,1,29,56,85,A+,CT-OL,PASS,AUCDE,CBCS
20241030002,50013,DBA5103,Statistical Methods & Quantitative Techniques,503,MBA - Financial Management (Online),ONLINE,1,19,59,78,A,CT-OL,PASS,AUCDE,CBCS
20241030002,50014,DBA5104,Financial & Management Accounting,503,MBA - Financial Management (Online),ONLINE,1,24,54,78,A,CT-OL,PASS,AUCDE,CBCS
20241030002,50015,DBA5105,Legal Aspects of Business & Corporate Ethics,503,MBA - Financial Management (Online),ONLINE,1,27,49,76,A,CT-OL,PASS,AUCDE,CBCS
20241030002,50016,DBA5106,Information Management & ERP Systems,503,MBA - Financial Management (Online),ONLINE,1,29,36,65,B+,CT-OL,PASS,AUCDE,CBCS
20241030002,50017,DBA5107,Business Communication & Soft Skills Laboratory,503,MBA - Financial Management (Online),ONLINE,1,26,64,90,O,CT-OL,PASS,AUCDE,CBCS
20241030003,50011,DBA5101,Management Concepts & Organizational Behaviour,503,MBA - Financial Management (Online),ONLINE,1,21,57,78,A,CT-OL,PASS,AUCDE,CBCS
20241030003,50012,DBA5102,Managerial Economics & Decision Making,503,MBA - Financial Management (Online),ONLINE,1,25,65,90,O,CT-OL,PASS,AUCDE,CBCS
20241030003,50013,DBA5103,Statistical Methods & Quantitative Techniques,503,MBA - Financial Management (Online),ONLINE,1,22,42,64,B+,CT-OL,PASS,AUCDE,CBCS
20241030003,50014,DBA5104,Financial & Management Accounting,503,MBA - Financial Management (Online),ONLINE,1,,,,,CT-OL,CANCELLED,AUCDE,CBCS
20241030003,50015,DBA5105,Legal Aspects of Business & Corporate Ethics,503,MBA - Financial Management (Online),ONLINE,1,29,35,64,B+,CT-OL,PASS,AUCDE,CBCS
20241030003,50016,DBA5106,Information Management & ERP Systems,503,MBA - Financial Management (Online),ONLINE,1,19,48,67,B+,CT-OL,PASS,AUCDE,CBCS
20241030003,50017,DBA5107,Business Communication & Soft Skills Laboratory,503,MBA - Financial Management (Online),ONLINE,1,20,32,52,B,CT-OL,PASS,AUCDE,CBCS
20241030004,50011,DBA5101,Management Concepts & Organizational Behaviour,503,MBA - Financial Management (Online),ONLINE,1,27,54,81,A+,CT-OL,PASS,AUCDE,CBCS
20241030004,50012,DBA5102,Managerial Economics & Decision Making,503,MBA - Financial Management (Online),ONLINE,1,22,36,58,B,CT-OL,PASS,AUCDE,CBCS
20241030004,50013,DBA5103,Statistical Methods & Quantitative Techniques,503,MBA - Financial Management (Online),ONLINE,1,25,36,61,B+,CT-OL,PASS,AUCDE,CBCS
20241030004,50014,DBA5104,Financial & Management Accounting,503,MBA - Financial Management (Online),ONLINE,1,23,36,59,B,CT-OL,PASS,AUCDE,CBCS
20241030004,50015,DBA5105,Legal Aspects of Business & Corporate Ethics,503,MBA - Financial Management (Online),ONLINE,1,20,58,78,A,CT-OL,PASS,AUCDE,CBCS
20241030004,50016,DBA5106,Information Management & ERP Systems,503,MBA - Financial Management (Online),ONLINE,1,25,47,72,A,CT-OL,PASS,AUCDE,CBCS
20241030004,50017,DBA5107,Business Communication & Soft Skills Laboratory,503,MBA - Financial Management (Online),ONLINE,1,29,46,75,A,CT-OL,PASS,AUCDE,CBCS
20241030005,50011,DBA5101,Management Concepts & Organizational Behaviour,503,MBA - Financial Management (Online),ONLINE,1,20,35,55,B,CT-OL,PASS,AUCDE,CBCS
20241030005,50012,DBA5102,Managerial Economics & Decision Making,503,MBA - Financial Management (Online),ONLINE,1,26,37,63,B+,CT-OL,PASS,AUCDE,CBCS
20241030005,50013,DBA5103,Statistical Methods & Quantitative Techniques,503,MBA - Financial Management (Online),ONLINE,1,27,63,90,O,CT-OL,PASS,AUCDE,CBCS
20241030005,50014,DBA5104,Financial & Management Accounting,503,MBA - Financial Management (Online),ONLINE,1,19,55,74,A,CT-OL,PASS,AUCDE,CBCS
20241030005,50015,DBA5105,Legal Aspects of Business & Corporate Ethics,503,MBA - Financial Management (Online),ONLINE,1,24,36,60,B+,CT-OL,PASS,AUCDE,CBCS
20241030005,50016,DBA5106,Information Management & ERP Systems,503,MBA - Financial Management (Online),ONLINE,1,,,,,CT-OL,CANCELLED,AUCDE,CBCS
20241030005,50017,DBA5107,Business Communication & Soft Skills Laboratory,503,MBA - Financial Management (Online),ONLINE,1,25,56,81,A+,CT-OL,PASS,AUCDE,CBCS
20241030006,50011,DBA5101,Management Concepts & Organizational Behaviour,503,MBA - Financial Management (Online),ONLINE,1,27,44,71,A,CT-OL,PASS,AUCDE,CBCS
20241030006,50012,DBA5102,Managerial Economics & Decision Making,503,MBA - Financial Management (Online),ONLINE,1,23,34,57,B,CT-OL,PASS,AUCDE,CBCS
20241030006,50013,DBA5103,Statistical Methods & Quantitative Techniques,503,MBA - Financial Management (Online),ONLINE,1,20,48,68,B+,CT-OL,PASS,AUCDE,CBCS
20241030006,50014,DBA5104,Financial & Management Accounting,503,MBA - Financial Management (Online),ONLINE,1,18,58,76,A,CT-OL,PASS,AUCDE,CBCS
20241030006,50015,DBA5105,Legal Aspects of Business & Corporate Ethics,503,MBA - Financial Management (Online),ONLINE,1,,,,,CT-OL,CANCELLED,AUCDE,CBCS
20241030006,50016,DBA5106,Information Management & ERP Systems,503,MBA - Financial Management (Online),ONLINE,1,26,58,84,A+,CT-OL,PASS,AUCDE,CBCS
20241030006,50017,DBA5107,Business Communication & Soft Skills Laboratory,503,MBA - Financial Management (Online),ONLINE,1,25,44,69,B+,CT-OL,PASS,AUCDE,CBCS
20241030007,50011,DBA5101,Management Concepts & Organizational Behaviour,503,MBA - Financial Management (Online),ONLINE,1,18,60,78,A,CT-OL,PASS,AUCDE,CBCS
20241030007,50012,DBA5102,Managerial Economics & Decision Making,503,MBA - Financial Management (Online),ONLINE,1,22,49,71,A,CT-OL,PASS,AUCDE,CBCS
20241030007,50013,DBA5103,Statistical Methods & Quantitative Techniques,503,MBA - Financial Management (Online),ONLINE,1,29,56,85,A+,CT-OL,PASS,AUCDE,CBCS
20241030007,50014,DBA5104,Financial & Management Accounting,503,MBA - Financial Management (Online),ONLINE,1,18,41,59,B,CT-OL,PASS,AUCDE,CBCS
20241030007,50015,DBA5105,Legal Aspects of Business & Corporate Ethics,503,MBA - Financial Management (Online),ONLINE,1,25,41,66,B+,CT-OL,PASS,AUCDE,CBCS
20241030007,50016,DBA5106,Information Management & ERP Systems,503,MBA - Financial Management (Online),ONLINE,1,27,41,68,B+,CT-OL,PASS,AUCDE,CBCS
20241030007,50017,DBA5107,Business Communication & Soft Skills Laboratory,503,MBA - Financial Management (Online),ONLINE,1,18,30,48,C,CT-OL,PASS,AUCDE,CBCS
20241030008,50011,DBA5101,Management Concepts & Organizational Behaviour,503,MBA - Financial Management (Online),ONLINE,1,27,59,86,A+,CT-OL,PASS,AUCDE,CBCS
20241030008,50012,DBA5102,Managerial Economics & Decision Making,503,MBA - Financial Management (Online),ONLINE,1,26,56,82,A+,CT-OL,PASS,AUCDE,CBCS
20241030008,50013,DBA5103,Statistical Methods & Quantitative Techniques,503,MBA - Financial Management (Online),ONLINE,1,22,57,79,A,CT-OL,PASS,AUCDE,CBCS
20241030008,50014,DBA5104,Financial & Management Accounting,503,MBA - Financial Management (Online),ONLINE,1,20,65,85,A+,CT-OL,PASS,AUCDE,CBCS
20241030008,50015,DBA5105,Legal Aspects of Business & Corporate Ethics,503,MBA - Financial Management (Online),ONLINE,1,26,54,80,A+,CT-OL,PASS,AUCDE,CBCS
20241030008,50016,DBA5106,Information Management & ERP Systems,503,MBA - Financial Management (Online),ONLINE,1,22,58,80,A+,CT-OL,PASS,AUCDE,CBCS
20241030008,50017,DBA5107,Business Communication & Soft Skills Laboratory,503,MBA - Financial Management (Online),ONLINE,1,23,58,81,A+,CT-OL,PASS,AUCDE,CBCS
20241030009,50011,DBA5101,Management Concepts & Organizational Behaviour,503,MBA - Financial Management (Online),ONLINE,1,19,56,75,A,CT-OL,PASS,AUCDE,CBCS
20241030009,50012,DBA5102,Managerial Economics & Decision Making,503,MBA - Financial Management (Online),ONLINE,1,29,34,63,B+,CT-OL,PASS,AUCDE,CBCS
20241030009,50013,DBA5103,Statistical Methods & Quantitative Techniques,503,MBA - Financial Management (Online),ONLINE,1,23,57,80,A+,CT-OL,PASS,AUCDE,CBCS
20241030009,50014,DBA5104,Financial & Management Accounting,503,MBA - Financial Management (Online),ONLINE,1,22,42,64,B+,CT-OL,PASS,AUCDE,CBCS
20241030009,50015,DBA5105,Legal Aspects of Business & Corporate Ethics,503,MBA - Financial Management (Online),ONLINE,1,20,65,85,A+,CT-OL,PASS,AUCDE,CBCS
20241030009,50016,DBA5106,Information Management & ERP Systems,503,MBA - Financial Management (Online),ONLINE,1,22,33,55,B,CT-OL,PASS,AUCDE,CBCS
20241030009,50017,DBA5107,Business Communication & Soft Skills Laboratory,503,MBA - Financial Management (Online),ONLINE,1,28,38,66,B+,CT-OL,PASS,AUCDE,CBCS
20241030010,50011,DBA5101,Management Concepts & Organizational Behaviour,503,MBA - Financial Management (Online),ONLINE,1,,,,,CT-OL,CANCELLED,AUCDE,CBCS
20241030010,50012,DBA5102,Managerial Economics & Decision Making,503,MBA - Financial Management (Online),ONLINE,1,22,32,54,B,CT-OL,PASS,AUCDE,CBCS
20241030010,50013,DBA5103,Statistical Methods & Quantitative Techniques,503,MBA - Financial Management (Online),ONLINE,1,24,53,77,A,CT-OL,PASS,AUCDE,CBCS
20241030010,50014,DBA5104,Financial & Management Accounting,503,MBA - Financial Management (Online),ONLINE,1,18,38,56,B,CT-OL,PASS,AUCDE,CBCS
20241030010,50015,DBA5105,Legal Aspects of Business & Corporate Ethics,503,MBA - Financial Management (Online),ONLINE,1,29,44,73,A,CT-OL,PASS,AUCDE,CBCS
20241030010,50016,DBA5106,Information Management & ERP Systems,503,MBA - Financial Management (Online),ONLINE,1,18,52,70,A,CT-OL,PASS,AUCDE,CBCS
20241030010,50017,DBA5107,Business Communication & Soft Skills Laboratory,503,MBA - Financial Management (Online),ONLINE,1,23,56,79,A,CT-OL,PASS,AUCDE,CBCS
20241030011,50011,DBA5101,Management Concepts & Organizational Behaviour,503,MBA - Financial Management (Online),ONLINE,1,28,39,67,B+,CT-OL,PASS,AUCDE,CBCS
20241030011,50012,DBA5102,Managerial Economics & Decision Making,503,MBA - Financial Management (Online),ONLINE,1,25,62,87,A+,CT-OL,PASS,AUCDE,CBCS
20241030011,50013,DBA5103,Statistical Methods & Quantitative Techniques,503,MBA - Financial Management (Online),ONLINE,1,22,37,59,B,CT-OL,PASS,AUCDE,CBCS
20241030011,50014,DBA5104,Financial & Management Accounting,503,MBA - Financial Management (Online),ONLINE,1,19,45,64,B+,CT-OL,PASS,AUCDE,CBCS
20241030011,50015,DBA5105,Legal Aspects of Business & Corporate Ethics,503,MBA - Financial Management (Online),ONLINE,1,22,43,65,B+,CT-OL,PASS,AUCDE,CBCS
20241030011,50016,DBA5106,Information Management & ERP Systems,503,MBA - Financial Management (Online),ONLINE,1,29,34,63,B+,CT-OL,PASS,AUCDE,CBCS
20241030011,50017,DBA5107,Business Communication & Soft Skills Laboratory,503,MBA - Financial Management (Online),ONLINE,1,25,39,64,B+,CT-OL,PASS,AUCDE,CBCS
20241030012,50011,DBA5101,Management Concepts & Organizational Behaviour,503,MBA - Financial Management (Online),ONLINE,1,25,41,66,B+,CT-OL,PASS,AUCDE,CBCS
20241030012,50012,DBA5102,Managerial Economics & Decision Making,503,MBA - Financial Management (Online),ONLINE,1,27,48,75,A,CT-OL,PASS,AUCDE,CBCS
20241030012,50013,DBA5103,Statistical Methods & Quantitative Techniques,503,MBA - Financial Management (Online),ONLINE,1,28,56,84,A+,CT-OL,PASS,AUCDE,CBCS
20241030012,50014,DBA5104,Financial & Management Accounting,503,MBA - Financial Management (Online),ONLINE,1,28,56,84,A+,CT-OL,PASS,AUCDE,CBCS
20241030012,50015,DBA5105,Legal Aspects of Business & Corporate Ethics,503,MBA - Financial Management (Online),ONLINE,1,25,42,67,B+,CT-OL,PASS,AUCDE,CBCS
20241030012,50016,DBA5106,Information Management & ERP Systems,503,MBA - Financial Management (Online),ONLINE,1,27,57,84,A+,CT-OL,PASS,AUCDE,CBCS
20241030012,50017,DBA5107,Business Communication & Soft Skills Laboratory,503,MBA - Financial Management (Online),ONLINE,1,29,33,62,B+,CT-OL,PASS,AUCDE,CBCS
20241030013,50011,DBA5101,Management Concepts & Organizational Behaviour,503,MBA - Financial Management (Online),ONLINE,1,24,59,83,A+,CT-OL,PASS,AUCDE,CBCS
20241030013,50012,DBA5102,Managerial Economics & Decision Making,503,MBA - Financial Management (Online),ONLINE,1,23,55,78,A,CT-OL,PASS,AUCDE,CBCS
20241030013,50013,DBA5103,Statistical Methods & Quantitative Techniques,503,MBA - Financial Management (Online),ONLINE,1,26,39,65,B+,CT-OL,PASS,AUCDE,CBCS
20241030013,50014,DBA5104,Financial & Management Accounting,503,MBA - Financial Management (Online),ONLINE,1,22,36,58,B,CT-OL,PASS,AUCDE,CBCS
20241030013,50015,DBA5105,Legal Aspects of Business & Corporate Ethics,503,MBA - Financial Management (Online),ONLINE,1,18,52,70,A,CT-OL,PASS,AUCDE,CBCS
20241030013,50016,DBA5106,Information Management & ERP Systems,503,MBA - Financial Management (Online),ONLINE,1,27,48,75,A,CT-OL,PASS,AUCDE,CBCS
20241030013,50017,DBA5107,Business Communication & Soft Skills Laboratory,503,MBA - Financial Management (Online),ONLINE,1,20,33,53,B,CT-OL,PASS,AUCDE,CBCS
20241030014,50011,DBA5101,Management Concepts & Organizational Behaviour,503,MBA - Financial Management (Online),ONLINE,1,29,60,89,A+,CT-OL,PASS,AUCDE,CBCS
20241030014,50012,DBA5102,Managerial Economics & Decision Making,503,MBA - Financial Management (Online),ONLINE,1,29,51,80,A+,CT-OL,PASS,AUCDE,CBCS
20241030014,50013,DBA5103,Statistical Methods & Quantitative Techniques,503,MBA - Financial Management (Online),ONLINE,1,24,55,79,A,CT-OL,PASS,AUCDE,CBCS
20241030014,50014,DBA5104,Financial & Management Accounting,503,MBA - Financial Management (Online),ONLINE,1,25,56,81,A+,CT-OL,PASS,AUCDE,CBCS
20241030014,50015,DBA5105,Legal Aspects of Business & Corporate Ethics,503,MBA - Financial Management (Online),ONLINE,1,28,46,74,A,CT-OL,PASS,AUCDE,CBCS
20241030014,50016,DBA5106,Information Management & ERP Systems,503,MBA - Financial Management (Online),ONLINE,1,20,53,73,A,CT-OL,PASS,AUCDE,CBCS
20241030014,50017,DBA5107,Business Communication & Soft Skills Laboratory,503,MBA - Financial Management (Online),ONLINE,1,26,51,77,A,CT-OL,PASS,AUCDE,CBCS
20241030015,50011,DBA5101,Management Concepts & Organizational Behaviour,503,MBA - Financial Management (Online),ONLINE,1,18,42,60,B+,CT-OL,PASS,AUCDE,CBCS
20241030015,50012,DBA5102,Managerial Economics & Decision Making,503,MBA - Financial Management (Online),ONLINE,1,22,39,61,B+,CT-OL,PASS,AUCDE,CBCS
20241030015,50013,DBA5103,Statistical Methods & Quantitative Techniques,503,MBA - Financial Management (Online),ONLINE,1,27,35,62,B+,CT-OL,PASS,AUCDE,CBCS
20241030015,50014,DBA5104,Financial & Management Accounting,503,MBA - Financial Management (Online),ONLINE,1,25,59,84,A+,CT-OL,PASS,AUCDE,CBCS
20241030015,50015,DBA5105,Legal Aspects of Business & Corporate Ethics,503,MBA - Financial Management (Online),ONLINE,1,18,62,80,A+,CT-OL,PASS,AUCDE,CBCS
20241030015,50016,DBA5106,Information Management & ERP Systems,503,MBA - Financial Management (Online),ONLINE,1,20,54,74,A,CT-OL,PASS,AUCDE,CBCS
20241030015,50017,DBA5107,Business Communication & Soft Skills Laboratory,503,MBA - Financial Management (Online),ONLINE,1,25,64,89,A+,CT-OL,PASS,AUCDE,CBCS
20241030016,50011,DBA5101,Management Concepts & Organizational Behaviour,503,MBA - Financial Management (Online),ONLINE,1,25,37,62,B+,CT-OL,PASS,AUCDE,CBCS
20241030016,50012,DBA5102,Managerial Economics & Decision Making,503,MBA - Financial Management (Online),ONLINE,1,22,53,75,A,CT-OL,PASS,AUCDE,CBCS
20241030016,50013,DBA5103,Statistical Methods & Quantitative Techniques,503,MBA - Financial Management (Online),ONLINE,1,25,43,68,B+,CT-OL,PASS,AUCDE,CBCS
20241030016,50014,DBA5104,Financial & Management Accounting,503,MBA - Financial Management (Online),ONLINE,1,28,39,67,B+,CT-OL,PASS,AUCDE,CBCS
20241030016,50015,DBA5105,Legal Aspects of Business & Corporate Ethics,503,MBA - Financial Management (Online),ONLINE,1,27,66,93,O,CT-OL,PASS,AUCDE,CBCS
20241030016,50016,DBA5106,Information Management & ERP Systems,503,MBA - Financial Management (Online),ONLINE,1,27,36,63,B+,CT-OL,PASS,AUCDE,CBCS
20241030016,50017,DBA5107,Business Communication & Soft Skills Laboratory,503,MBA - Financial Management (Online),ONLINE,1,18,31,49,C,CT-OL,PASS,AUCDE,CBCS
20241030017,50011,DBA5101,Management Concepts & Organizational Behaviour,503,MBA - Financial Management (Online),ONLINE,1,25,51,76,A,CT-OL,PASS,AUCDE,CBCS
20241030017,50012,DBA5102,Managerial Economics & Decision Making,503,MBA - Financial Management (Online),ONLINE,1,27,41,68,B+,CT-OL,PASS,AUCDE,CBCS
20241030017,50013,DBA5103,Statistical Methods & Quantitative Techniques,503,MBA - Financial Management (Online),ONLINE,1,23,45,68,B+,CT-OL,PASS,AUCDE,CBCS
20241030017,50014,DBA5104,Financial & Management Accounting,503,MBA - Financial Management (Online),ONLINE,1,25,38,63,B+,CT-OL,PASS,AUCDE,CBCS
20241030017,50015,DBA5105,Legal Aspects of Business & Corporate Ethics,503,MBA - Financial Management (Online),ONLINE,1,27,35,62,B+,CT-OL,PASS,AUCDE,CBCS
20241030017,50016,DBA5106,Information Management & ERP Systems,503,MBA - Financial Management (Online),ONLINE,1,28,50,78,A,CT-OL,PASS,AUCDE,CBCS
20241030017,50017,DBA5107,Business Communication & Soft Skills Laboratory,503,MBA - Financial Management (Online),ONLINE,1,20,65,85,A+,CT-OL,PASS,AUCDE,CBCS
20241030018,50011,DBA5101,Management Concepts & Organizational Behaviour,503,MBA - Financial Management (Online),ONLINE,1,21,35,56,B,CT-OL,PASS,AUCDE,CBCS
20241030018,50012,DBA5102,Managerial Economics & Decision Making,503,MBA - Financial Management (Online),ONLINE,1,20,36,56,B,CT-OL,PASS,AUCDE,CBCS
20241030018,50013,DBA5103,Statistical Methods & Quantitative Techniques,503,MBA - Financial Management (Online),ONLINE,1,19,64,83,A+,CT-OL,PASS,AUCDE,CBCS
20241030018,50014,DBA5104,Financial & Management Accounting,503,MBA - Financial Management (Online),ONLINE,1,29,52,81,A+,CT-OL,PASS,AUCDE,CBCS
20241030018,50015,DBA5105,Legal Aspects of Business & Corporate Ethics,503,MBA - Financial Management (Online),ONLINE,1,27,30,57,B,CT-OL,PASS,AUCDE,CBCS
20241030018,50016,DBA5106,Information Management & ERP Systems,503,MBA - Financial Management (Online),ONLINE,1,23,47,70,A,CT-OL,PASS,AUCDE,CBCS
20241030018,50017,DBA5107,Business Communication & Soft Skills Laboratory,503,MBA - Financial Management (Online),ONLINE,1,18,56,74,A,CT-OL,PASS,AUCDE,CBCS
20241030019,50011,DBA5101,Management Concepts & Organizational Behaviour,503,MBA - Financial Management (Online),ONLINE,1,,,,,CT-OL,CANCELLED,AUCDE,CBCS
20241030019,50012,DBA5102,Managerial Economics & Decision Making,503,MBA - Financial Management (Online),ONLINE,1,29,48,77,A,CT-OL,PASS,AUCDE,CBCS
20241030019,50013,DBA5103,Statistical Methods & Quantitative Techniques,503,MBA - Financial Management (Online),ONLINE,1,23,60,83,A+,CT-OL,PASS,AUCDE,CBCS
20241030019,50014,DBA5104,Financial & Management Accounting,503,MBA - Financial Management (Online),ONLINE,1,18,47,65,B+,CT-OL,PASS,AUCDE,CBCS
20241030019,50015,DBA5105,Legal Aspects of Business & Corporate Ethics,503,MBA - Financial Management (Online),ONLINE,1,23,41,64,B+,CT-OL,PASS,AUCDE,CBCS
20241030019,50016,DBA5106,Information Management & ERP Systems,503,MBA - Financial Management (Online),ONLINE,1,24,59,83,A+,CT-OL,PASS,AUCDE,CBCS
20241030019,50017,DBA5107,Business Communication & Soft Skills Laboratory,503,MBA - Financial Management (Online),ONLINE,1,18,44,62,B+,CT-OL,PASS,AUCDE,CBCS
20241030020,50011,DBA5101,Management Concepts & Organizational Behaviour,503,MBA - Financial Management (Online),ONLINE,1,29,66,95,O,CT-OL,PASS,AUCDE,CBCS
20241030020,50012,DBA5102,Managerial Economics & Decision Making,503,MBA - Financial Management (Online),ONLINE,1,26,31,57,B,CT-OL,PASS,AUCDE,CBCS
20241030020,50013,DBA5103,Statistical Methods & Quantitative Techniques,503,MBA - Financial Management (Online),ONLINE,1,20,52,72,A,CT-OL,PASS,AUCDE,CBCS
20241030020,50014,DBA5104,Financial & Management Accounting,503,MBA - Financial Management (Online),ONLINE,1,25,36,61,B+,CT-OL,PASS,AUCDE,CBCS
20241030020,50015,DBA5105,Legal Aspects of Business & Corporate Ethics,503,MBA - Financial Management (Online),ONLINE,1,19,34,53,B,CT-OL,PASS,AUCDE,CBCS
20241030020,50016,DBA5106,Information Management & ERP Systems,503,MBA - Financial Management (Online),ONLINE,1,23,56,79,A,CT-OL,PASS,AUCDE,CBCS
20241030020,50017,DBA5107,Business Communication & Soft Skills Laboratory,503,MBA - Financial Management (Online),ONLINE,1,24,54,78,A,CT-OL,PASS,AUCDE,CBCS
20241030001,50021,DBA5201,Operations Management & Supply Chain Strategy,503,MBA - Financial Management (Online),ONLINE,2,28,67,95,O,END-OL,PASS,AUCDE,CBCS
20241030001,50022,DBA5202,Financial Management & Corporate Valuation,503,MBA - Financial Management (Online),ONLINE,2,19,61,80,A+,END-OL,PASS,AUCDE,CBCS
20241030001,50023,DBA5203,Marketing Management & Digital Strategies,503,MBA - Financial Management (Online),ONLINE,2,25,67,92,O,END-OL,PASS,AUCDE,CBCS
20241030001,50024,DBA5204,Human Resource Management & Talent Acquisition,503,MBA - Financial Management (Online),ONLINE,2,20,53,73,A,END-OL,PASS,AUCDE,CBCS
20241030001,50025,DBA5205,Business Research Methods & Predictive Analytics,503,MBA - Financial Management (Online),ONLINE,2,19,35,54,B,END-OL,PASS,AUCDE,CBCS
20241030002,50021,DBA5201,Operations Management & Supply Chain Strategy,503,MBA - Financial Management (Online),ONLINE,2,22,44,66,B+,END-OL,PASS,AUCDE,CBCS
20241030002,50022,DBA5202,Financial Management & Corporate Valuation,503,MBA - Financial Management (Online),ONLINE,2,22,51,73,A,END-OL,PASS,AUCDE,CBCS
20241030002,50023,DBA5203,Marketing Management & Digital Strategies,503,MBA - Financial Management (Online),ONLINE,2,29,41,70,A,END-OL,PASS,AUCDE,CBCS
20241030002,50024,DBA5204,Human Resource Management & Talent Acquisition,503,MBA - Financial Management (Online),ONLINE,2,18,52,70,A,END-OL,PASS,AUCDE,CBCS
20241030002,50025,DBA5205,Business Research Methods & Predictive Analytics,503,MBA - Financial Management (Online),ONLINE,2,18,36,54,B,END-OL,PASS,AUCDE,CBCS
20241030003,50021,DBA5201,Operations Management & Supply Chain Strategy,503,MBA - Financial Management (Online),ONLINE,2,25,67,92,O,END-OL,PASS,AUCDE,CBCS
20241030003,50022,DBA5202,Financial Management & Corporate Valuation,503,MBA - Financial Management (Online),ONLINE,2,23,66,89,A+,END-OL,PASS,AUCDE,CBCS
20241030003,50023,DBA5203,Marketing Management & Digital Strategies,503,MBA - Financial Management (Online),ONLINE,2,26,37,63,B+,END-OL,PASS,AUCDE,CBCS
20241030003,50024,DBA5204,Human Resource Management & Talent Acquisition,503,MBA - Financial Management (Online),ONLINE,2,20,46,66,B+,END-OL,PASS,AUCDE,CBCS
20241030003,50025,DBA5205,Business Research Methods & Predictive Analytics,503,MBA - Financial Management (Online),ONLINE,2,21,54,75,A,END-OL,PASS,AUCDE,CBCS
20241030004,50021,DBA5201,Operations Management & Supply Chain Strategy,503,MBA - Financial Management (Online),ONLINE,2,25,55,80,A+,END-OL,PASS,AUCDE,CBCS
20241030004,50022,DBA5202,Financial Management & Corporate Valuation,503,MBA - Financial Management (Online),ONLINE,2,20,59,79,A,END-OL,PASS,AUCDE,CBCS
20241030004,50023,DBA5203,Marketing Management & Digital Strategies,503,MBA - Financial Management (Online),ONLINE,2,22,30,52,B,END-OL,PASS,AUCDE,CBCS
20241030004,50024,DBA5204,Human Resource Management & Talent Acquisition,503,MBA - Financial Management (Online),ONLINE,2,20,56,76,A,END-OL,PASS,AUCDE,CBCS
20241030004,50025,DBA5205,Business Research Methods & Predictive Analytics,503,MBA - Financial Management (Online),ONLINE,2,28,66,94,O,END-OL,PASS,AUCDE,CBCS
20241030005,50021,DBA5201,Operations Management & Supply Chain Strategy,503,MBA - Financial Management (Online),ONLINE,2,24,37,61,B+,END-OL,PASS,AUCDE,CBCS
20241030005,50022,DBA5202,Financial Management & Corporate Valuation,503,MBA - Financial Management (Online),ONLINE,2,23,48,71,A,END-OL,PASS,AUCDE,CBCS
20241030005,50023,DBA5203,Marketing Management & Digital Strategies,503,MBA - Financial Management (Online),ONLINE,2,23,50,73,A,END-OL,PASS,AUCDE,CBCS
20241030005,50024,DBA5204,Human Resource Management & Talent Acquisition,503,MBA - Financial Management (Online),ONLINE,2,28,45,73,A,END-OL,PASS,AUCDE,CBCS
20241030005,50025,DBA5205,Business Research Methods & Predictive Analytics,503,MBA - Financial Management (Online),ONLINE,2,28,56,84,A+,END-OL,PASS,AUCDE,CBCS
20241030006,50021,DBA5201,Operations Management & Supply Chain Strategy,503,MBA - Financial Management (Online),ONLINE,2,27,50,77,A,END-OL,PASS,AUCDE,CBCS
20241030006,50022,DBA5202,Financial Management & Corporate Valuation,503,MBA - Financial Management (Online),ONLINE,2,23,63,86,A+,END-OL,PASS,AUCDE,CBCS
20241030006,50023,DBA5203,Marketing Management & Digital Strategies,503,MBA - Financial Management (Online),ONLINE,2,21,44,65,B+,END-OL,PASS,AUCDE,CBCS
20241030006,50024,DBA5204,Human Resource Management & Talent Acquisition,503,MBA - Financial Management (Online),ONLINE,2,18,65,83,A+,END-OL,PASS,AUCDE,CBCS
20241030006,50025,DBA5205,Business Research Methods & Predictive Analytics,503,MBA - Financial Management (Online),ONLINE,2,28,38,66,B+,END-OL,PASS,AUCDE,CBCS
20241030007,50021,DBA5201,Operations Management & Supply Chain Strategy,503,MBA - Financial Management (Online),ONLINE,2,21,64,85,A+,END-OL,PASS,AUCDE,CBCS
20241030007,50022,DBA5202,Financial Management & Corporate Valuation,503,MBA - Financial Management (Online),ONLINE,2,23,57,80,A+,END-OL,PASS,AUCDE,CBCS
20241030007,50023,DBA5203,Marketing Management & Digital Strategies,503,MBA - Financial Management (Online),ONLINE,2,28,52,80,A+,END-OL,PASS,AUCDE,CBCS
20241030007,50024,DBA5204,Human Resource Management & Talent Acquisition,503,MBA - Financial Management (Online),ONLINE,2,22,65,87,A+,END-OL,PASS,AUCDE,CBCS
20241030007,50025,DBA5205,Business Research Methods & Predictive Analytics,503,MBA - Financial Management (Online),ONLINE,2,19,45,64,B+,END-OL,PASS,AUCDE,CBCS
20241030008,50021,DBA5201,Operations Management & Supply Chain Strategy,503,MBA - Financial Management (Online),ONLINE,2,25,67,92,O,END-OL,PASS,AUCDE,CBCS
20241030008,50022,DBA5202,Financial Management & Corporate Valuation,503,MBA - Financial Management (Online),ONLINE,2,25,65,90,O,END-OL,PASS,AUCDE,CBCS
20241030008,50023,DBA5203,Marketing Management & Digital Strategies,503,MBA - Financial Management (Online),ONLINE,2,26,66,92,O,END-OL,PASS,AUCDE,CBCS
20241030008,50024,DBA5204,Human Resource Management & Talent Acquisition,503,MBA - Financial Management (Online),ONLINE,2,23,54,77,A,END-OL,PASS,AUCDE,CBCS
20241030008,50025,DBA5205,Business Research Methods & Predictive Analytics,503,MBA - Financial Management (Online),ONLINE,2,26,55,81,A+,END-OL,PASS,AUCDE,CBCS
20241030009,50021,DBA5201,Operations Management & Supply Chain Strategy,503,MBA - Financial Management (Online),ONLINE,2,20,44,64,B+,END-OL,PASS,AUCDE,CBCS
20241030009,50022,DBA5202,Financial Management & Corporate Valuation,503,MBA - Financial Management (Online),ONLINE,2,18,63,81,A+,END-OL,PASS,AUCDE,CBCS
20241030009,50023,DBA5203,Marketing Management & Digital Strategies,503,MBA - Financial Management (Online),ONLINE,2,27,41,68,B+,END-OL,PASS,AUCDE,CBCS
20241030009,50024,DBA5204,Human Resource Management & Talent Acquisition,503,MBA - Financial Management (Online),ONLINE,2,29,35,64,B+,END-OL,PASS,AUCDE,CBCS
20241030009,50025,DBA5205,Business Research Methods & Predictive Analytics,503,MBA - Financial Management (Online),ONLINE,2,18,40,58,B,END-OL,PASS,AUCDE,CBCS
20241030010,50021,DBA5201,Operations Management & Supply Chain Strategy,503,MBA - Financial Management (Online),ONLINE,2,29,66,95,O,END-OL,PASS,AUCDE,CBCS
20241030010,50022,DBA5202,Financial Management & Corporate Valuation,503,MBA - Financial Management (Online),ONLINE,2,28,45,73,A,END-OL,PASS,AUCDE,CBCS
20241030010,50023,DBA5203,Marketing Management & Digital Strategies,503,MBA - Financial Management (Online),ONLINE,2,18,66,84,A+,END-OL,PASS,AUCDE,CBCS
20241030010,50024,DBA5204,Human Resource Management & Talent Acquisition,503,MBA - Financial Management (Online),ONLINE,2,27,66,93,O,END-OL,PASS,AUCDE,CBCS
20241030010,50025,DBA5205,Business Research Methods & Predictive Analytics,503,MBA - Financial Management (Online),ONLINE,2,20,61,81,A+,END-OL,PASS,AUCDE,CBCS
20241030011,50021,DBA5201,Operations Management & Supply Chain Strategy,503,MBA - Financial Management (Online),ONLINE,2,20,38,58,B,END-OL,PASS,AUCDE,CBCS
20241030011,50022,DBA5202,Financial Management & Corporate Valuation,503,MBA - Financial Management (Online),ONLINE,2,18,49,67,B+,END-OL,PASS,AUCDE,CBCS
20241030011,50023,DBA5203,Marketing Management & Digital Strategies,503,MBA - Financial Management (Online),ONLINE,2,21,42,63,B+,END-OL,PASS,AUCDE,CBCS
20241030011,50024,DBA5204,Human Resource Management & Talent Acquisition,503,MBA - Financial Management (Online),ONLINE,2,20,61,81,A+,END-OL,PASS,AUCDE,CBCS
20241030011,50025,DBA5205,Business Research Methods & Predictive Analytics,503,MBA - Financial Management (Online),ONLINE,2,24,44,68,B+,END-OL,PASS,AUCDE,CBCS
20241030012,50021,DBA5201,Operations Management & Supply Chain Strategy,503,MBA - Financial Management (Online),ONLINE,2,26,54,80,A+,END-OL,PASS,AUCDE,CBCS
20241030012,50022,DBA5202,Financial Management & Corporate Valuation,503,MBA - Financial Management (Online),ONLINE,2,21,59,80,A+,END-OL,PASS,AUCDE,CBCS
20241030012,50023,DBA5203,Marketing Management & Digital Strategies,503,MBA - Financial Management (Online),ONLINE,2,19,55,74,A,END-OL,PASS,AUCDE,CBCS
20241030012,50024,DBA5204,Human Resource Management & Talent Acquisition,503,MBA - Financial Management (Online),ONLINE,2,,,,,END-OL,CANCELLED,AUCDE,CBCS
20241030012,50025,DBA5205,Business Research Methods & Predictive Analytics,503,MBA - Financial Management (Online),ONLINE,2,21,46,67,B+,END-OL,PASS,AUCDE,CBCS
20241030013,50021,DBA5201,Operations Management & Supply Chain Strategy,503,MBA - Financial Management (Online),ONLINE,2,20,63,83,A+,END-OL,PASS,AUCDE,CBCS
20241030013,50022,DBA5202,Financial Management & Corporate Valuation,503,MBA - Financial Management (Online),ONLINE,2,27,31,58,B,END-OL,PASS,AUCDE,CBCS
20241030013,50023,DBA5203,Marketing Management & Digital Strategies,503,MBA - Financial Management (Online),ONLINE,2,21,56,77,A,END-OL,PASS,AUCDE,CBCS
20241030013,50024,DBA5204,Human Resource Management & Talent Acquisition,503,MBA - Financial Management (Online),ONLINE,2,25,39,64,B+,END-OL,PASS,AUCDE,CBCS
20241030013,50025,DBA5205,Business Research Methods & Predictive Analytics,503,MBA - Financial Management (Online),ONLINE,2,26,55,81,A+,END-OL,PASS,AUCDE,CBCS
20241030014,50021,DBA5201,Operations Management & Supply Chain Strategy,503,MBA - Financial Management (Online),ONLINE,2,29,58,87,A+,END-OL,PASS,AUCDE,CBCS
20241030014,50022,DBA5202,Financial Management & Corporate Valuation,503,MBA - Financial Management (Online),ONLINE,2,,,,,END-OL,CANCELLED,AUCDE,CBCS
20241030014,50023,DBA5203,Marketing Management & Digital Strategies,503,MBA - Financial Management (Online),ONLINE,2,20,53,73,A,END-OL,PASS,AUCDE,CBCS
20241030014,50024,DBA5204,Human Resource Management & Talent Acquisition,503,MBA - Financial Management (Online),ONLINE,2,21,33,54,B,END-OL,PASS,AUCDE,CBCS
20241030014,50025,DBA5205,Business Research Methods & Predictive Analytics,503,MBA - Financial Management (Online),ONLINE,2,21,31,52,B,END-OL,PASS,AUCDE,CBCS
20241030015,50021,DBA5201,Operations Management & Supply Chain Strategy,503,MBA - Financial Management (Online),ONLINE,2,20,47,67,B+,END-OL,PASS,AUCDE,CBCS
20241030015,50022,DBA5202,Financial Management & Corporate Valuation,503,MBA - Financial Management (Online),ONLINE,2,19,53,72,A,END-OL,PASS,AUCDE,CBCS
20241030015,50023,DBA5203,Marketing Management & Digital Strategies,503,MBA - Financial Management (Online),ONLINE,2,29,38,67,B+,END-OL,PASS,AUCDE,CBCS
20241030015,50024,DBA5204,Human Resource Management & Talent Acquisition,503,MBA - Financial Management (Online),ONLINE,2,19,42,61,B+,END-OL,PASS,AUCDE,CBCS
20241030015,50025,DBA5205,Business Research Methods & Predictive Analytics,503,MBA - Financial Management (Online),ONLINE,2,26,35,61,B+,END-OL,PASS,AUCDE,CBCS
20241030016,50021,DBA5201,Operations Management & Supply Chain Strategy,503,MBA - Financial Management (Online),ONLINE,2,26,52,78,A,END-OL,PASS,AUCDE,CBCS
20241030016,50022,DBA5202,Financial Management & Corporate Valuation,503,MBA - Financial Management (Online),ONLINE,2,24,55,79,A,END-OL,PASS,AUCDE,CBCS
20241030016,50023,DBA5203,Marketing Management & Digital Strategies,503,MBA - Financial Management (Online),ONLINE,2,27,35,62,B+,END-OL,PASS,AUCDE,CBCS
20241030016,50024,DBA5204,Human Resource Management & Talent Acquisition,503,MBA - Financial Management (Online),ONLINE,2,21,47,68,B+,END-OL,PASS,AUCDE,CBCS
20241030016,50025,DBA5205,Business Research Methods & Predictive Analytics,503,MBA - Financial Management (Online),ONLINE,2,18,58,76,A,END-OL,PASS,AUCDE,CBCS
20241030017,50021,DBA5201,Operations Management & Supply Chain Strategy,503,MBA - Financial Management (Online),ONLINE,2,23,35,58,B,END-OL,PASS,AUCDE,CBCS
20241030017,50022,DBA5202,Financial Management & Corporate Valuation,503,MBA - Financial Management (Online),ONLINE,2,18,33,51,B,END-OL,PASS,AUCDE,CBCS
20241030017,50023,DBA5203,Marketing Management & Digital Strategies,503,MBA - Financial Management (Online),ONLINE,2,21,51,72,A,END-OL,PASS,AUCDE,CBCS
20241030017,50024,DBA5204,Human Resource Management & Talent Acquisition,503,MBA - Financial Management (Online),ONLINE,2,19,44,63,B+,END-OL,PASS,AUCDE,CBCS
20241030017,50025,DBA5205,Business Research Methods & Predictive Analytics,503,MBA - Financial Management (Online),ONLINE,2,19,65,84,A+,END-OL,PASS,AUCDE,CBCS
20241030018,50021,DBA5201,Operations Management & Supply Chain Strategy,503,MBA - Financial Management (Online),ONLINE,2,27,64,91,O,END-OL,PASS,AUCDE,CBCS
20241030018,50022,DBA5202,Financial Management & Corporate Valuation,503,MBA - Financial Management (Online),ONLINE,2,21,51,72,A,END-OL,PASS,AUCDE,CBCS
20241030018,50023,DBA5203,Marketing Management & Digital Strategies,503,MBA - Financial Management (Online),ONLINE,2,24,63,87,A+,END-OL,PASS,AUCDE,CBCS
20241030018,50024,DBA5204,Human Resource Management & Talent Acquisition,503,MBA - Financial Management (Online),ONLINE,2,18,62,80,A+,END-OL,PASS,AUCDE,CBCS
20241030018,50025,DBA5205,Business Research Methods & Predictive Analytics,503,MBA - Financial Management (Online),ONLINE,2,29,60,89,A+,END-OL,PASS,AUCDE,CBCS
20241030019,50021,DBA5201,Operations Management & Supply Chain Strategy,503,MBA - Financial Management (Online),ONLINE,2,25,42,67,B+,END-OL,PASS,AUCDE,CBCS
20241030019,50022,DBA5202,Financial Management & Corporate Valuation,503,MBA - Financial Management (Online),ONLINE,2,25,62,87,A+,END-OL,PASS,AUCDE,CBCS
20241030019,50023,DBA5203,Marketing Management & Digital Strategies,503,MBA - Financial Management (Online),ONLINE,2,28,41,69,B+,END-OL,PASS,AUCDE,CBCS
20241030019,50024,DBA5204,Human Resource Management & Talent Acquisition,503,MBA - Financial Management (Online),ONLINE,2,19,38,57,B,END-OL,PASS,AUCDE,CBCS
20241030019,50025,DBA5205,Business Research Methods & Predictive Analytics,503,MBA - Financial Management (Online),ONLINE,2,20,52,72,A,END-OL,PASS,AUCDE,CBCS
20241030020,50021,DBA5201,Operations Management & Supply Chain Strategy,503,MBA - Financial Management (Online),ONLINE,2,23,40,63,B+,END-OL,PASS,AUCDE,CBCS
20241030020,50022,DBA5202,Financial Management & Corporate Valuation,503,MBA - Financial Management (Online),ONLINE,2,29,43,72,A,END-OL,PASS,AUCDE,CBCS
20241030020,50023,DBA5203,Marketing Management & Digital Strategies,503,MBA - Financial Management (Online),ONLINE,2,23,45,68,B+,END-OL,PASS,AUCDE,CBCS
20241030020,50024,DBA5204,Human Resource Management & Talent Acquisition,503,MBA - Financial Management (Online),ONLINE,2,23,42,65,B+,END-OL,PASS,AUCDE,CBCS
20241030020,50025,DBA5205,Business Research Methods & Predictive Analytics,503,MBA - Financial Management (Online),ONLINE,2,24,47,71,A,END-OL,PASS,AUCDE,CBCS
20241040001,50011,DBA5101,Management Concepts & Organizational Behaviour,504,MBA - Human Resource Management (Online),ONLINE,1,28,42,70,A,CT-OL,PASS,AUCDE,CBCS
20241040001,50012,DBA5102,Managerial Economics & Decision Making,504,MBA - Human Resource Management (Online),ONLINE,1,19,52,71,A,CT-OL,PASS,AUCDE,CBCS
20241040001,50013,DBA5103,Statistical Methods & Quantitative Techniques,504,MBA - Human Resource Management (Online),ONLINE,1,19,62,81,A+,CT-OL,PASS,AUCDE,CBCS
20241040001,50014,DBA5104,Financial & Management Accounting,504,MBA - Human Resource Management (Online),ONLINE,1,21,45,66,B+,CT-OL,PASS,AUCDE,CBCS
20241040001,50015,DBA5105,Legal Aspects of Business & Corporate Ethics,504,MBA - Human Resource Management (Online),ONLINE,1,19,46,65,B+,CT-OL,PASS,AUCDE,CBCS
20241040001,50016,DBA5106,Information Management & ERP Systems,504,MBA - Human Resource Management (Online),ONLINE,1,,,,,CT-OL,CANCELLED,AUCDE,CBCS
20241040001,50017,DBA5107,Business Communication & Soft Skills Laboratory,504,MBA - Human Resource Management (Online),ONLINE,1,18,45,63,B+,CT-OL,PASS,AUCDE,CBCS
20241040002,50011,DBA5101,Management Concepts & Organizational Behaviour,504,MBA - Human Resource Management (Online),ONLINE,1,24,31,55,B,CT-OL,PASS,AUCDE,CBCS
20241040002,50012,DBA5102,Managerial Economics & Decision Making,504,MBA - Human Resource Management (Online),ONLINE,1,26,66,92,O,CT-OL,PASS,AUCDE,CBCS
20241040002,50013,DBA5103,Statistical Methods & Quantitative Techniques,504,MBA - Human Resource Management (Online),ONLINE,1,19,41,60,B+,CT-OL,PASS,AUCDE,CBCS
20241040002,50014,DBA5104,Financial & Management Accounting,504,MBA - Human Resource Management (Online),ONLINE,1,21,36,57,B,CT-OL,PASS,AUCDE,CBCS
20241040002,50015,DBA5105,Legal Aspects of Business & Corporate Ethics,504,MBA - Human Resource Management (Online),ONLINE,1,25,53,78,A,CT-OL,PASS,AUCDE,CBCS
20241040002,50016,DBA5106,Information Management & ERP Systems,504,MBA - Human Resource Management (Online),ONLINE,1,,,,,CT-OL,CANCELLED,AUCDE,CBCS
20241040002,50017,DBA5107,Business Communication & Soft Skills Laboratory,504,MBA - Human Resource Management (Online),ONLINE,1,25,38,63,B+,CT-OL,PASS,AUCDE,CBCS
20241040003,50011,DBA5101,Management Concepts & Organizational Behaviour,504,MBA - Human Resource Management (Online),ONLINE,1,24,51,75,A,CT-OL,PASS,AUCDE,CBCS
20241040003,50012,DBA5102,Managerial Economics & Decision Making,504,MBA - Human Resource Management (Online),ONLINE,1,25,32,57,B,CT-OL,PASS,AUCDE,CBCS
20241040003,50013,DBA5103,Statistical Methods & Quantitative Techniques,504,MBA - Human Resource Management (Online),ONLINE,1,28,49,77,A,CT-OL,PASS,AUCDE,CBCS
20241040003,50014,DBA5104,Financial & Management Accounting,504,MBA - Human Resource Management (Online),ONLINE,1,20,50,70,A,CT-OL,PASS,AUCDE,CBCS
20241040003,50015,DBA5105,Legal Aspects of Business & Corporate Ethics,504,MBA - Human Resource Management (Online),ONLINE,1,19,45,64,B+,CT-OL,PASS,AUCDE,CBCS
20241040003,50016,DBA5106,Information Management & ERP Systems,504,MBA - Human Resource Management (Online),ONLINE,1,,,,,CT-OL,CANCELLED,AUCDE,CBCS
20241040003,50017,DBA5107,Business Communication & Soft Skills Laboratory,504,MBA - Human Resource Management (Online),ONLINE,1,24,67,91,O,CT-OL,PASS,AUCDE,CBCS
20241040004,50011,DBA5101,Management Concepts & Organizational Behaviour,504,MBA - Human Resource Management (Online),ONLINE,1,18,37,55,B,CT-OL,PASS,AUCDE,CBCS
20241040004,50012,DBA5102,Managerial Economics & Decision Making,504,MBA - Human Resource Management (Online),ONLINE,1,27,50,77,A,CT-OL,PASS,AUCDE,CBCS
20241040004,50013,DBA5103,Statistical Methods & Quantitative Techniques,504,MBA - Human Resource Management (Online),ONLINE,1,19,39,58,B,CT-OL,PASS,AUCDE,CBCS
20241040004,50014,DBA5104,Financial & Management Accounting,504,MBA - Human Resource Management (Online),ONLINE,1,22,44,66,B+,CT-OL,PASS,AUCDE,CBCS
20241040004,50015,DBA5105,Legal Aspects of Business & Corporate Ethics,504,MBA - Human Resource Management (Online),ONLINE,1,21,59,80,A+,CT-OL,PASS,AUCDE,CBCS
20241040004,50016,DBA5106,Information Management & ERP Systems,504,MBA - Human Resource Management (Online),ONLINE,1,28,67,95,O,CT-OL,PASS,AUCDE,CBCS
20241040004,50017,DBA5107,Business Communication & Soft Skills Laboratory,504,MBA - Human Resource Management (Online),ONLINE,1,23,42,65,B+,CT-OL,PASS,AUCDE,CBCS
20241040005,50011,DBA5101,Management Concepts & Organizational Behaviour,504,MBA - Human Resource Management (Online),ONLINE,1,25,53,78,A,CT-OL,PASS,AUCDE,CBCS
20241040005,50012,DBA5102,Managerial Economics & Decision Making,504,MBA - Human Resource Management (Online),ONLINE,1,18,37,55,B,CT-OL,PASS,AUCDE,CBCS
20241040005,50013,DBA5103,Statistical Methods & Quantitative Techniques,504,MBA - Human Resource Management (Online),ONLINE,1,25,50,75,A,CT-OL,PASS,AUCDE,CBCS
20241040005,50014,DBA5104,Financial & Management Accounting,504,MBA - Human Resource Management (Online),ONLINE,1,20,43,63,B+,CT-OL,PASS,AUCDE,CBCS
20241040005,50015,DBA5105,Legal Aspects of Business & Corporate Ethics,504,MBA - Human Resource Management (Online),ONLINE,1,26,34,60,B+,CT-OL,PASS,AUCDE,CBCS
20241040005,50016,DBA5106,Information Management & ERP Systems,504,MBA - Human Resource Management (Online),ONLINE,1,18,53,71,A,CT-OL,PASS,AUCDE,CBCS
20241040005,50017,DBA5107,Business Communication & Soft Skills Laboratory,504,MBA - Human Resource Management (Online),ONLINE,1,26,45,71,A,CT-OL,PASS,AUCDE,CBCS
20241040006,50011,DBA5101,Management Concepts & Organizational Behaviour,504,MBA - Human Resource Management (Online),ONLINE,1,18,61,79,A,CT-OL,PASS,AUCDE,CBCS
20241040006,50012,DBA5102,Managerial Economics & Decision Making,504,MBA - Human Resource Management (Online),ONLINE,1,18,62,80,A+,CT-OL,PASS,AUCDE,CBCS
20241040006,50013,DBA5103,Statistical Methods & Quantitative Techniques,504,MBA - Human Resource Management (Online),ONLINE,1,18,59,77,A,CT-OL,PASS,AUCDE,CBCS
20241040006,50014,DBA5104,Financial & Management Accounting,504,MBA - Human Resource Management (Online),ONLINE,1,28,41,69,B+,CT-OL,PASS,AUCDE,CBCS
20241040006,50015,DBA5105,Legal Aspects of Business & Corporate Ethics,504,MBA - Human Resource Management (Online),ONLINE,1,20,56,76,A,CT-OL,PASS,AUCDE,CBCS
20241040006,50016,DBA5106,Information Management & ERP Systems,504,MBA - Human Resource Management (Online),ONLINE,1,25,61,86,A+,CT-OL,PASS,AUCDE,CBCS
20241040006,50017,DBA5107,Business Communication & Soft Skills Laboratory,504,MBA - Human Resource Management (Online),ONLINE,1,19,52,71,A,CT-OL,PASS,AUCDE,CBCS
20241040007,50011,DBA5101,Management Concepts & Organizational Behaviour,504,MBA - Human Resource Management (Online),ONLINE,1,28,44,72,A,CT-OL,PASS,AUCDE,CBCS
20241040007,50012,DBA5102,Managerial Economics & Decision Making,504,MBA - Human Resource Management (Online),ONLINE,1,28,43,71,A,CT-OL,PASS,AUCDE,CBCS
20241040007,50013,DBA5103,Statistical Methods & Quantitative Techniques,504,MBA - Human Resource Management (Online),ONLINE,1,18,46,64,B+,CT-OL,PASS,AUCDE,CBCS
20241040007,50014,DBA5104,Financial & Management Accounting,504,MBA - Human Resource Management (Online),ONLINE,1,24,31,55,B,CT-OL,PASS,AUCDE,CBCS
20241040007,50015,DBA5105,Legal Aspects of Business & Corporate Ethics,504,MBA - Human Resource Management (Online),ONLINE,1,18,45,63,B+,CT-OL,PASS,AUCDE,CBCS
20241040007,50016,DBA5106,Information Management & ERP Systems,504,MBA - Human Resource Management (Online),ONLINE,1,21,32,53,B,CT-OL,PASS,AUCDE,CBCS
20241040007,50017,DBA5107,Business Communication & Soft Skills Laboratory,504,MBA - Human Resource Management (Online),ONLINE,1,21,44,65,B+,CT-OL,PASS,AUCDE,CBCS
20241040008,50011,DBA5101,Management Concepts & Organizational Behaviour,504,MBA - Human Resource Management (Online),ONLINE,1,27,36,63,B+,CT-OL,PASS,AUCDE,CBCS
20241040008,50012,DBA5102,Managerial Economics & Decision Making,504,MBA - Human Resource Management (Online),ONLINE,1,29,50,79,A,CT-OL,PASS,AUCDE,CBCS
20241040008,50013,DBA5103,Statistical Methods & Quantitative Techniques,504,MBA - Human Resource Management (Online),ONLINE,1,20,66,86,A+,CT-OL,PASS,AUCDE,CBCS
20241040008,50014,DBA5104,Financial & Management Accounting,504,MBA - Human Resource Management (Online),ONLINE,1,26,31,57,B,CT-OL,PASS,AUCDE,CBCS
20241040008,50015,DBA5105,Legal Aspects of Business & Corporate Ethics,504,MBA - Human Resource Management (Online),ONLINE,1,27,33,60,B+,CT-OL,PASS,AUCDE,CBCS
20241040008,50016,DBA5106,Information Management & ERP Systems,504,MBA - Human Resource Management (Online),ONLINE,1,24,36,60,B+,CT-OL,PASS,AUCDE,CBCS
20241040008,50017,DBA5107,Business Communication & Soft Skills Laboratory,504,MBA - Human Resource Management (Online),ONLINE,1,28,44,72,A,CT-OL,PASS,AUCDE,CBCS
20241040009,50011,DBA5101,Management Concepts & Organizational Behaviour,504,MBA - Human Resource Management (Online),ONLINE,1,29,36,65,B+,CT-OL,PASS,AUCDE,CBCS
20241040009,50012,DBA5102,Managerial Economics & Decision Making,504,MBA - Human Resource Management (Online),ONLINE,1,28,31,59,B,CT-OL,PASS,AUCDE,CBCS
20241040009,50013,DBA5103,Statistical Methods & Quantitative Techniques,504,MBA - Human Resource Management (Online),ONLINE,1,29,48,77,A,CT-OL,PASS,AUCDE,CBCS
20241040009,50014,DBA5104,Financial & Management Accounting,504,MBA - Human Resource Management (Online),ONLINE,1,26,54,80,A+,CT-OL,PASS,AUCDE,CBCS
20241040009,50015,DBA5105,Legal Aspects of Business & Corporate Ethics,504,MBA - Human Resource Management (Online),ONLINE,1,20,59,79,A,CT-OL,PASS,AUCDE,CBCS
20241040009,50016,DBA5106,Information Management & ERP Systems,504,MBA - Human Resource Management (Online),ONLINE,1,29,60,89,A+,CT-OL,PASS,AUCDE,CBCS
20241040009,50017,DBA5107,Business Communication & Soft Skills Laboratory,504,MBA - Human Resource Management (Online),ONLINE,1,25,42,67,B+,CT-OL,PASS,AUCDE,CBCS
20241040010,50011,DBA5101,Management Concepts & Organizational Behaviour,504,MBA - Human Resource Management (Online),ONLINE,1,21,45,66,B+,CT-OL,PASS,AUCDE,CBCS
20241040010,50012,DBA5102,Managerial Economics & Decision Making,504,MBA - Human Resource Management (Online),ONLINE,1,28,57,85,A+,CT-OL,PASS,AUCDE,CBCS
20241040010,50013,DBA5103,Statistical Methods & Quantitative Techniques,504,MBA - Human Resource Management (Online),ONLINE,1,24,46,70,A,CT-OL,PASS,AUCDE,CBCS
20241040010,50014,DBA5104,Financial & Management Accounting,504,MBA - Human Resource Management (Online),ONLINE,1,27,64,91,O,CT-OL,PASS,AUCDE,CBCS
20241040010,50015,DBA5105,Legal Aspects of Business & Corporate Ethics,504,MBA - Human Resource Management (Online),ONLINE,1,22,49,71,A,CT-OL,PASS,AUCDE,CBCS
20241040010,50016,DBA5106,Information Management & ERP Systems,504,MBA - Human Resource Management (Online),ONLINE,1,26,43,69,B+,CT-OL,PASS,AUCDE,CBCS
20241040010,50017,DBA5107,Business Communication & Soft Skills Laboratory,504,MBA - Human Resource Management (Online),ONLINE,1,18,46,64,B+,CT-OL,PASS,AUCDE,CBCS
20241040011,50011,DBA5101,Management Concepts & Organizational Behaviour,504,MBA - Human Resource Management (Online),ONLINE,1,23,36,59,B,CT-OL,PASS,AUCDE,CBCS
20241040011,50012,DBA5102,Managerial Economics & Decision Making,504,MBA - Human Resource Management (Online),ONLINE,1,20,57,77,A,CT-OL,PASS,AUCDE,CBCS
20241040011,50013,DBA5103,Statistical Methods & Quantitative Techniques,504,MBA - Human Resource Management (Online),ONLINE,1,27,63,90,O,CT-OL,PASS,AUCDE,CBCS
20241040011,50014,DBA5104,Financial & Management Accounting,504,MBA - Human Resource Management (Online),ONLINE,1,26,60,86,A+,CT-OL,PASS,AUCDE,CBCS
20241040011,50015,DBA5105,Legal Aspects of Business & Corporate Ethics,504,MBA - Human Resource Management (Online),ONLINE,1,22,64,86,A+,CT-OL,PASS,AUCDE,CBCS
20241040011,50016,DBA5106,Information Management & ERP Systems,504,MBA - Human Resource Management (Online),ONLINE,1,20,58,78,A,CT-OL,PASS,AUCDE,CBCS
20241040011,50017,DBA5107,Business Communication & Soft Skills Laboratory,504,MBA - Human Resource Management (Online),ONLINE,1,26,55,81,A+,CT-OL,PASS,AUCDE,CBCS
20241040012,50011,DBA5101,Management Concepts & Organizational Behaviour,504,MBA - Human Resource Management (Online),ONLINE,1,25,35,60,B+,CT-OL,PASS,AUCDE,CBCS
20241040012,50012,DBA5102,Managerial Economics & Decision Making,504,MBA - Human Resource Management (Online),ONLINE,1,26,64,90,O,CT-OL,PASS,AUCDE,CBCS
20241040012,50013,DBA5103,Statistical Methods & Quantitative Techniques,504,MBA - Human Resource Management (Online),ONLINE,1,26,61,87,A+,CT-OL,PASS,AUCDE,CBCS
20241040012,50014,DBA5104,Financial & Management Accounting,504,MBA - Human Resource Management (Online),ONLINE,1,23,33,56,B,CT-OL,PASS,AUCDE,CBCS
20241040012,50015,DBA5105,Legal Aspects of Business & Corporate Ethics,504,MBA - Human Resource Management (Online),ONLINE,1,19,51,70,A,CT-OL,PASS,AUCDE,CBCS
20241040012,50016,DBA5106,Information Management & ERP Systems,504,MBA - Human Resource Management (Online),ONLINE,1,29,61,90,O,CT-OL,PASS,AUCDE,CBCS
20241040012,50017,DBA5107,Business Communication & Soft Skills Laboratory,504,MBA - Human Resource Management (Online),ONLINE,1,23,43,66,B+,CT-OL,PASS,AUCDE,CBCS
20241040013,50011,DBA5101,Management Concepts & Organizational Behaviour,504,MBA - Human Resource Management (Online),ONLINE,1,19,54,73,A,CT-OL,PASS,AUCDE,CBCS
20241040013,50012,DBA5102,Managerial Economics & Decision Making,504,MBA - Human Resource Management (Online),ONLINE,1,18,52,70,A,CT-OL,PASS,AUCDE,CBCS
20241040013,50013,DBA5103,Statistical Methods & Quantitative Techniques,504,MBA - Human Resource Management (Online),ONLINE,1,18,48,66,B+,CT-OL,PASS,AUCDE,CBCS
20241040013,50014,DBA5104,Financial & Management Accounting,504,MBA - Human Resource Management (Online),ONLINE,1,19,61,80,A+,CT-OL,PASS,AUCDE,CBCS
20241040013,50015,DBA5105,Legal Aspects of Business & Corporate Ethics,504,MBA - Human Resource Management (Online),ONLINE,1,27,32,59,B,CT-OL,PASS,AUCDE,CBCS
20241040013,50016,DBA5106,Information Management & ERP Systems,504,MBA - Human Resource Management (Online),ONLINE,1,20,47,67,B+,CT-OL,PASS,AUCDE,CBCS
20241040013,50017,DBA5107,Business Communication & Soft Skills Laboratory,504,MBA - Human Resource Management (Online),ONLINE,1,20,55,75,A,CT-OL,PASS,AUCDE,CBCS
20241040014,50011,DBA5101,Management Concepts & Organizational Behaviour,504,MBA - Human Resource Management (Online),ONLINE,1,24,35,59,B,CT-OL,PASS,AUCDE,CBCS
20241040014,50012,DBA5102,Managerial Economics & Decision Making,504,MBA - Human Resource Management (Online),ONLINE,1,18,37,55,B,CT-OL,PASS,AUCDE,CBCS
20241040014,50013,DBA5103,Statistical Methods & Quantitative Techniques,504,MBA - Human Resource Management (Online),ONLINE,1,26,36,62,B+,CT-OL,PASS,AUCDE,CBCS
20241040014,50014,DBA5104,Financial & Management Accounting,504,MBA - Human Resource Management (Online),ONLINE,1,27,67,94,O,CT-OL,PASS,AUCDE,CBCS
20241040014,50015,DBA5105,Legal Aspects of Business & Corporate Ethics,504,MBA - Human Resource Management (Online),ONLINE,1,18,36,54,B,CT-OL,PASS,AUCDE,CBCS
20241040014,50016,DBA5106,Information Management & ERP Systems,504,MBA - Human Resource Management (Online),ONLINE,1,21,40,61,B+,CT-OL,PASS,AUCDE,CBCS
20241040014,50017,DBA5107,Business Communication & Soft Skills Laboratory,504,MBA - Human Resource Management (Online),ONLINE,1,25,44,69,B+,CT-OL,PASS,AUCDE,CBCS
20241040015,50011,DBA5101,Management Concepts & Organizational Behaviour,504,MBA - Human Resource Management (Online),ONLINE,1,28,38,66,B+,CT-OL,PASS,AUCDE,CBCS
20241040015,50012,DBA5102,Managerial Economics & Decision Making,504,MBA - Human Resource Management (Online),ONLINE,1,23,47,70,A,CT-OL,PASS,AUCDE,CBCS
20241040015,50013,DBA5103,Statistical Methods & Quantitative Techniques,504,MBA - Human Resource Management (Online),ONLINE,1,24,32,56,B,CT-OL,PASS,AUCDE,CBCS
20241040015,50014,DBA5104,Financial & Management Accounting,504,MBA - Human Resource Management (Online),ONLINE,1,20,57,77,A,CT-OL,PASS,AUCDE,CBCS
20241040015,50015,DBA5105,Legal Aspects of Business & Corporate Ethics,504,MBA - Human Resource Management (Online),ONLINE,1,18,62,80,A+,CT-OL,PASS,AUCDE,CBCS
20241040015,50016,DBA5106,Information Management & ERP Systems,504,MBA - Human Resource Management (Online),ONLINE,1,21,54,75,A,CT-OL,PASS,AUCDE,CBCS
20241040015,50017,DBA5107,Business Communication & Soft Skills Laboratory,504,MBA - Human Resource Management (Online),ONLINE,1,18,67,85,A+,CT-OL,PASS,AUCDE,CBCS
20241040016,50011,DBA5101,Management Concepts & Organizational Behaviour,504,MBA - Human Resource Management (Online),ONLINE,1,26,56,82,A+,CT-OL,PASS,AUCDE,CBCS
20241040016,50012,DBA5102,Managerial Economics & Decision Making,504,MBA - Human Resource Management (Online),ONLINE,1,27,65,92,O,CT-OL,PASS,AUCDE,CBCS
20241040016,50013,DBA5103,Statistical Methods & Quantitative Techniques,504,MBA - Human Resource Management (Online),ONLINE,1,22,38,60,B+,CT-OL,PASS,AUCDE,CBCS
20241040016,50014,DBA5104,Financial & Management Accounting,504,MBA - Human Resource Management (Online),ONLINE,1,27,63,90,O,CT-OL,PASS,AUCDE,CBCS
20241040016,50015,DBA5105,Legal Aspects of Business & Corporate Ethics,504,MBA - Human Resource Management (Online),ONLINE,1,21,35,56,B,CT-OL,PASS,AUCDE,CBCS
20241040016,50016,DBA5106,Information Management & ERP Systems,504,MBA - Human Resource Management (Online),ONLINE,1,19,30,49,C,CT-OL,PASS,AUCDE,CBCS
20241040016,50017,DBA5107,Business Communication & Soft Skills Laboratory,504,MBA - Human Resource Management (Online),ONLINE,1,25,51,76,A,CT-OL,PASS,AUCDE,CBCS
20241040017,50011,DBA5101,Management Concepts & Organizational Behaviour,504,MBA - Human Resource Management (Online),ONLINE,1,20,36,56,B,CT-OL,PASS,AUCDE,CBCS
20241040017,50012,DBA5102,Managerial Economics & Decision Making,504,MBA - Human Resource Management (Online),ONLINE,1,22,44,66,B+,CT-OL,PASS,AUCDE,CBCS
20241040017,50013,DBA5103,Statistical Methods & Quantitative Techniques,504,MBA - Human Resource Management (Online),ONLINE,1,19,61,80,A+,CT-OL,PASS,AUCDE,CBCS
20241040017,50014,DBA5104,Financial & Management Accounting,504,MBA - Human Resource Management (Online),ONLINE,1,24,39,63,B+,CT-OL,PASS,AUCDE,CBCS
20241040017,50015,DBA5105,Legal Aspects of Business & Corporate Ethics,504,MBA - Human Resource Management (Online),ONLINE,1,22,59,81,A+,CT-OL,PASS,AUCDE,CBCS
20241040017,50016,DBA5106,Information Management & ERP Systems,504,MBA - Human Resource Management (Online),ONLINE,1,,,,,CT-OL,CANCELLED,AUCDE,CBCS
20241040017,50017,DBA5107,Business Communication & Soft Skills Laboratory,504,MBA - Human Resource Management (Online),ONLINE,1,28,45,73,A,CT-OL,PASS,AUCDE,CBCS
20241040018,50011,DBA5101,Management Concepts & Organizational Behaviour,504,MBA - Human Resource Management (Online),ONLINE,1,29,39,68,B+,CT-OL,PASS,AUCDE,CBCS
20241040018,50012,DBA5102,Managerial Economics & Decision Making,504,MBA - Human Resource Management (Online),ONLINE,1,21,48,69,B+,CT-OL,PASS,AUCDE,CBCS
20241040018,50013,DBA5103,Statistical Methods & Quantitative Techniques,504,MBA - Human Resource Management (Online),ONLINE,1,20,57,77,A,CT-OL,PASS,AUCDE,CBCS
20241040018,50014,DBA5104,Financial & Management Accounting,504,MBA - Human Resource Management (Online),ONLINE,1,27,49,76,A,CT-OL,PASS,AUCDE,CBCS
20241040018,50015,DBA5105,Legal Aspects of Business & Corporate Ethics,504,MBA - Human Resource Management (Online),ONLINE,1,25,44,69,B+,CT-OL,PASS,AUCDE,CBCS
20241040018,50016,DBA5106,Information Management & ERP Systems,504,MBA - Human Resource Management (Online),ONLINE,1,23,50,73,A,CT-OL,PASS,AUCDE,CBCS
20241040018,50017,DBA5107,Business Communication & Soft Skills Laboratory,504,MBA - Human Resource Management (Online),ONLINE,1,23,53,76,A,CT-OL,PASS,AUCDE,CBCS
20241040019,50011,DBA5101,Management Concepts & Organizational Behaviour,504,MBA - Human Resource Management (Online),ONLINE,1,28,48,76,A,CT-OL,PASS,AUCDE,CBCS
20241040019,50012,DBA5102,Managerial Economics & Decision Making,504,MBA - Human Resource Management (Online),ONLINE,1,21,46,67,B+,CT-OL,PASS,AUCDE,CBCS
20241040019,50013,DBA5103,Statistical Methods & Quantitative Techniques,504,MBA - Human Resource Management (Online),ONLINE,1,26,44,70,A,CT-OL,PASS,AUCDE,CBCS
20241040019,50014,DBA5104,Financial & Management Accounting,504,MBA - Human Resource Management (Online),ONLINE,1,27,60,87,A+,CT-OL,PASS,AUCDE,CBCS
20241040019,50015,DBA5105,Legal Aspects of Business & Corporate Ethics,504,MBA - Human Resource Management (Online),ONLINE,1,22,63,85,A+,CT-OL,PASS,AUCDE,CBCS
20241040019,50016,DBA5106,Information Management & ERP Systems,504,MBA - Human Resource Management (Online),ONLINE,1,18,63,81,A+,CT-OL,PASS,AUCDE,CBCS
20241040019,50017,DBA5107,Business Communication & Soft Skills Laboratory,504,MBA - Human Resource Management (Online),ONLINE,1,24,38,62,B+,CT-OL,PASS,AUCDE,CBCS
20241040020,50011,DBA5101,Management Concepts & Organizational Behaviour,504,MBA - Human Resource Management (Online),ONLINE,1,,,,,CT-OL,CANCELLED,AUCDE,CBCS
20241040020,50012,DBA5102,Managerial Economics & Decision Making,504,MBA - Human Resource Management (Online),ONLINE,1,22,60,82,A+,CT-OL,PASS,AUCDE,CBCS
20241040020,50013,DBA5103,Statistical Methods & Quantitative Techniques,504,MBA - Human Resource Management (Online),ONLINE,1,20,67,87,A+,CT-OL,PASS,AUCDE,CBCS
20241040020,50014,DBA5104,Financial & Management Accounting,504,MBA - Human Resource Management (Online),ONLINE,1,22,58,80,A+,CT-OL,PASS,AUCDE,CBCS
20241040020,50015,DBA5105,Legal Aspects of Business & Corporate Ethics,504,MBA - Human Resource Management (Online),ONLINE,1,27,65,92,O,CT-OL,PASS,AUCDE,CBCS
20241040020,50016,DBA5106,Information Management & ERP Systems,504,MBA - Human Resource Management (Online),ONLINE,1,27,44,71,A,CT-OL,PASS,AUCDE,CBCS
20241040020,50017,DBA5107,Business Communication & Soft Skills Laboratory,504,MBA - Human Resource Management (Online),ONLINE,1,21,35,56,B,CT-OL,PASS,AUCDE,CBCS
20241040001,50021,DBA5201,Operations Management & Supply Chain Strategy,504,MBA - Human Resource Management (Online),ONLINE,2,29,41,70,A,END-OL,PASS,AUCDE,CBCS
20241040001,50022,DBA5202,Financial Management & Corporate Valuation,504,MBA - Human Resource Management (Online),ONLINE,2,25,51,76,A,END-OL,PASS,AUCDE,CBCS
20241040001,50023,DBA5203,Marketing Management & Digital Strategies,504,MBA - Human Resource Management (Online),ONLINE,2,24,55,79,A,END-OL,PASS,AUCDE,CBCS
20241040001,50024,DBA5204,Human Resource Management & Talent Acquisition,504,MBA - Human Resource Management (Online),ONLINE,2,26,48,74,A,END-OL,PASS,AUCDE,CBCS
20241040001,50025,DBA5205,Business Research Methods & Predictive Analytics,504,MBA - Human Resource Management (Online),ONLINE,2,22,45,67,B+,END-OL,PASS,AUCDE,CBCS
20241040002,50021,DBA5201,Operations Management & Supply Chain Strategy,504,MBA - Human Resource Management (Online),ONLINE,2,29,41,70,A,END-OL,PASS,AUCDE,CBCS
20241040002,50022,DBA5202,Financial Management & Corporate Valuation,504,MBA - Human Resource Management (Online),ONLINE,2,24,30,54,B,END-OL,PASS,AUCDE,CBCS
20241040002,50023,DBA5203,Marketing Management & Digital Strategies,504,MBA - Human Resource Management (Online),ONLINE,2,19,67,86,A+,END-OL,PASS,AUCDE,CBCS
20241040002,50024,DBA5204,Human Resource Management & Talent Acquisition,504,MBA - Human Resource Management (Online),ONLINE,2,22,64,86,A+,END-OL,PASS,AUCDE,CBCS
20241040002,50025,DBA5205,Business Research Methods & Predictive Analytics,504,MBA - Human Resource Management (Online),ONLINE,2,24,65,89,A+,END-OL,PASS,AUCDE,CBCS
20241040003,50021,DBA5201,Operations Management & Supply Chain Strategy,504,MBA - Human Resource Management (Online),ONLINE,2,18,60,78,A,END-OL,PASS,AUCDE,CBCS
20241040003,50022,DBA5202,Financial Management & Corporate Valuation,504,MBA - Human Resource Management (Online),ONLINE,2,22,57,79,A,END-OL,PASS,AUCDE,CBCS
20241040003,50023,DBA5203,Marketing Management & Digital Strategies,504,MBA - Human Resource Management (Online),ONLINE,2,22,40,62,B+,END-OL,PASS,AUCDE,CBCS
20241040003,50024,DBA5204,Human Resource Management & Talent Acquisition,504,MBA - Human Resource Management (Online),ONLINE,2,22,38,60,B+,END-OL,PASS,AUCDE,CBCS
20241040003,50025,DBA5205,Business Research Methods & Predictive Analytics,504,MBA - Human Resource Management (Online),ONLINE,2,19,35,54,B,END-OL,PASS,AUCDE,CBCS
20241040004,50021,DBA5201,Operations Management & Supply Chain Strategy,504,MBA - Human Resource Management (Online),ONLINE,2,18,35,53,B,END-OL,PASS,AUCDE,CBCS
20241040004,50022,DBA5202,Financial Management & Corporate Valuation,504,MBA - Human Resource Management (Online),ONLINE,2,25,42,67,B+,END-OL,PASS,AUCDE,CBCS
20241040004,50023,DBA5203,Marketing Management & Digital Strategies,504,MBA - Human Resource Management (Online),ONLINE,2,19,55,74,A,END-OL,PASS,AUCDE,CBCS
20241040004,50024,DBA5204,Human Resource Management & Talent Acquisition,504,MBA - Human Resource Management (Online),ONLINE,2,29,44,73,A,END-OL,PASS,AUCDE,CBCS
20241040004,50025,DBA5205,Business Research Methods & Predictive Analytics,504,MBA - Human Resource Management (Online),ONLINE,2,29,37,66,B+,END-OL,PASS,AUCDE,CBCS
20241040005,50021,DBA5201,Operations Management & Supply Chain Strategy,504,MBA - Human Resource Management (Online),ONLINE,2,23,57,80,A+,END-OL,PASS,AUCDE,CBCS
20241040005,50022,DBA5202,Financial Management & Corporate Valuation,504,MBA - Human Resource Management (Online),ONLINE,2,18,46,64,B+,END-OL,PASS,AUCDE,CBCS
20241040005,50023,DBA5203,Marketing Management & Digital Strategies,504,MBA - Human Resource Management (Online),ONLINE,2,18,51,69,B+,END-OL,PASS,AUCDE,CBCS
20241040005,50024,DBA5204,Human Resource Management & Talent Acquisition,504,MBA - Human Resource Management (Online),ONLINE,2,27,65,92,O,END-OL,PASS,AUCDE,CBCS
20241040005,50025,DBA5205,Business Research Methods & Predictive Analytics,504,MBA - Human Resource Management (Online),ONLINE,2,20,58,78,A,END-OL,PASS,AUCDE,CBCS
20241040006,50021,DBA5201,Operations Management & Supply Chain Strategy,504,MBA - Human Resource Management (Online),ONLINE,2,18,65,83,A+,END-OL,PASS,AUCDE,CBCS
20241040006,50022,DBA5202,Financial Management & Corporate Valuation,504,MBA - Human Resource Management (Online),ONLINE,2,25,32,57,B,END-OL,PASS,AUCDE,CBCS
20241040006,50023,DBA5203,Marketing Management & Digital Strategies,504,MBA - Human Resource Management (Online),ONLINE,2,23,46,69,B+,END-OL,PASS,AUCDE,CBCS
20241040006,50024,DBA5204,Human Resource Management & Talent Acquisition,504,MBA - Human Resource Management (Online),ONLINE,2,22,61,83,A+,END-OL,PASS,AUCDE,CBCS
20241040006,50025,DBA5205,Business Research Methods & Predictive Analytics,504,MBA - Human Resource Management (Online),ONLINE,2,20,56,76,A,END-OL,PASS,AUCDE,CBCS
20241040007,50021,DBA5201,Operations Management & Supply Chain Strategy,504,MBA - Human Resource Management (Online),ONLINE,2,18,58,76,A,END-OL,PASS,AUCDE,CBCS
20241040007,50022,DBA5202,Financial Management & Corporate Valuation,504,MBA - Human Resource Management (Online),ONLINE,2,20,48,68,B+,END-OL,PASS,AUCDE,CBCS
20241040007,50023,DBA5203,Marketing Management & Digital Strategies,504,MBA - Human Resource Management (Online),ONLINE,2,25,48,73,A,END-OL,PASS,AUCDE,CBCS
20241040007,50024,DBA5204,Human Resource Management & Talent Acquisition,504,MBA - Human Resource Management (Online),ONLINE,2,29,52,81,A+,END-OL,PASS,AUCDE,CBCS
20241040007,50025,DBA5205,Business Research Methods & Predictive Analytics,504,MBA - Human Resource Management (Online),ONLINE,2,23,61,84,A+,END-OL,PASS,AUCDE,CBCS
20241040008,50021,DBA5201,Operations Management & Supply Chain Strategy,504,MBA - Human Resource Management (Online),ONLINE,2,22,59,81,A+,END-OL,PASS,AUCDE,CBCS
20241040008,50022,DBA5202,Financial Management & Corporate Valuation,504,MBA - Human Resource Management (Online),ONLINE,2,19,63,82,A+,END-OL,PASS,AUCDE,CBCS
20241040008,50023,DBA5203,Marketing Management & Digital Strategies,504,MBA - Human Resource Management (Online),ONLINE,2,26,63,89,A+,END-OL,PASS,AUCDE,CBCS
20241040008,50024,DBA5204,Human Resource Management & Talent Acquisition,504,MBA - Human Resource Management (Online),ONLINE,2,29,48,77,A,END-OL,PASS,AUCDE,CBCS
20241040008,50025,DBA5205,Business Research Methods & Predictive Analytics,504,MBA - Human Resource Management (Online),ONLINE,2,27,67,94,O,END-OL,PASS,AUCDE,CBCS
20241040009,50021,DBA5201,Operations Management & Supply Chain Strategy,504,MBA - Human Resource Management (Online),ONLINE,2,28,62,90,O,END-OL,PASS,AUCDE,CBCS
20241040009,50022,DBA5202,Financial Management & Corporate Valuation,504,MBA - Human Resource Management (Online),ONLINE,2,,,,,END-OL,CANCELLED,AUCDE,CBCS
20241040009,50023,DBA5203,Marketing Management & Digital Strategies,504,MBA - Human Resource Management (Online),ONLINE,2,,,,,END-OL,CANCELLED,AUCDE,CBCS
20241040009,50024,DBA5204,Human Resource Management & Talent Acquisition,504,MBA - Human Resource Management (Online),ONLINE,2,29,43,72,A,END-OL,PASS,AUCDE,CBCS
20241040009,50025,DBA5205,Business Research Methods & Predictive Analytics,504,MBA - Human Resource Management (Online),ONLINE,2,20,41,61,B+,END-OL,PASS,AUCDE,CBCS
20241040010,50021,DBA5201,Operations Management & Supply Chain Strategy,504,MBA - Human Resource Management (Online),ONLINE,2,28,41,69,B+,END-OL,PASS,AUCDE,CBCS
20241040010,50022,DBA5202,Financial Management & Corporate Valuation,504,MBA - Human Resource Management (Online),ONLINE,2,22,51,73,A,END-OL,PASS,AUCDE,CBCS
20241040010,50023,DBA5203,Marketing Management & Digital Strategies,504,MBA - Human Resource Management (Online),ONLINE,2,26,48,74,A,END-OL,PASS,AUCDE,CBCS
20241040010,50024,DBA5204,Human Resource Management & Talent Acquisition,504,MBA - Human Resource Management (Online),ONLINE,2,25,63,88,A+,END-OL,PASS,AUCDE,CBCS
20241040010,50025,DBA5205,Business Research Methods & Predictive Analytics,504,MBA - Human Resource Management (Online),ONLINE,2,18,32,50,B,END-OL,PASS,AUCDE,CBCS
20241040011,50021,DBA5201,Operations Management & Supply Chain Strategy,504,MBA - Human Resource Management (Online),ONLINE,2,27,53,80,A+,END-OL,PASS,AUCDE,CBCS
20241040011,50022,DBA5202,Financial Management & Corporate Valuation,504,MBA - Human Resource Management (Online),ONLINE,2,27,60,87,A+,END-OL,PASS,AUCDE,CBCS
20241040011,50023,DBA5203,Marketing Management & Digital Strategies,504,MBA - Human Resource Management (Online),ONLINE,2,26,37,63,B+,END-OL,PASS,AUCDE,CBCS
20241040011,50024,DBA5204,Human Resource Management & Talent Acquisition,504,MBA - Human Resource Management (Online),ONLINE,2,23,63,86,A+,END-OL,PASS,AUCDE,CBCS
20241040011,50025,DBA5205,Business Research Methods & Predictive Analytics,504,MBA - Human Resource Management (Online),ONLINE,2,20,36,56,B,END-OL,PASS,AUCDE,CBCS
20241040012,50021,DBA5201,Operations Management & Supply Chain Strategy,504,MBA - Human Resource Management (Online),ONLINE,2,26,31,57,B,END-OL,PASS,AUCDE,CBCS
20241040012,50022,DBA5202,Financial Management & Corporate Valuation,504,MBA - Human Resource Management (Online),ONLINE,2,28,52,80,A+,END-OL,PASS,AUCDE,CBCS
20241040012,50023,DBA5203,Marketing Management & Digital Strategies,504,MBA - Human Resource Management (Online),ONLINE,2,20,55,75,A,END-OL,PASS,AUCDE,CBCS
20241040012,50024,DBA5204,Human Resource Management & Talent Acquisition,504,MBA - Human Resource Management (Online),ONLINE,2,26,32,58,B,END-OL,PASS,AUCDE,CBCS
20241040012,50025,DBA5205,Business Research Methods & Predictive Analytics,504,MBA - Human Resource Management (Online),ONLINE,2,25,65,90,O,END-OL,PASS,AUCDE,CBCS
20241040013,50021,DBA5201,Operations Management & Supply Chain Strategy,504,MBA - Human Resource Management (Online),ONLINE,2,,,,,END-OL,CANCELLED,AUCDE,CBCS
20241040013,50022,DBA5202,Financial Management & Corporate Valuation,504,MBA - Human Resource Management (Online),ONLINE,2,28,53,81,A+,END-OL,PASS,AUCDE,CBCS
20241040013,50023,DBA5203,Marketing Management & Digital Strategies,504,MBA - Human Resource Management (Online),ONLINE,2,19,48,67,B+,END-OL,PASS,AUCDE,CBCS
20241040013,50024,DBA5204,Human Resource Management & Talent Acquisition,504,MBA - Human Resource Management (Online),ONLINE,2,23,65,88,A+,END-OL,PASS,AUCDE,CBCS
20241040013,50025,DBA5205,Business Research Methods & Predictive Analytics,504,MBA - Human Resource Management (Online),ONLINE,2,21,62,83,A+,END-OL,PASS,AUCDE,CBCS
20241040014,50021,DBA5201,Operations Management & Supply Chain Strategy,504,MBA - Human Resource Management (Online),ONLINE,2,29,61,90,O,END-OL,PASS,AUCDE,CBCS
20241040014,50022,DBA5202,Financial Management & Corporate Valuation,504,MBA - Human Resource Management (Online),ONLINE,2,28,35,63,B+,END-OL,PASS,AUCDE,CBCS
20241040014,50023,DBA5203,Marketing Management & Digital Strategies,504,MBA - Human Resource Management (Online),ONLINE,2,27,31,58,B,END-OL,PASS,AUCDE,CBCS
20241040014,50024,DBA5204,Human Resource Management & Talent Acquisition,504,MBA - Human Resource Management (Online),ONLINE,2,28,37,65,B+,END-OL,PASS,AUCDE,CBCS
20241040014,50025,DBA5205,Business Research Methods & Predictive Analytics,504,MBA - Human Resource Management (Online),ONLINE,2,22,38,60,B+,END-OL,PASS,AUCDE,CBCS
20241040015,50021,DBA5201,Operations Management & Supply Chain Strategy,504,MBA - Human Resource Management (Online),ONLINE,2,21,66,87,A+,END-OL,PASS,AUCDE,CBCS
20241040015,50022,DBA5202,Financial Management & Corporate Valuation,504,MBA - Human Resource Management (Online),ONLINE,2,18,59,77,A,END-OL,PASS,AUCDE,CBCS
20241040015,50023,DBA5203,Marketing Management & Digital Strategies,504,MBA - Human Resource Management (Online),ONLINE,2,27,55,82,A+,END-OL,PASS,AUCDE,CBCS
20241040015,50024,DBA5204,Human Resource Management & Talent Acquisition,504,MBA - Human Resource Management (Online),ONLINE,2,21,33,54,B,END-OL,PASS,AUCDE,CBCS
20241040015,50025,DBA5205,Business Research Methods & Predictive Analytics,504,MBA - Human Resource Management (Online),ONLINE,2,25,64,89,A+,END-OL,PASS,AUCDE,CBCS
20241040016,50021,DBA5201,Operations Management & Supply Chain Strategy,504,MBA - Human Resource Management (Online),ONLINE,2,20,52,72,A,END-OL,PASS,AUCDE,CBCS
20241040016,50022,DBA5202,Financial Management & Corporate Valuation,504,MBA - Human Resource Management (Online),ONLINE,2,,,,,END-OL,CANCELLED,AUCDE,CBCS
20241040016,50023,DBA5203,Marketing Management & Digital Strategies,504,MBA - Human Resource Management (Online),ONLINE,2,19,52,71,A,END-OL,PASS,AUCDE,CBCS
20241040016,50024,DBA5204,Human Resource Management & Talent Acquisition,504,MBA - Human Resource Management (Online),ONLINE,2,27,47,74,A,END-OL,PASS,AUCDE,CBCS
20241040016,50025,DBA5205,Business Research Methods & Predictive Analytics,504,MBA - Human Resource Management (Online),ONLINE,2,24,51,75,A,END-OL,PASS,AUCDE,CBCS
20241040017,50021,DBA5201,Operations Management & Supply Chain Strategy,504,MBA - Human Resource Management (Online),ONLINE,2,18,66,84,A+,END-OL,PASS,AUCDE,CBCS
20241040017,50022,DBA5202,Financial Management & Corporate Valuation,504,MBA - Human Resource Management (Online),ONLINE,2,27,56,83,A+,END-OL,PASS,AUCDE,CBCS
20241040017,50023,DBA5203,Marketing Management & Digital Strategies,504,MBA - Human Resource Management (Online),ONLINE,2,27,50,77,A,END-OL,PASS,AUCDE,CBCS
20241040017,50024,DBA5204,Human Resource Management & Talent Acquisition,504,MBA - Human Resource Management (Online),ONLINE,2,28,67,95,O,END-OL,PASS,AUCDE,CBCS
20241040017,50025,DBA5205,Business Research Methods & Predictive Analytics,504,MBA - Human Resource Management (Online),ONLINE,2,26,55,81,A+,END-OL,PASS,AUCDE,CBCS
20241040018,50021,DBA5201,Operations Management & Supply Chain Strategy,504,MBA - Human Resource Management (Online),ONLINE,2,28,67,95,O,END-OL,PASS,AUCDE,CBCS
20241040018,50022,DBA5202,Financial Management & Corporate Valuation,504,MBA - Human Resource Management (Online),ONLINE,2,20,46,66,B+,END-OL,PASS,AUCDE,CBCS
20241040018,50023,DBA5203,Marketing Management & Digital Strategies,504,MBA - Human Resource Management (Online),ONLINE,2,20,31,51,B,END-OL,PASS,AUCDE,CBCS
20241040018,50024,DBA5204,Human Resource Management & Talent Acquisition,504,MBA - Human Resource Management (Online),ONLINE,2,27,65,92,O,END-OL,PASS,AUCDE,CBCS
20241040018,50025,DBA5205,Business Research Methods & Predictive Analytics,504,MBA - Human Resource Management (Online),ONLINE,2,19,65,84,A+,END-OL,PASS,AUCDE,CBCS
20241040019,50021,DBA5201,Operations Management & Supply Chain Strategy,504,MBA - Human Resource Management (Online),ONLINE,2,20,59,79,A,END-OL,PASS,AUCDE,CBCS
20241040019,50022,DBA5202,Financial Management & Corporate Valuation,504,MBA - Human Resource Management (Online),ONLINE,2,25,45,70,A,END-OL,PASS,AUCDE,CBCS
20241040019,50023,DBA5203,Marketing Management & Digital Strategies,504,MBA - Human Resource Management (Online),ONLINE,2,24,66,90,O,END-OL,PASS,AUCDE,CBCS
20241040019,50024,DBA5204,Human Resource Management & Talent Acquisition,504,MBA - Human Resource Management (Online),ONLINE,2,22,43,65,B+,END-OL,PASS,AUCDE,CBCS
20241040019,50025,DBA5205,Business Research Methods & Predictive Analytics,504,MBA - Human Resource Management (Online),ONLINE,2,19,41,60,B+,END-OL,PASS,AUCDE,CBCS
20241040020,50021,DBA5201,Operations Management & Supply Chain Strategy,504,MBA - Human Resource Management (Online),ONLINE,2,18,56,74,A,END-OL,PASS,AUCDE,CBCS
20241040020,50022,DBA5202,Financial Management & Corporate Valuation,504,MBA - Human Resource Management (Online),ONLINE,2,21,35,56,B,END-OL,PASS,AUCDE,CBCS
20241040020,50023,DBA5203,Marketing Management & Digital Strategies,504,MBA - Human Resource Management (Online),ONLINE,2,22,33,55,B,END-OL,PASS,AUCDE,CBCS
20241040020,50024,DBA5204,Human Resource Management & Talent Acquisition,504,MBA - Human Resource Management (Online),ONLINE,2,23,44,67,B+,END-OL,PASS,AUCDE,CBCS
20241040020,50025,DBA5205,Business Research Methods & Predictive Analytics,504,MBA - Human Resource Management (Online),ONLINE,2,21,39,60,B+,END-OL,PASS,AUCDE,CBCS
20241050001,50011,DBA5101,Management Concepts & Organizational Behaviour,505,MBA - Marketing Management (Online),ONLINE,1,23,42,65,B+,CT-OL,PASS,AUCDE,CBCS
20241050001,50012,DBA5102,Managerial Economics & Decision Making,505,MBA - Marketing Management (Online),ONLINE,1,20,64,84,A+,CT-OL,PASS,AUCDE,CBCS
20241050001,50013,DBA5103,Statistical Methods & Quantitative Techniques,505,MBA - Marketing Management (Online),ONLINE,1,19,51,70,A,CT-OL,PASS,AUCDE,CBCS
20241050001,50014,DBA5104,Financial & Management Accounting,505,MBA - Marketing Management (Online),ONLINE,1,,,,,CT-OL,CANCELLED,AUCDE,CBCS
20241050001,50015,DBA5105,Legal Aspects of Business & Corporate Ethics,505,MBA - Marketing Management (Online),ONLINE,1,20,53,73,A,CT-OL,PASS,AUCDE,CBCS
20241050001,50016,DBA5106,Information Management & ERP Systems,505,MBA - Marketing Management (Online),ONLINE,1,18,39,57,B,CT-OL,PASS,AUCDE,CBCS
20241050001,50017,DBA5107,Business Communication & Soft Skills Laboratory,505,MBA - Marketing Management (Online),ONLINE,1,22,48,70,A,CT-OL,PASS,AUCDE,CBCS
20241050002,50011,DBA5101,Management Concepts & Organizational Behaviour,505,MBA - Marketing Management (Online),ONLINE,1,27,31,58,B,CT-OL,PASS,AUCDE,CBCS
20241050002,50012,DBA5102,Managerial Economics & Decision Making,505,MBA - Marketing Management (Online),ONLINE,1,21,58,79,A,CT-OL,PASS,AUCDE,CBCS
20241050002,50013,DBA5103,Statistical Methods & Quantitative Techniques,505,MBA - Marketing Management (Online),ONLINE,1,23,58,81,A+,CT-OL,PASS,AUCDE,CBCS
20241050002,50014,DBA5104,Financial & Management Accounting,505,MBA - Marketing Management (Online),ONLINE,1,27,62,89,A+,CT-OL,PASS,AUCDE,CBCS
20241050002,50015,DBA5105,Legal Aspects of Business & Corporate Ethics,505,MBA - Marketing Management (Online),ONLINE,1,24,55,79,A,CT-OL,PASS,AUCDE,CBCS
20241050002,50016,DBA5106,Information Management & ERP Systems,505,MBA - Marketing Management (Online),ONLINE,1,28,44,72,A,CT-OL,PASS,AUCDE,CBCS
20241050002,50017,DBA5107,Business Communication & Soft Skills Laboratory,505,MBA - Marketing Management (Online),ONLINE,1,23,30,53,B,CT-OL,PASS,AUCDE,CBCS
20241050003,50011,DBA5101,Management Concepts & Organizational Behaviour,505,MBA - Marketing Management (Online),ONLINE,1,25,30,55,B,CT-OL,PASS,AUCDE,CBCS
20241050003,50012,DBA5102,Managerial Economics & Decision Making,505,MBA - Marketing Management (Online),ONLINE,1,,,,,CT-OL,CANCELLED,AUCDE,CBCS
20241050003,50013,DBA5103,Statistical Methods & Quantitative Techniques,505,MBA - Marketing Management (Online),ONLINE,1,18,39,57,B,CT-OL,PASS,AUCDE,CBCS
20241050003,50014,DBA5104,Financial & Management Accounting,505,MBA - Marketing Management (Online),ONLINE,1,20,33,53,B,CT-OL,PASS,AUCDE,CBCS
20241050003,50015,DBA5105,Legal Aspects of Business & Corporate Ethics,505,MBA - Marketing Management (Online),ONLINE,1,18,59,77,A,CT-OL,PASS,AUCDE,CBCS
20241050003,50016,DBA5106,Information Management & ERP Systems,505,MBA - Marketing Management (Online),ONLINE,1,26,31,57,B,CT-OL,PASS,AUCDE,CBCS
20241050003,50017,DBA5107,Business Communication & Soft Skills Laboratory,505,MBA - Marketing Management (Online),ONLINE,1,29,41,70,A,CT-OL,PASS,AUCDE,CBCS
20241050004,50011,DBA5101,Management Concepts & Organizational Behaviour,505,MBA - Marketing Management (Online),ONLINE,1,18,61,79,A,CT-OL,PASS,AUCDE,CBCS
20241050004,50012,DBA5102,Managerial Economics & Decision Making,505,MBA - Marketing Management (Online),ONLINE,1,24,42,66,B+,CT-OL,PASS,AUCDE,CBCS
20241050004,50013,DBA5103,Statistical Methods & Quantitative Techniques,505,MBA - Marketing Management (Online),ONLINE,1,28,63,91,O,CT-OL,PASS,AUCDE,CBCS
20241050004,50014,DBA5104,Financial & Management Accounting,505,MBA - Marketing Management (Online),ONLINE,1,28,65,93,O,CT-OL,PASS,AUCDE,CBCS
20241050004,50015,DBA5105,Legal Aspects of Business & Corporate Ethics,505,MBA - Marketing Management (Online),ONLINE,1,19,47,66,B+,CT-OL,PASS,AUCDE,CBCS
20241050004,50016,DBA5106,Information Management & ERP Systems,505,MBA - Marketing Management (Online),ONLINE,1,22,48,70,A,CT-OL,PASS,AUCDE,CBCS
20241050004,50017,DBA5107,Business Communication & Soft Skills Laboratory,505,MBA - Marketing Management (Online),ONLINE,1,20,53,73,A,CT-OL,PASS,AUCDE,CBCS
20241050005,50011,DBA5101,Management Concepts & Organizational Behaviour,505,MBA - Marketing Management (Online),ONLINE,1,19,53,72,A,CT-OL,PASS,AUCDE,CBCS
20241050005,50012,DBA5102,Managerial Economics & Decision Making,505,MBA - Marketing Management (Online),ONLINE,1,21,33,54,B,CT-OL,PASS,AUCDE,CBCS
20241050005,50013,DBA5103,Statistical Methods & Quantitative Techniques,505,MBA - Marketing Management (Online),ONLINE,1,18,64,82,A+,CT-OL,PASS,AUCDE,CBCS
20241050005,50014,DBA5104,Financial & Management Accounting,505,MBA - Marketing Management (Online),ONLINE,1,21,51,72,A,CT-OL,PASS,AUCDE,CBCS
20241050005,50015,DBA5105,Legal Aspects of Business & Corporate Ethics,505,MBA - Marketing Management (Online),ONLINE,1,28,49,77,A,CT-OL,PASS,AUCDE,CBCS
20241050005,50016,DBA5106,Information Management & ERP Systems,505,MBA - Marketing Management (Online),ONLINE,1,23,66,89,A+,CT-OL,PASS,AUCDE,CBCS
20241050005,50017,DBA5107,Business Communication & Soft Skills Laboratory,505,MBA - Marketing Management (Online),ONLINE,1,23,56,79,A,CT-OL,PASS,AUCDE,CBCS
20241050006,50011,DBA5101,Management Concepts & Organizational Behaviour,505,MBA - Marketing Management (Online),ONLINE,1,29,48,77,A,CT-OL,PASS,AUCDE,CBCS
20241050006,50012,DBA5102,Managerial Economics & Decision Making,505,MBA - Marketing Management (Online),ONLINE,1,18,37,55,B,CT-OL,PASS,AUCDE,CBCS
20241050006,50013,DBA5103,Statistical Methods & Quantitative Techniques,505,MBA - Marketing Management (Online),ONLINE,1,22,31,53,B,CT-OL,PASS,AUCDE,CBCS
20241050006,50014,DBA5104,Financial & Management Accounting,505,MBA - Marketing Management (Online),ONLINE,1,18,42,60,B+,CT-OL,PASS,AUCDE,CBCS
20241050006,50015,DBA5105,Legal Aspects of Business & Corporate Ethics,505,MBA - Marketing Management (Online),ONLINE,1,25,57,82,A+,CT-OL,PASS,AUCDE,CBCS
20241050006,50016,DBA5106,Information Management & ERP Systems,505,MBA - Marketing Management (Online),ONLINE,1,28,55,83,A+,CT-OL,PASS,AUCDE,CBCS
20241050006,50017,DBA5107,Business Communication & Soft Skills Laboratory,505,MBA - Marketing Management (Online),ONLINE,1,22,62,84,A+,CT-OL,PASS,AUCDE,CBCS
20241050007,50011,DBA5101,Management Concepts & Organizational Behaviour,505,MBA - Marketing Management (Online),ONLINE,1,28,42,70,A,CT-OL,PASS,AUCDE,CBCS
20241050007,50012,DBA5102,Managerial Economics & Decision Making,505,MBA - Marketing Management (Online),ONLINE,1,19,41,60,B+,CT-OL,PASS,AUCDE,CBCS
20241050007,50013,DBA5103,Statistical Methods & Quantitative Techniques,505,MBA - Marketing Management (Online),ONLINE,1,26,37,63,B+,CT-OL,PASS,AUCDE,CBCS
20241050007,50014,DBA5104,Financial & Management Accounting,505,MBA - Marketing Management (Online),ONLINE,1,18,49,67,B+,CT-OL,PASS,AUCDE,CBCS
20241050007,50015,DBA5105,Legal Aspects of Business & Corporate Ethics,505,MBA - Marketing Management (Online),ONLINE,1,,,,,CT-OL,CANCELLED,AUCDE,CBCS
20241050007,50016,DBA5106,Information Management & ERP Systems,505,MBA - Marketing Management (Online),ONLINE,1,24,52,76,A,CT-OL,PASS,AUCDE,CBCS
20241050007,50017,DBA5107,Business Communication & Soft Skills Laboratory,505,MBA - Marketing Management (Online),ONLINE,1,26,38,64,B+,CT-OL,PASS,AUCDE,CBCS
20241050008,50011,DBA5101,Management Concepts & Organizational Behaviour,505,MBA - Marketing Management (Online),ONLINE,1,19,66,85,A+,CT-OL,PASS,AUCDE,CBCS
20241050008,50012,DBA5102,Managerial Economics & Decision Making,505,MBA - Marketing Management (Online),ONLINE,1,23,58,81,A+,CT-OL,PASS,AUCDE,CBCS
20241050008,50013,DBA5103,Statistical Methods & Quantitative Techniques,505,MBA - Marketing Management (Online),ONLINE,1,21,44,65,B+,CT-OL,PASS,AUCDE,CBCS
20241050008,50014,DBA5104,Financial & Management Accounting,505,MBA - Marketing Management (Online),ONLINE,1,19,46,65,B+,CT-OL,PASS,AUCDE,CBCS
20241050008,50015,DBA5105,Legal Aspects of Business & Corporate Ethics,505,MBA - Marketing Management (Online),ONLINE,1,19,67,86,A+,CT-OL,PASS,AUCDE,CBCS
20241050008,50016,DBA5106,Information Management & ERP Systems,505,MBA - Marketing Management (Online),ONLINE,1,29,34,63,B+,CT-OL,PASS,AUCDE,CBCS
20241050008,50017,DBA5107,Business Communication & Soft Skills Laboratory,505,MBA - Marketing Management (Online),ONLINE,1,23,54,77,A,CT-OL,PASS,AUCDE,CBCS
20241050009,50011,DBA5101,Management Concepts & Organizational Behaviour,505,MBA - Marketing Management (Online),ONLINE,1,18,30,48,C,CT-OL,PASS,AUCDE,CBCS
20241050009,50012,DBA5102,Managerial Economics & Decision Making,505,MBA - Marketing Management (Online),ONLINE,1,29,41,70,A,CT-OL,PASS,AUCDE,CBCS
20241050009,50013,DBA5103,Statistical Methods & Quantitative Techniques,505,MBA - Marketing Management (Online),ONLINE,1,18,35,53,B,CT-OL,PASS,AUCDE,CBCS
20241050009,50014,DBA5104,Financial & Management Accounting,505,MBA - Marketing Management (Online),ONLINE,1,23,35,58,B,CT-OL,PASS,AUCDE,CBCS
20241050009,50015,DBA5105,Legal Aspects of Business & Corporate Ethics,505,MBA - Marketing Management (Online),ONLINE,1,24,53,77,A,CT-OL,PASS,AUCDE,CBCS
20241050009,50016,DBA5106,Information Management & ERP Systems,505,MBA - Marketing Management (Online),ONLINE,1,20,43,63,B+,CT-OL,PASS,AUCDE,CBCS
20241050009,50017,DBA5107,Business Communication & Soft Skills Laboratory,505,MBA - Marketing Management (Online),ONLINE,1,25,56,81,A+,CT-OL,PASS,AUCDE,CBCS
20241050010,50011,DBA5101,Management Concepts & Organizational Behaviour,505,MBA - Marketing Management (Online),ONLINE,1,20,54,74,A,CT-OL,PASS,AUCDE,CBCS
20241050010,50012,DBA5102,Managerial Economics & Decision Making,505,MBA - Marketing Management (Online),ONLINE,1,23,65,88,A+,CT-OL,PASS,AUCDE,CBCS
20241050010,50013,DBA5103,Statistical Methods & Quantitative Techniques,505,MBA - Marketing Management (Online),ONLINE,1,22,49,71,A,CT-OL,PASS,AUCDE,CBCS
20241050010,50014,DBA5104,Financial & Management Accounting,505,MBA - Marketing Management (Online),ONLINE,1,25,37,62,B+,CT-OL,PASS,AUCDE,CBCS
20241050010,50015,DBA5105,Legal Aspects of Business & Corporate Ethics,505,MBA - Marketing Management (Online),ONLINE,1,21,43,64,B+,CT-OL,PASS,AUCDE,CBCS
20241050010,50016,DBA5106,Information Management & ERP Systems,505,MBA - Marketing Management (Online),ONLINE,1,26,43,69,B+,CT-OL,PASS,AUCDE,CBCS
20241050010,50017,DBA5107,Business Communication & Soft Skills Laboratory,505,MBA - Marketing Management (Online),ONLINE,1,27,62,89,A+,CT-OL,PASS,AUCDE,CBCS
20241050011,50011,DBA5101,Management Concepts & Organizational Behaviour,505,MBA - Marketing Management (Online),ONLINE,1,26,55,81,A+,CT-OL,PASS,AUCDE,CBCS
20241050011,50012,DBA5102,Managerial Economics & Decision Making,505,MBA - Marketing Management (Online),ONLINE,1,21,67,88,A+,CT-OL,PASS,AUCDE,CBCS
20241050011,50013,DBA5103,Statistical Methods & Quantitative Techniques,505,MBA - Marketing Management (Online),ONLINE,1,25,62,87,A+,CT-OL,PASS,AUCDE,CBCS
20241050011,50014,DBA5104,Financial & Management Accounting,505,MBA - Marketing Management (Online),ONLINE,1,24,35,59,B,CT-OL,PASS,AUCDE,CBCS
20241050011,50015,DBA5105,Legal Aspects of Business & Corporate Ethics,505,MBA - Marketing Management (Online),ONLINE,1,25,49,74,A,CT-OL,PASS,AUCDE,CBCS
20241050011,50016,DBA5106,Information Management & ERP Systems,505,MBA - Marketing Management (Online),ONLINE,1,19,60,79,A,CT-OL,PASS,AUCDE,CBCS
20241050011,50017,DBA5107,Business Communication & Soft Skills Laboratory,505,MBA - Marketing Management (Online),ONLINE,1,20,53,73,A,CT-OL,PASS,AUCDE,CBCS
20241050012,50011,DBA5101,Management Concepts & Organizational Behaviour,505,MBA - Marketing Management (Online),ONLINE,1,18,50,68,B+,CT-OL,PASS,AUCDE,CBCS
20241050012,50012,DBA5102,Managerial Economics & Decision Making,505,MBA - Marketing Management (Online),ONLINE,1,20,52,72,A,CT-OL,PASS,AUCDE,CBCS
20241050012,50013,DBA5103,Statistical Methods & Quantitative Techniques,505,MBA - Marketing Management (Online),ONLINE,1,22,65,87,A+,CT-OL,PASS,AUCDE,CBCS
20241050012,50014,DBA5104,Financial & Management Accounting,505,MBA - Marketing Management (Online),ONLINE,1,25,49,74,A,CT-OL,PASS,AUCDE,CBCS
20241050012,50015,DBA5105,Legal Aspects of Business & Corporate Ethics,505,MBA - Marketing Management (Online),ONLINE,1,24,34,58,B,CT-OL,PASS,AUCDE,CBCS
20241050012,50016,DBA5106,Information Management & ERP Systems,505,MBA - Marketing Management (Online),ONLINE,1,22,31,53,B,CT-OL,PASS,AUCDE,CBCS
20241050012,50017,DBA5107,Business Communication & Soft Skills Laboratory,505,MBA - Marketing Management (Online),ONLINE,1,27,52,79,A,CT-OL,PASS,AUCDE,CBCS
20241050013,50011,DBA5101,Management Concepts & Organizational Behaviour,505,MBA - Marketing Management (Online),ONLINE,1,20,30,50,B,CT-OL,PASS,AUCDE,CBCS
20241050013,50012,DBA5102,Managerial Economics & Decision Making,505,MBA - Marketing Management (Online),ONLINE,1,29,36,65,B+,CT-OL,PASS,AUCDE,CBCS
20241050013,50013,DBA5103,Statistical Methods & Quantitative Techniques,505,MBA - Marketing Management (Online),ONLINE,1,24,66,90,O,CT-OL,PASS,AUCDE,CBCS
20241050013,50014,DBA5104,Financial & Management Accounting,505,MBA - Marketing Management (Online),ONLINE,1,23,62,85,A+,CT-OL,PASS,AUCDE,CBCS
20241050013,50015,DBA5105,Legal Aspects of Business & Corporate Ethics,505,MBA - Marketing Management (Online),ONLINE,1,24,44,68,B+,CT-OL,PASS,AUCDE,CBCS
20241050013,50016,DBA5106,Information Management & ERP Systems,505,MBA - Marketing Management (Online),ONLINE,1,20,49,69,B+,CT-OL,PASS,AUCDE,CBCS
20241050013,50017,DBA5107,Business Communication & Soft Skills Laboratory,505,MBA - Marketing Management (Online),ONLINE,1,27,32,59,B,CT-OL,PASS,AUCDE,CBCS
20241050014,50011,DBA5101,Management Concepts & Organizational Behaviour,505,MBA - Marketing Management (Online),ONLINE,1,28,31,59,B,CT-OL,PASS,AUCDE,CBCS
20241050014,50012,DBA5102,Managerial Economics & Decision Making,505,MBA - Marketing Management (Online),ONLINE,1,28,64,92,O,CT-OL,PASS,AUCDE,CBCS
20241050014,50013,DBA5103,Statistical Methods & Quantitative Techniques,505,MBA - Marketing Management (Online),ONLINE,1,22,47,69,B+,CT-OL,PASS,AUCDE,CBCS
20241050014,50014,DBA5104,Financial & Management Accounting,505,MBA - Marketing Management (Online),ONLINE,1,22,62,84,A+,CT-OL,PASS,AUCDE,CBCS
20241050014,50015,DBA5105,Legal Aspects of Business & Corporate Ethics,505,MBA - Marketing Management (Online),ONLINE,1,23,42,65,B+,CT-OL,PASS,AUCDE,CBCS
20241050014,50016,DBA5106,Information Management & ERP Systems,505,MBA - Marketing Management (Online),ONLINE,1,,,,,CT-OL,CANCELLED,AUCDE,CBCS
20241050014,50017,DBA5107,Business Communication & Soft Skills Laboratory,505,MBA - Marketing Management (Online),ONLINE,1,19,48,67,B+,CT-OL,PASS,AUCDE,CBCS
20241050015,50011,DBA5101,Management Concepts & Organizational Behaviour,505,MBA - Marketing Management (Online),ONLINE,1,20,52,72,A,CT-OL,PASS,AUCDE,CBCS
20241050015,50012,DBA5102,Managerial Economics & Decision Making,505,MBA - Marketing Management (Online),ONLINE,1,21,53,74,A,CT-OL,PASS,AUCDE,CBCS
20241050015,50013,DBA5103,Statistical Methods & Quantitative Techniques,505,MBA - Marketing Management (Online),ONLINE,1,29,54,83,A+,CT-OL,PASS,AUCDE,CBCS
20241050015,50014,DBA5104,Financial & Management Accounting,505,MBA - Marketing Management (Online),ONLINE,1,18,44,62,B+,CT-OL,PASS,AUCDE,CBCS
20241050015,50015,DBA5105,Legal Aspects of Business & Corporate Ethics,505,MBA - Marketing Management (Online),ONLINE,1,28,59,87,A+,CT-OL,PASS,AUCDE,CBCS
20241050015,50016,DBA5106,Information Management & ERP Systems,505,MBA - Marketing Management (Online),ONLINE,1,18,65,83,A+,CT-OL,PASS,AUCDE,CBCS
20241050015,50017,DBA5107,Business Communication & Soft Skills Laboratory,505,MBA - Marketing Management (Online),ONLINE,1,22,55,77,A,CT-OL,PASS,AUCDE,CBCS
20241050016,50011,DBA5101,Management Concepts & Organizational Behaviour,505,MBA - Marketing Management (Online),ONLINE,1,19,45,64,B+,CT-OL,PASS,AUCDE,CBCS
20241050016,50012,DBA5102,Managerial Economics & Decision Making,505,MBA - Marketing Management (Online),ONLINE,1,21,56,77,A,CT-OL,PASS,AUCDE,CBCS
20241050016,50013,DBA5103,Statistical Methods & Quantitative Techniques,505,MBA - Marketing Management (Online),ONLINE,1,25,42,67,B+,CT-OL,PASS,AUCDE,CBCS
20241050016,50014,DBA5104,Financial & Management Accounting,505,MBA - Marketing Management (Online),ONLINE,1,19,65,84,A+,CT-OL,PASS,AUCDE,CBCS
20241050016,50015,DBA5105,Legal Aspects of Business & Corporate Ethics,505,MBA - Marketing Management (Online),ONLINE,1,20,38,58,B,CT-OL,PASS,AUCDE,CBCS
20241050016,50016,DBA5106,Information Management & ERP Systems,505,MBA - Marketing Management (Online),ONLINE,1,22,36,58,B,CT-OL,PASS,AUCDE,CBCS
20241050016,50017,DBA5107,Business Communication & Soft Skills Laboratory,505,MBA - Marketing Management (Online),ONLINE,1,26,31,57,B,CT-OL,PASS,AUCDE,CBCS
20241050017,50011,DBA5101,Management Concepts & Organizational Behaviour,505,MBA - Marketing Management (Online),ONLINE,1,26,41,67,B+,CT-OL,PASS,AUCDE,CBCS
20241050017,50012,DBA5102,Managerial Economics & Decision Making,505,MBA - Marketing Management (Online),ONLINE,1,29,47,76,A,CT-OL,PASS,AUCDE,CBCS
20241050017,50013,DBA5103,Statistical Methods & Quantitative Techniques,505,MBA - Marketing Management (Online),ONLINE,1,20,64,84,A+,CT-OL,PASS,AUCDE,CBCS
20241050017,50014,DBA5104,Financial & Management Accounting,505,MBA - Marketing Management (Online),ONLINE,1,28,41,69,B+,CT-OL,PASS,AUCDE,CBCS
20241050017,50015,DBA5105,Legal Aspects of Business & Corporate Ethics,505,MBA - Marketing Management (Online),ONLINE,1,25,33,58,B,CT-OL,PASS,AUCDE,CBCS
20241050017,50016,DBA5106,Information Management & ERP Systems,505,MBA - Marketing Management (Online),ONLINE,1,27,32,59,B,CT-OL,PASS,AUCDE,CBCS
20241050017,50017,DBA5107,Business Communication & Soft Skills Laboratory,505,MBA - Marketing Management (Online),ONLINE,1,27,52,79,A,CT-OL,PASS,AUCDE,CBCS
20241050018,50011,DBA5101,Management Concepts & Organizational Behaviour,505,MBA - Marketing Management (Online),ONLINE,1,28,49,77,A,CT-OL,PASS,AUCDE,CBCS
20241050018,50012,DBA5102,Managerial Economics & Decision Making,505,MBA - Marketing Management (Online),ONLINE,1,25,56,81,A+,CT-OL,PASS,AUCDE,CBCS
20241050018,50013,DBA5103,Statistical Methods & Quantitative Techniques,505,MBA - Marketing Management (Online),ONLINE,1,19,31,50,B,CT-OL,PASS,AUCDE,CBCS
20241050018,50014,DBA5104,Financial & Management Accounting,505,MBA - Marketing Management (Online),ONLINE,1,27,34,61,B+,CT-OL,PASS,AUCDE,CBCS
20241050018,50015,DBA5105,Legal Aspects of Business & Corporate Ethics,505,MBA - Marketing Management (Online),ONLINE,1,29,53,82,A+,CT-OL,PASS,AUCDE,CBCS
20241050018,50016,DBA5106,Information Management & ERP Systems,505,MBA - Marketing Management (Online),ONLINE,1,25,51,76,A,CT-OL,PASS,AUCDE,CBCS
20241050018,50017,DBA5107,Business Communication & Soft Skills Laboratory,505,MBA - Marketing Management (Online),ONLINE,1,20,41,61,B+,CT-OL,PASS,AUCDE,CBCS
20241050019,50011,DBA5101,Management Concepts & Organizational Behaviour,505,MBA - Marketing Management (Online),ONLINE,1,20,33,53,B,CT-OL,PASS,AUCDE,CBCS
20241050019,50012,DBA5102,Managerial Economics & Decision Making,505,MBA - Marketing Management (Online),ONLINE,1,29,67,96,O,CT-OL,PASS,AUCDE,CBCS
20241050019,50013,DBA5103,Statistical Methods & Quantitative Techniques,505,MBA - Marketing Management (Online),ONLINE,1,26,63,89,A+,CT-OL,PASS,AUCDE,CBCS
20241050019,50014,DBA5104,Financial & Management Accounting,505,MBA - Marketing Management (Online),ONLINE,1,19,57,76,A,CT-OL,PASS,AUCDE,CBCS
20241050019,50015,DBA5105,Legal Aspects of Business & Corporate Ethics,505,MBA - Marketing Management (Online),ONLINE,1,26,51,77,A,CT-OL,PASS,AUCDE,CBCS
20241050019,50016,DBA5106,Information Management & ERP Systems,505,MBA - Marketing Management (Online),ONLINE,1,19,65,84,A+,CT-OL,PASS,AUCDE,CBCS
20241050019,50017,DBA5107,Business Communication & Soft Skills Laboratory,505,MBA - Marketing Management (Online),ONLINE,1,24,62,86,A+,CT-OL,PASS,AUCDE,CBCS
20241050020,50011,DBA5101,Management Concepts & Organizational Behaviour,505,MBA - Marketing Management (Online),ONLINE,1,21,41,62,B+,CT-OL,PASS,AUCDE,CBCS
20241050020,50012,DBA5102,Managerial Economics & Decision Making,505,MBA - Marketing Management (Online),ONLINE,1,28,36,64,B+,CT-OL,PASS,AUCDE,CBCS
20241050020,50013,DBA5103,Statistical Methods & Quantitative Techniques,505,MBA - Marketing Management (Online),ONLINE,1,26,52,78,A,CT-OL,PASS,AUCDE,CBCS
20241050020,50014,DBA5104,Financial & Management Accounting,505,MBA - Marketing Management (Online),ONLINE,1,24,48,72,A,CT-OL,PASS,AUCDE,CBCS
20241050020,50015,DBA5105,Legal Aspects of Business & Corporate Ethics,505,MBA - Marketing Management (Online),ONLINE,1,,,,,CT-OL,CANCELLED,AUCDE,CBCS
20241050020,50016,DBA5106,Information Management & ERP Systems,505,MBA - Marketing Management (Online),ONLINE,1,29,49,78,A,CT-OL,PASS,AUCDE,CBCS
20241050020,50017,DBA5107,Business Communication & Soft Skills Laboratory,505,MBA - Marketing Management (Online),ONLINE,1,20,62,82,A+,CT-OL,PASS,AUCDE,CBCS
20241050001,50021,DBA5201,Operations Management & Supply Chain Strategy,505,MBA - Marketing Management (Online),ONLINE,2,19,37,56,B,END-OL,PASS,AUCDE,CBCS
20241050001,50022,DBA5202,Financial Management & Corporate Valuation,505,MBA - Marketing Management (Online),ONLINE,2,19,64,83,A+,END-OL,PASS,AUCDE,CBCS
20241050001,50023,DBA5203,Marketing Management & Digital Strategies,505,MBA - Marketing Management (Online),ONLINE,2,29,42,71,A,END-OL,PASS,AUCDE,CBCS
20241050001,50024,DBA5204,Human Resource Management & Talent Acquisition,505,MBA - Marketing Management (Online),ONLINE,2,19,62,81,A+,END-OL,PASS,AUCDE,CBCS
20241050001,50025,DBA5205,Business Research Methods & Predictive Analytics,505,MBA - Marketing Management (Online),ONLINE,2,26,37,63,B+,END-OL,PASS,AUCDE,CBCS
20241050002,50021,DBA5201,Operations Management & Supply Chain Strategy,505,MBA - Marketing Management (Online),ONLINE,2,28,40,68,B+,END-OL,PASS,AUCDE,CBCS
20241050002,50022,DBA5202,Financial Management & Corporate Valuation,505,MBA - Marketing Management (Online),ONLINE,2,19,38,57,B,END-OL,PASS,AUCDE,CBCS
20241050002,50023,DBA5203,Marketing Management & Digital Strategies,505,MBA - Marketing Management (Online),ONLINE,2,22,40,62,B+,END-OL,PASS,AUCDE,CBCS
20241050002,50024,DBA5204,Human Resource Management & Talent Acquisition,505,MBA - Marketing Management (Online),ONLINE,2,26,30,56,B,END-OL,PASS,AUCDE,CBCS
20241050002,50025,DBA5205,Business Research Methods & Predictive Analytics,505,MBA - Marketing Management (Online),ONLINE,2,22,65,87,A+,END-OL,PASS,AUCDE,CBCS
20241050003,50021,DBA5201,Operations Management & Supply Chain Strategy,505,MBA - Marketing Management (Online),ONLINE,2,28,64,92,O,END-OL,PASS,AUCDE,CBCS
20241050003,50022,DBA5202,Financial Management & Corporate Valuation,505,MBA - Marketing Management (Online),ONLINE,2,21,40,61,B+,END-OL,PASS,AUCDE,CBCS
20241050003,50023,DBA5203,Marketing Management & Digital Strategies,505,MBA - Marketing Management (Online),ONLINE,2,26,39,65,B+,END-OL,PASS,AUCDE,CBCS
20241050003,50024,DBA5204,Human Resource Management & Talent Acquisition,505,MBA - Marketing Management (Online),ONLINE,2,24,56,80,A+,END-OL,PASS,AUCDE,CBCS
20241050003,50025,DBA5205,Business Research Methods & Predictive Analytics,505,MBA - Marketing Management (Online),ONLINE,2,18,33,51,B,END-OL,PASS,AUCDE,CBCS
20241050004,50021,DBA5201,Operations Management & Supply Chain Strategy,505,MBA - Marketing Management (Online),ONLINE,2,18,36,54,B,END-OL,PASS,AUCDE,CBCS
20241050004,50022,DBA5202,Financial Management & Corporate Valuation,505,MBA - Marketing Management (Online),ONLINE,2,18,58,76,A,END-OL,PASS,AUCDE,CBCS
20241050004,50023,DBA5203,Marketing Management & Digital Strategies,505,MBA - Marketing Management (Online),ONLINE,2,18,61,79,A,END-OL,PASS,AUCDE,CBCS
20241050004,50024,DBA5204,Human Resource Management & Talent Acquisition,505,MBA - Marketing Management (Online),ONLINE,2,28,31,59,B,END-OL,PASS,AUCDE,CBCS
20241050004,50025,DBA5205,Business Research Methods & Predictive Analytics,505,MBA - Marketing Management (Online),ONLINE,2,24,37,61,B+,END-OL,PASS,AUCDE,CBCS
20241050005,50021,DBA5201,Operations Management & Supply Chain Strategy,505,MBA - Marketing Management (Online),ONLINE,2,27,61,88,A+,END-OL,PASS,AUCDE,CBCS
20241050005,50022,DBA5202,Financial Management & Corporate Valuation,505,MBA - Marketing Management (Online),ONLINE,2,19,33,52,B,END-OL,PASS,AUCDE,CBCS
20241050005,50023,DBA5203,Marketing Management & Digital Strategies,505,MBA - Marketing Management (Online),ONLINE,2,19,55,74,A,END-OL,PASS,AUCDE,CBCS
20241050005,50024,DBA5204,Human Resource Management & Talent Acquisition,505,MBA - Marketing Management (Online),ONLINE,2,23,65,88,A+,END-OL,PASS,AUCDE,CBCS
20241050005,50025,DBA5205,Business Research Methods & Predictive Analytics,505,MBA - Marketing Management (Online),ONLINE,2,19,56,75,A,END-OL,PASS,AUCDE,CBCS
20241050006,50021,DBA5201,Operations Management & Supply Chain Strategy,505,MBA - Marketing Management (Online),ONLINE,2,23,30,53,B,END-OL,PASS,AUCDE,CBCS
20241050006,50022,DBA5202,Financial Management & Corporate Valuation,505,MBA - Marketing Management (Online),ONLINE,2,18,33,51,B,END-OL,PASS,AUCDE,CBCS
20241050006,50023,DBA5203,Marketing Management & Digital Strategies,505,MBA - Marketing Management (Online),ONLINE,2,25,57,82,A+,END-OL,PASS,AUCDE,CBCS
20241050006,50024,DBA5204,Human Resource Management & Talent Acquisition,505,MBA - Marketing Management (Online),ONLINE,2,29,53,82,A+,END-OL,PASS,AUCDE,CBCS
20241050006,50025,DBA5205,Business Research Methods & Predictive Analytics,505,MBA - Marketing Management (Online),ONLINE,2,28,32,60,B+,END-OL,PASS,AUCDE,CBCS
20241050007,50021,DBA5201,Operations Management & Supply Chain Strategy,505,MBA - Marketing Management (Online),ONLINE,2,27,36,63,B+,END-OL,PASS,AUCDE,CBCS
20241050007,50022,DBA5202,Financial Management & Corporate Valuation,505,MBA - Marketing Management (Online),ONLINE,2,19,30,49,C,END-OL,PASS,AUCDE,CBCS
20241050007,50023,DBA5203,Marketing Management & Digital Strategies,505,MBA - Marketing Management (Online),ONLINE,2,19,49,68,B+,END-OL,PASS,AUCDE,CBCS
20241050007,50024,DBA5204,Human Resource Management & Talent Acquisition,505,MBA - Marketing Management (Online),ONLINE,2,25,44,69,B+,END-OL,PASS,AUCDE,CBCS
20241050007,50025,DBA5205,Business Research Methods & Predictive Analytics,505,MBA - Marketing Management (Online),ONLINE,2,20,46,66,B+,END-OL,PASS,AUCDE,CBCS
20241050008,50021,DBA5201,Operations Management & Supply Chain Strategy,505,MBA - Marketing Management (Online),ONLINE,2,18,55,73,A,END-OL,PASS,AUCDE,CBCS
20241050008,50022,DBA5202,Financial Management & Corporate Valuation,505,MBA - Marketing Management (Online),ONLINE,2,18,54,72,A,END-OL,PASS,AUCDE,CBCS
20241050008,50023,DBA5203,Marketing Management & Digital Strategies,505,MBA - Marketing Management (Online),ONLINE,2,26,40,66,B+,END-OL,PASS,AUCDE,CBCS
20241050008,50024,DBA5204,Human Resource Management & Talent Acquisition,505,MBA - Marketing Management (Online),ONLINE,2,22,59,81,A+,END-OL,PASS,AUCDE,CBCS
20241050008,50025,DBA5205,Business Research Methods & Predictive Analytics,505,MBA - Marketing Management (Online),ONLINE,2,18,58,76,A,END-OL,PASS,AUCDE,CBCS
20241050009,50021,DBA5201,Operations Management & Supply Chain Strategy,505,MBA - Marketing Management (Online),ONLINE,2,27,34,61,B+,END-OL,PASS,AUCDE,CBCS
20241050009,50022,DBA5202,Financial Management & Corporate Valuation,505,MBA - Marketing Management (Online),ONLINE,2,21,38,59,B,END-OL,PASS,AUCDE,CBCS
20241050009,50023,DBA5203,Marketing Management & Digital Strategies,505,MBA - Marketing Management (Online),ONLINE,2,20,42,62,B+,END-OL,PASS,AUCDE,CBCS
20241050009,50024,DBA5204,Human Resource Management & Talent Acquisition,505,MBA - Marketing Management (Online),ONLINE,2,19,48,67,B+,END-OL,PASS,AUCDE,CBCS
20241050009,50025,DBA5205,Business Research Methods & Predictive Analytics,505,MBA - Marketing Management (Online),ONLINE,2,23,30,53,B,END-OL,PASS,AUCDE,CBCS
20241050010,50021,DBA5201,Operations Management & Supply Chain Strategy,505,MBA - Marketing Management (Online),ONLINE,2,28,43,71,A,END-OL,PASS,AUCDE,CBCS
20241050010,50022,DBA5202,Financial Management & Corporate Valuation,505,MBA - Marketing Management (Online),ONLINE,2,23,34,57,B,END-OL,PASS,AUCDE,CBCS
20241050010,50023,DBA5203,Marketing Management & Digital Strategies,505,MBA - Marketing Management (Online),ONLINE,2,23,35,58,B,END-OL,PASS,AUCDE,CBCS
20241050010,50024,DBA5204,Human Resource Management & Talent Acquisition,505,MBA - Marketing Management (Online),ONLINE,2,18,54,72,A,END-OL,PASS,AUCDE,CBCS
20241050010,50025,DBA5205,Business Research Methods & Predictive Analytics,505,MBA - Marketing Management (Online),ONLINE,2,21,64,85,A+,END-OL,PASS,AUCDE,CBCS
20241050011,50021,DBA5201,Operations Management & Supply Chain Strategy,505,MBA - Marketing Management (Online),ONLINE,2,29,44,73,A,END-OL,PASS,AUCDE,CBCS
20241050011,50022,DBA5202,Financial Management & Corporate Valuation,505,MBA - Marketing Management (Online),ONLINE,2,23,58,81,A+,END-OL,PASS,AUCDE,CBCS
20241050011,50023,DBA5203,Marketing Management & Digital Strategies,505,MBA - Marketing Management (Online),ONLINE,2,21,48,69,B+,END-OL,PASS,AUCDE,CBCS
20241050011,50024,DBA5204,Human Resource Management & Talent Acquisition,505,MBA - Marketing Management (Online),ONLINE,2,23,35,58,B,END-OL,PASS,AUCDE,CBCS
20241050011,50025,DBA5205,Business Research Methods & Predictive Analytics,505,MBA - Marketing Management (Online),ONLINE,2,28,36,64,B+,END-OL,PASS,AUCDE,CBCS
20241050012,50021,DBA5201,Operations Management & Supply Chain Strategy,505,MBA - Marketing Management (Online),ONLINE,2,22,58,80,A+,END-OL,PASS,AUCDE,CBCS
20241050012,50022,DBA5202,Financial Management & Corporate Valuation,505,MBA - Marketing Management (Online),ONLINE,2,27,47,74,A,END-OL,PASS,AUCDE,CBCS
20241050012,50023,DBA5203,Marketing Management & Digital Strategies,505,MBA - Marketing Management (Online),ONLINE,2,21,52,73,A,END-OL,PASS,AUCDE,CBCS
20241050012,50024,DBA5204,Human Resource Management & Talent Acquisition,505,MBA - Marketing Management (Online),ONLINE,2,27,63,90,O,END-OL,PASS,AUCDE,CBCS
20241050012,50025,DBA5205,Business Research Methods & Predictive Analytics,505,MBA - Marketing Management (Online),ONLINE,2,27,47,74,A,END-OL,PASS,AUCDE,CBCS
20241050013,50021,DBA5201,Operations Management & Supply Chain Strategy,505,MBA - Marketing Management (Online),ONLINE,2,20,47,67,B+,END-OL,PASS,AUCDE,CBCS
20241050013,50022,DBA5202,Financial Management & Corporate Valuation,505,MBA - Marketing Management (Online),ONLINE,2,18,39,57,B,END-OL,PASS,AUCDE,CBCS
20241050013,50023,DBA5203,Marketing Management & Digital Strategies,505,MBA - Marketing Management (Online),ONLINE,2,18,47,65,B+,END-OL,PASS,AUCDE,CBCS
20241050013,50024,DBA5204,Human Resource Management & Talent Acquisition,505,MBA - Marketing Management (Online),ONLINE,2,23,54,77,A,END-OL,PASS,AUCDE,CBCS
20241050013,50025,DBA5205,Business Research Methods & Predictive Analytics,505,MBA - Marketing Management (Online),ONLINE,2,21,40,61,B+,END-OL,PASS,AUCDE,CBCS
20241050014,50021,DBA5201,Operations Management & Supply Chain Strategy,505,MBA - Marketing Management (Online),ONLINE,2,23,44,67,B+,END-OL,PASS,AUCDE,CBCS
20241050014,50022,DBA5202,Financial Management & Corporate Valuation,505,MBA - Marketing Management (Online),ONLINE,2,26,65,91,O,END-OL,PASS,AUCDE,CBCS
20241050014,50023,DBA5203,Marketing Management & Digital Strategies,505,MBA - Marketing Management (Online),ONLINE,2,29,67,96,O,END-OL,PASS,AUCDE,CBCS
20241050014,50024,DBA5204,Human Resource Management & Talent Acquisition,505,MBA - Marketing Management (Online),ONLINE,2,24,47,71,A,END-OL,PASS,AUCDE,CBCS
20241050014,50025,DBA5205,Business Research Methods & Predictive Analytics,505,MBA - Marketing Management (Online),ONLINE,2,23,44,67,B+,END-OL,PASS,AUCDE,CBCS
20241050015,50021,DBA5201,Operations Management & Supply Chain Strategy,505,MBA - Marketing Management (Online),ONLINE,2,18,41,59,B,END-OL,PASS,AUCDE,CBCS
20241050015,50022,DBA5202,Financial Management & Corporate Valuation,505,MBA - Marketing Management (Online),ONLINE,2,27,47,74,A,END-OL,PASS,AUCDE,CBCS
20241050015,50023,DBA5203,Marketing Management & Digital Strategies,505,MBA - Marketing Management (Online),ONLINE,2,21,67,88,A+,END-OL,PASS,AUCDE,CBCS
20241050015,50024,DBA5204,Human Resource Management & Talent Acquisition,505,MBA - Marketing Management (Online),ONLINE,2,24,64,88,A+,END-OL,PASS,AUCDE,CBCS
20241050015,50025,DBA5205,Business Research Methods & Predictive Analytics,505,MBA - Marketing Management (Online),ONLINE,2,21,42,63,B+,END-OL,PASS,AUCDE,CBCS
20241050016,50021,DBA5201,Operations Management & Supply Chain Strategy,505,MBA - Marketing Management (Online),ONLINE,2,18,57,75,A,END-OL,PASS,AUCDE,CBCS
20241050016,50022,DBA5202,Financial Management & Corporate Valuation,505,MBA - Marketing Management (Online),ONLINE,2,28,34,62,B+,END-OL,PASS,AUCDE,CBCS
20241050016,50023,DBA5203,Marketing Management & Digital Strategies,505,MBA - Marketing Management (Online),ONLINE,2,22,32,54,B,END-OL,PASS,AUCDE,CBCS
20241050016,50024,DBA5204,Human Resource Management & Talent Acquisition,505,MBA - Marketing Management (Online),ONLINE,2,24,34,58,B,END-OL,PASS,AUCDE,CBCS
20241050016,50025,DBA5205,Business Research Methods & Predictive Analytics,505,MBA - Marketing Management (Online),ONLINE,2,29,33,62,B+,END-OL,PASS,AUCDE,CBCS
20241050017,50021,DBA5201,Operations Management & Supply Chain Strategy,505,MBA - Marketing Management (Online),ONLINE,2,18,47,65,B+,END-OL,PASS,AUCDE,CBCS
20241050017,50022,DBA5202,Financial Management & Corporate Valuation,505,MBA - Marketing Management (Online),ONLINE,2,,,,,END-OL,CANCELLED,AUCDE,CBCS
20241050017,50023,DBA5203,Marketing Management & Digital Strategies,505,MBA - Marketing Management (Online),ONLINE,2,28,51,79,A,END-OL,PASS,AUCDE,CBCS
20241050017,50024,DBA5204,Human Resource Management & Talent Acquisition,505,MBA - Marketing Management (Online),ONLINE,2,19,46,65,B+,END-OL,PASS,AUCDE,CBCS
20241050017,50025,DBA5205,Business Research Methods & Predictive Analytics,505,MBA - Marketing Management (Online),ONLINE,2,21,57,78,A,END-OL,PASS,AUCDE,CBCS
20241050018,50021,DBA5201,Operations Management & Supply Chain Strategy,505,MBA - Marketing Management (Online),ONLINE,2,22,65,87,A+,END-OL,PASS,AUCDE,CBCS
20241050018,50022,DBA5202,Financial Management & Corporate Valuation,505,MBA - Marketing Management (Online),ONLINE,2,26,54,80,A+,END-OL,PASS,AUCDE,CBCS
20241050018,50023,DBA5203,Marketing Management & Digital Strategies,505,MBA - Marketing Management (Online),ONLINE,2,28,53,81,A+,END-OL,PASS,AUCDE,CBCS
20241050018,50024,DBA5204,Human Resource Management & Talent Acquisition,505,MBA - Marketing Management (Online),ONLINE,2,26,57,83,A+,END-OL,PASS,AUCDE,CBCS
20241050018,50025,DBA5205,Business Research Methods & Predictive Analytics,505,MBA - Marketing Management (Online),ONLINE,2,26,44,70,A,END-OL,PASS,AUCDE,CBCS
20241050019,50021,DBA5201,Operations Management & Supply Chain Strategy,505,MBA - Marketing Management (Online),ONLINE,2,19,45,64,B+,END-OL,PASS,AUCDE,CBCS
20241050019,50022,DBA5202,Financial Management & Corporate Valuation,505,MBA - Marketing Management (Online),ONLINE,2,28,45,73,A,END-OL,PASS,AUCDE,CBCS
20241050019,50023,DBA5203,Marketing Management & Digital Strategies,505,MBA - Marketing Management (Online),ONLINE,2,24,55,79,A,END-OL,PASS,AUCDE,CBCS
20241050019,50024,DBA5204,Human Resource Management & Talent Acquisition,505,MBA - Marketing Management (Online),ONLINE,2,25,45,70,A,END-OL,PASS,AUCDE,CBCS
20241050019,50025,DBA5205,Business Research Methods & Predictive Analytics,505,MBA - Marketing Management (Online),ONLINE,2,25,41,66,B+,END-OL,PASS,AUCDE,CBCS
20241050020,50021,DBA5201,Operations Management & Supply Chain Strategy,505,MBA - Marketing Management (Online),ONLINE,2,22,30,52,B,END-OL,PASS,AUCDE,CBCS
20241050020,50022,DBA5202,Financial Management & Corporate Valuation,505,MBA - Marketing Management (Online),ONLINE,2,22,31,53,B,END-OL,PASS,AUCDE,CBCS
20241050020,50023,DBA5203,Marketing Management & Digital Strategies,505,MBA - Marketing Management (Online),ONLINE,2,18,39,57,B,END-OL,PASS,AUCDE,CBCS
20241050020,50024,DBA5204,Human Resource Management & Talent Acquisition,505,MBA - Marketing Management (Online),ONLINE,2,21,63,84,A+,END-OL,PASS,AUCDE,CBCS
20241050020,50025,DBA5205,Business Research Methods & Predictive Analytics,505,MBA - Marketing Management (Online),ONLINE,2,,,,,END-OL,CANCELLED,AUCDE,CBCS
20241060001,51011,DCA5101,Mathematical Foundations of Computer Science,510,MCA - Master of Computer Applications (Online),ONLINE,1,24,44,68,B+,CT-OL,PASS,AUCDE,CBCS
20241060001,51012,DCA5102,Advanced Data Structures & Algorithms,510,MCA - Master of Computer Applications (Online),ONLINE,1,22,45,67,B+,CT-OL,PASS,AUCDE,CBCS
20241060001,51013,DCA5103,Database Management Systems & Distributed NoSQL,510,MCA - Master of Computer Applications (Online),ONLINE,1,20,35,55,B,CT-OL,PASS,AUCDE,CBCS
20241060001,51014,DCA5104,Python Programming & Scripting Paradigms,510,MCA - Master of Computer Applications (Online),ONLINE,1,19,49,68,B+,CT-OL,PASS,AUCDE,CBCS
20241060001,51015,DCA5105,Software Engineering & Agile Methodologies,510,MCA - Master of Computer Applications (Online),ONLINE,1,20,57,77,A,CT-OL,PASS,AUCDE,CBCS
20241060001,51016,DCA5106,Data Structures & DBMS Laboratory,510,MCA - Master of Computer Applications (Online),ONLINE,1,28,29,57,B,CT-OL,PASS,AUCDE,CBCS
20241060002,51011,DCA5101,Mathematical Foundations of Computer Science,510,MCA - Master of Computer Applications (Online),ONLINE,1,22,46,68,B+,CT-OL,PASS,AUCDE,CBCS
20241060002,51012,DCA5102,Advanced Data Structures & Algorithms,510,MCA - Master of Computer Applications (Online),ONLINE,1,27,66,93,O,CT-OL,PASS,AUCDE,CBCS
20241060002,51013,DCA5103,Database Management Systems & Distributed NoSQL,510,MCA - Master of Computer Applications (Online),ONLINE,1,19,54,73,A,CT-OL,PASS,AUCDE,CBCS
20241060002,51014,DCA5104,Python Programming & Scripting Paradigms,510,MCA - Master of Computer Applications (Online),ONLINE,1,18,61,79,A,CT-OL,PASS,AUCDE,CBCS
20241060002,51015,DCA5105,Software Engineering & Agile Methodologies,510,MCA - Master of Computer Applications (Online),ONLINE,1,26,37,63,B+,CT-OL,PASS,AUCDE,CBCS
20241060002,51016,DCA5106,Data Structures & DBMS Laboratory,510,MCA - Master of Computer Applications (Online),ONLINE,1,17,40,57,B,CT-OL,PASS,AUCDE,CBCS
20241060003,51011,DCA5101,Mathematical Foundations of Computer Science,510,MCA - Master of Computer Applications (Online),ONLINE,1,25,30,55,B,CT-OL,PASS,AUCDE,CBCS
20241060003,51012,DCA5102,Advanced Data Structures & Algorithms,510,MCA - Master of Computer Applications (Online),ONLINE,1,23,43,66,B+,CT-OL,PASS,AUCDE,CBCS
20241060003,51013,DCA5103,Database Management Systems & Distributed NoSQL,510,MCA - Master of Computer Applications (Online),ONLINE,1,19,59,78,A,CT-OL,PASS,AUCDE,CBCS
20241060003,51014,DCA5104,Python Programming & Scripting Paradigms,510,MCA - Master of Computer Applications (Online),ONLINE,1,24,40,64,B+,CT-OL,PASS,AUCDE,CBCS
20241060003,51015,DCA5105,Software Engineering & Agile Methodologies,510,MCA - Master of Computer Applications (Online),ONLINE,1,21,29,50,B,CT-OL,PASS,AUCDE,CBCS
20241060003,51016,DCA5106,Data Structures & DBMS Laboratory,510,MCA - Master of Computer Applications (Online),ONLINE,1,25,56,81,A+,CT-OL,PASS,AUCDE,CBCS
20241060004,51011,DCA5101,Mathematical Foundations of Computer Science,510,MCA - Master of Computer Applications (Online),ONLINE,1,25,45,70,A,CT-OL,PASS,AUCDE,CBCS
20241060004,51012,DCA5102,Advanced Data Structures & Algorithms,510,MCA - Master of Computer Applications (Online),ONLINE,1,19,45,64,B+,CT-OL,PASS,AUCDE,CBCS
20241060004,51013,DCA5103,Database Management Systems & Distributed NoSQL,510,MCA - Master of Computer Applications (Online),ONLINE,1,17,36,53,B,CT-OL,PASS,AUCDE,CBCS
20241060004,51014,DCA5104,Python Programming & Scripting Paradigms,510,MCA - Master of Computer Applications (Online),ONLINE,1,23,40,63,B+,CT-OL,PASS,AUCDE,CBCS
20241060004,51015,DCA5105,Software Engineering & Agile Methodologies,510,MCA - Master of Computer Applications (Online),ONLINE,1,17,60,77,A,CT-OL,PASS,AUCDE,CBCS
20241060004,51016,DCA5106,Data Structures & DBMS Laboratory,510,MCA - Master of Computer Applications (Online),ONLINE,1,22,52,74,A,CT-OL,PASS,AUCDE,CBCS
20241060005,51011,DCA5101,Mathematical Foundations of Computer Science,510,MCA - Master of Computer Applications (Online),ONLINE,1,22,34,56,B,CT-OL,PASS,AUCDE,CBCS
20241060005,51012,DCA5102,Advanced Data Structures & Algorithms,510,MCA - Master of Computer Applications (Online),ONLINE,1,25,44,69,B+,CT-OL,PASS,AUCDE,CBCS
20241060005,51013,DCA5103,Database Management Systems & Distributed NoSQL,510,MCA - Master of Computer Applications (Online),ONLINE,1,24,39,63,B+,CT-OL,PASS,AUCDE,CBCS
20241060005,51014,DCA5104,Python Programming & Scripting Paradigms,510,MCA - Master of Computer Applications (Online),ONLINE,1,25,35,60,B+,CT-OL,PASS,AUCDE,CBCS
20241060005,51015,DCA5105,Software Engineering & Agile Methodologies,510,MCA - Master of Computer Applications (Online),ONLINE,1,28,32,60,B+,CT-OL,PASS,AUCDE,CBCS
20241060005,51016,DCA5106,Data Structures & DBMS Laboratory,510,MCA - Master of Computer Applications (Online),ONLINE,1,27,41,68,B+,CT-OL,PASS,AUCDE,CBCS
20241060006,51011,DCA5101,Mathematical Foundations of Computer Science,510,MCA - Master of Computer Applications (Online),ONLINE,1,26,30,56,B,CT-OL,PASS,AUCDE,CBCS
20241060006,51012,DCA5102,Advanced Data Structures & Algorithms,510,MCA - Master of Computer Applications (Online),ONLINE,1,27,67,94,O,CT-OL,PASS,AUCDE,CBCS
20241060006,51013,DCA5103,Database Management Systems & Distributed NoSQL,510,MCA - Master of Computer Applications (Online),ONLINE,1,29,36,65,B+,CT-OL,PASS,AUCDE,CBCS
20241060006,51014,DCA5104,Python Programming & Scripting Paradigms,510,MCA - Master of Computer Applications (Online),ONLINE,1,26,63,89,A+,CT-OL,PASS,AUCDE,CBCS
20241060006,51015,DCA5105,Software Engineering & Agile Methodologies,510,MCA - Master of Computer Applications (Online),ONLINE,1,19,55,74,A,CT-OL,PASS,AUCDE,CBCS
20241060006,51016,DCA5106,Data Structures & DBMS Laboratory,510,MCA - Master of Computer Applications (Online),ONLINE,1,24,35,59,B,CT-OL,PASS,AUCDE,CBCS
20241060007,51011,DCA5101,Mathematical Foundations of Computer Science,510,MCA - Master of Computer Applications (Online),ONLINE,1,23,36,59,B,CT-OL,PASS,AUCDE,CBCS
20241060007,51012,DCA5102,Advanced Data Structures & Algorithms,510,MCA - Master of Computer Applications (Online),ONLINE,1,22,51,73,A,CT-OL,PASS,AUCDE,CBCS
20241060007,51013,DCA5103,Database Management Systems & Distributed NoSQL,510,MCA - Master of Computer Applications (Online),ONLINE,1,20,67,87,A+,CT-OL,PASS,AUCDE,CBCS
20241060007,51014,DCA5104,Python Programming & Scripting Paradigms,510,MCA - Master of Computer Applications (Online),ONLINE,1,21,41,62,B+,CT-OL,PASS,AUCDE,CBCS
20241060007,51015,DCA5105,Software Engineering & Agile Methodologies,510,MCA - Master of Computer Applications (Online),ONLINE,1,26,28,54,B,CT-OL,PASS,AUCDE,CBCS
20241060007,51016,DCA5106,Data Structures & DBMS Laboratory,510,MCA - Master of Computer Applications (Online),ONLINE,1,23,50,73,A,CT-OL,PASS,AUCDE,CBCS
20241060008,51011,DCA5101,Mathematical Foundations of Computer Science,510,MCA - Master of Computer Applications (Online),ONLINE,1,19,36,55,B,CT-OL,PASS,AUCDE,CBCS
20241060008,51012,DCA5102,Advanced Data Structures & Algorithms,510,MCA - Master of Computer Applications (Online),ONLINE,1,19,47,66,B+,CT-OL,PASS,AUCDE,CBCS
20241060008,51013,DCA5103,Database Management Systems & Distributed NoSQL,510,MCA - Master of Computer Applications (Online),ONLINE,1,22,36,58,B,CT-OL,PASS,AUCDE,CBCS
20241060008,51014,DCA5104,Python Programming & Scripting Paradigms,510,MCA - Master of Computer Applications (Online),ONLINE,1,,,,,CT-OL,CANCELLED,AUCDE,CBCS
20241060008,51015,DCA5105,Software Engineering & Agile Methodologies,510,MCA - Master of Computer Applications (Online),ONLINE,1,19,34,53,B,CT-OL,PASS,AUCDE,CBCS
20241060008,51016,DCA5106,Data Structures & DBMS Laboratory,510,MCA - Master of Computer Applications (Online),ONLINE,1,26,41,67,B+,CT-OL,PASS,AUCDE,CBCS
20241060009,51011,DCA5101,Mathematical Foundations of Computer Science,510,MCA - Master of Computer Applications (Online),ONLINE,1,27,31,58,B,CT-OL,PASS,AUCDE,CBCS
20241060009,51012,DCA5102,Advanced Data Structures & Algorithms,510,MCA - Master of Computer Applications (Online),ONLINE,1,22,67,89,A+,CT-OL,PASS,AUCDE,CBCS
20241060009,51013,DCA5103,Database Management Systems & Distributed NoSQL,510,MCA - Master of Computer Applications (Online),ONLINE,1,28,30,58,B,CT-OL,PASS,AUCDE,CBCS
20241060009,51014,DCA5104,Python Programming & Scripting Paradigms,510,MCA - Master of Computer Applications (Online),ONLINE,1,25,33,58,B,CT-OL,PASS,AUCDE,CBCS
20241060009,51015,DCA5105,Software Engineering & Agile Methodologies,510,MCA - Master of Computer Applications (Online),ONLINE,1,28,59,87,A+,CT-OL,PASS,AUCDE,CBCS
20241060009,51016,DCA5106,Data Structures & DBMS Laboratory,510,MCA - Master of Computer Applications (Online),ONLINE,1,21,58,79,A,CT-OL,PASS,AUCDE,CBCS
20241060010,51011,DCA5101,Mathematical Foundations of Computer Science,510,MCA - Master of Computer Applications (Online),ONLINE,1,22,60,82,A+,CT-OL,PASS,AUCDE,CBCS
20241060010,51012,DCA5102,Advanced Data Structures & Algorithms,510,MCA - Master of Computer Applications (Online),ONLINE,1,21,50,71,A,CT-OL,PASS,AUCDE,CBCS
20241060010,51013,DCA5103,Database Management Systems & Distributed NoSQL,510,MCA - Master of Computer Applications (Online),ONLINE,1,18,39,57,B,CT-OL,PASS,AUCDE,CBCS
20241060010,51014,DCA5104,Python Programming & Scripting Paradigms,510,MCA - Master of Computer Applications (Online),ONLINE,1,20,37,57,B,CT-OL,PASS,AUCDE,CBCS
20241060010,51015,DCA5105,Software Engineering & Agile Methodologies,510,MCA - Master of Computer Applications (Online),ONLINE,1,26,67,93,O,CT-OL,PASS,AUCDE,CBCS
20241060010,51016,DCA5106,Data Structures & DBMS Laboratory,510,MCA - Master of Computer Applications (Online),ONLINE,1,23,58,81,A+,CT-OL,PASS,AUCDE,CBCS
20241060011,51011,DCA5101,Mathematical Foundations of Computer Science,510,MCA - Master of Computer Applications (Online),ONLINE,1,19,40,59,B,CT-OL,PASS,AUCDE,CBCS
20241060011,51012,DCA5102,Advanced Data Structures & Algorithms,510,MCA - Master of Computer Applications (Online),ONLINE,1,19,38,57,B,CT-OL,PASS,AUCDE,CBCS
20241060011,51013,DCA5103,Database Management Systems & Distributed NoSQL,510,MCA - Master of Computer Applications (Online),ONLINE,1,24,60,84,A+,CT-OL,PASS,AUCDE,CBCS
20241060011,51014,DCA5104,Python Programming & Scripting Paradigms,510,MCA - Master of Computer Applications (Online),ONLINE,1,24,44,68,B+,CT-OL,PASS,AUCDE,CBCS
20241060011,51015,DCA5105,Software Engineering & Agile Methodologies,510,MCA - Master of Computer Applications (Online),ONLINE,1,26,64,90,O,CT-OL,PASS,AUCDE,CBCS
20241060011,51016,DCA5106,Data Structures & DBMS Laboratory,510,MCA - Master of Computer Applications (Online),ONLINE,1,29,45,74,A,CT-OL,PASS,AUCDE,CBCS
20241060012,51011,DCA5101,Mathematical Foundations of Computer Science,510,MCA - Master of Computer Applications (Online),ONLINE,1,23,47,70,A,CT-OL,PASS,AUCDE,CBCS
20241060012,51012,DCA5102,Advanced Data Structures & Algorithms,510,MCA - Master of Computer Applications (Online),ONLINE,1,17,62,79,A,CT-OL,PASS,AUCDE,CBCS
20241060012,51013,DCA5103,Database Management Systems & Distributed NoSQL,510,MCA - Master of Computer Applications (Online),ONLINE,1,23,57,80,A+,CT-OL,PASS,AUCDE,CBCS
20241060012,51014,DCA5104,Python Programming & Scripting Paradigms,510,MCA - Master of Computer Applications (Online),ONLINE,1,25,65,90,O,CT-OL,PASS,AUCDE,CBCS
20241060012,51015,DCA5105,Software Engineering & Agile Methodologies,510,MCA - Master of Computer Applications (Online),ONLINE,1,23,47,70,A,CT-OL,PASS,AUCDE,CBCS
20241060012,51016,DCA5106,Data Structures & DBMS Laboratory,510,MCA - Master of Computer Applications (Online),ONLINE,1,27,48,75,A,CT-OL,PASS,AUCDE,CBCS
20241060013,51011,DCA5101,Mathematical Foundations of Computer Science,510,MCA - Master of Computer Applications (Online),ONLINE,1,21,36,57,B,CT-OL,PASS,AUCDE,CBCS
20241060013,51012,DCA5102,Advanced Data Structures & Algorithms,510,MCA - Master of Computer Applications (Online),ONLINE,1,25,58,83,A+,CT-OL,PASS,AUCDE,CBCS
20241060013,51013,DCA5103,Database Management Systems & Distributed NoSQL,510,MCA - Master of Computer Applications (Online),ONLINE,1,21,56,77,A,CT-OL,PASS,AUCDE,CBCS
20241060013,51014,DCA5104,Python Programming & Scripting Paradigms,510,MCA - Master of Computer Applications (Online),ONLINE,1,21,54,75,A,CT-OL,PASS,AUCDE,CBCS
20241060013,51015,DCA5105,Software Engineering & Agile Methodologies,510,MCA - Master of Computer Applications (Online),ONLINE,1,24,57,81,A+,CT-OL,PASS,AUCDE,CBCS
20241060013,51016,DCA5106,Data Structures & DBMS Laboratory,510,MCA - Master of Computer Applications (Online),ONLINE,1,26,46,72,A,CT-OL,PASS,AUCDE,CBCS
20241060014,51011,DCA5101,Mathematical Foundations of Computer Science,510,MCA - Master of Computer Applications (Online),ONLINE,1,23,52,75,A,CT-OL,PASS,AUCDE,CBCS
20241060014,51012,DCA5102,Advanced Data Structures & Algorithms,510,MCA - Master of Computer Applications (Online),ONLINE,1,17,49,66,B+,CT-OL,PASS,AUCDE,CBCS
20241060014,51013,DCA5103,Database Management Systems & Distributed NoSQL,510,MCA - Master of Computer Applications (Online),ONLINE,1,29,61,90,O,CT-OL,PASS,AUCDE,CBCS
20241060014,51014,DCA5104,Python Programming & Scripting Paradigms,510,MCA - Master of Computer Applications (Online),ONLINE,1,25,37,62,B+,CT-OL,PASS,AUCDE,CBCS
20241060014,51015,DCA5105,Software Engineering & Agile Methodologies,510,MCA - Master of Computer Applications (Online),ONLINE,1,18,48,66,B+,CT-OL,PASS,AUCDE,CBCS
20241060014,51016,DCA5106,Data Structures & DBMS Laboratory,510,MCA - Master of Computer Applications (Online),ONLINE,1,23,60,83,A+,CT-OL,PASS,AUCDE,CBCS
20241060015,51011,DCA5101,Mathematical Foundations of Computer Science,510,MCA - Master of Computer Applications (Online),ONLINE,1,17,56,73,A,CT-OL,PASS,AUCDE,CBCS
20241060015,51012,DCA5102,Advanced Data Structures & Algorithms,510,MCA - Master of Computer Applications (Online),ONLINE,1,24,50,74,A,CT-OL,PASS,AUCDE,CBCS
20241060015,51013,DCA5103,Database Management Systems & Distributed NoSQL,510,MCA - Master of Computer Applications (Online),ONLINE,1,29,61,90,O,CT-OL,PASS,AUCDE,CBCS
20241060015,51014,DCA5104,Python Programming & Scripting Paradigms,510,MCA - Master of Computer Applications (Online),ONLINE,1,22,58,80,A+,CT-OL,PASS,AUCDE,CBCS
20241060015,51015,DCA5105,Software Engineering & Agile Methodologies,510,MCA - Master of Computer Applications (Online),ONLINE,1,29,53,82,A+,CT-OL,PASS,AUCDE,CBCS
20241060015,51016,DCA5106,Data Structures & DBMS Laboratory,510,MCA - Master of Computer Applications (Online),ONLINE,1,21,61,82,A+,CT-OL,PASS,AUCDE,CBCS
20241060016,51011,DCA5101,Mathematical Foundations of Computer Science,510,MCA - Master of Computer Applications (Online),ONLINE,1,24,49,73,A,CT-OL,PASS,AUCDE,CBCS
20241060016,51012,DCA5102,Advanced Data Structures & Algorithms,510,MCA - Master of Computer Applications (Online),ONLINE,1,20,29,49,C,CT-OL,PASS,AUCDE,CBCS
20241060016,51013,DCA5103,Database Management Systems & Distributed NoSQL,510,MCA - Master of Computer Applications (Online),ONLINE,1,17,44,61,B+,CT-OL,PASS,AUCDE,CBCS
20241060016,51014,DCA5104,Python Programming & Scripting Paradigms,510,MCA - Master of Computer Applications (Online),ONLINE,1,23,50,73,A,CT-OL,PASS,AUCDE,CBCS
20241060016,51015,DCA5105,Software Engineering & Agile Methodologies,510,MCA - Master of Computer Applications (Online),ONLINE,1,18,40,58,B,CT-OL,PASS,AUCDE,CBCS
20241060016,51016,DCA5106,Data Structures & DBMS Laboratory,510,MCA - Master of Computer Applications (Online),ONLINE,1,27,53,80,A+,CT-OL,PASS,AUCDE,CBCS
20241060017,51011,DCA5101,Mathematical Foundations of Computer Science,510,MCA - Master of Computer Applications (Online),ONLINE,1,20,66,86,A+,CT-OL,PASS,AUCDE,CBCS
20241060017,51012,DCA5102,Advanced Data Structures & Algorithms,510,MCA - Master of Computer Applications (Online),ONLINE,1,,,,,CT-OL,CANCELLED,AUCDE,CBCS
20241060017,51013,DCA5103,Database Management Systems & Distributed NoSQL,510,MCA - Master of Computer Applications (Online),ONLINE,1,20,33,53,B,CT-OL,PASS,AUCDE,CBCS
20241060017,51014,DCA5104,Python Programming & Scripting Paradigms,510,MCA - Master of Computer Applications (Online),ONLINE,1,27,65,92,O,CT-OL,PASS,AUCDE,CBCS
20241060017,51015,DCA5105,Software Engineering & Agile Methodologies,510,MCA - Master of Computer Applications (Online),ONLINE,1,,,,,CT-OL,CANCELLED,AUCDE,CBCS
20241060017,51016,DCA5106,Data Structures & DBMS Laboratory,510,MCA - Master of Computer Applications (Online),ONLINE,1,27,28,55,B,CT-OL,PASS,AUCDE,CBCS
20241060018,51011,DCA5101,Mathematical Foundations of Computer Science,510,MCA - Master of Computer Applications (Online),ONLINE,1,18,47,65,B+,CT-OL,PASS,AUCDE,CBCS
20241060018,51012,DCA5102,Advanced Data Structures & Algorithms,510,MCA - Master of Computer Applications (Online),ONLINE,1,28,39,67,B+,CT-OL,PASS,AUCDE,CBCS
20241060018,51013,DCA5103,Database Management Systems & Distributed NoSQL,510,MCA - Master of Computer Applications (Online),ONLINE,1,21,56,77,A,CT-OL,PASS,AUCDE,CBCS
20241060018,51014,DCA5104,Python Programming & Scripting Paradigms,510,MCA - Master of Computer Applications (Online),ONLINE,1,25,58,83,A+,CT-OL,PASS,AUCDE,CBCS
20241060018,51015,DCA5105,Software Engineering & Agile Methodologies,510,MCA - Master of Computer Applications (Online),ONLINE,1,24,58,82,A+,CT-OL,PASS,AUCDE,CBCS
20241060018,51016,DCA5106,Data Structures & DBMS Laboratory,510,MCA - Master of Computer Applications (Online),ONLINE,1,21,28,49,C,CT-OL,PASS,AUCDE,CBCS
20241060019,51011,DCA5101,Mathematical Foundations of Computer Science,510,MCA - Master of Computer Applications (Online),ONLINE,1,23,57,80,A+,CT-OL,PASS,AUCDE,CBCS
20241060019,51012,DCA5102,Advanced Data Structures & Algorithms,510,MCA - Master of Computer Applications (Online),ONLINE,1,25,60,85,A+,CT-OL,PASS,AUCDE,CBCS
20241060019,51013,DCA5103,Database Management Systems & Distributed NoSQL,510,MCA - Master of Computer Applications (Online),ONLINE,1,22,38,60,B+,CT-OL,PASS,AUCDE,CBCS
20241060019,51014,DCA5104,Python Programming & Scripting Paradigms,510,MCA - Master of Computer Applications (Online),ONLINE,1,23,63,86,A+,CT-OL,PASS,AUCDE,CBCS
20241060019,51015,DCA5105,Software Engineering & Agile Methodologies,510,MCA - Master of Computer Applications (Online),ONLINE,1,26,41,67,B+,CT-OL,PASS,AUCDE,CBCS
20241060019,51016,DCA5106,Data Structures & DBMS Laboratory,510,MCA - Master of Computer Applications (Online),ONLINE,1,27,66,93,O,CT-OL,PASS,AUCDE,CBCS
20241060020,51011,DCA5101,Mathematical Foundations of Computer Science,510,MCA - Master of Computer Applications (Online),ONLINE,1,29,53,82,A+,CT-OL,PASS,AUCDE,CBCS
20241060020,51012,DCA5102,Advanced Data Structures & Algorithms,510,MCA - Master of Computer Applications (Online),ONLINE,1,29,31,60,B+,CT-OL,PASS,AUCDE,CBCS
20241060020,51013,DCA5103,Database Management Systems & Distributed NoSQL,510,MCA - Master of Computer Applications (Online),ONLINE,1,25,54,79,A,CT-OL,PASS,AUCDE,CBCS
20241060020,51014,DCA5104,Python Programming & Scripting Paradigms,510,MCA - Master of Computer Applications (Online),ONLINE,1,17,42,59,B,CT-OL,PASS,AUCDE,CBCS
20241060020,51015,DCA5105,Software Engineering & Agile Methodologies,510,MCA - Master of Computer Applications (Online),ONLINE,1,21,33,54,B,CT-OL,PASS,AUCDE,CBCS
20241060020,51016,DCA5106,Data Structures & DBMS Laboratory,510,MCA - Master of Computer Applications (Online),ONLINE,1,22,45,67,B+,CT-OL,PASS,AUCDE,CBCS
20241070001,52011,DCS5101,Advanced Operating Systems & Distributed Architecture,520,M.Sc. - Computer Science (Online),ONLINE,1,20,30,50,B,CT-OL,PASS,AUCDE,CBCS
20241070001,52012,DCS5102,Computer Networks & Network Security Protocols,520,M.Sc. - Computer Science (Online),ONLINE,1,20,57,77,A,CT-OL,PASS,AUCDE,CBCS
20241070001,52013,DCS5103,Object Oriented Software Engineering,520,M.Sc. - Computer Science (Online),ONLINE,1,24,52,76,A,CT-OL,PASS,AUCDE,CBCS
20241070001,52014,DCS5104,"Data Mining, Warehousing & Big Data",520,M.Sc. - Computer Science (Online),ONLINE,1,27,63,90,O,CT-OL,PASS,AUCDE,CBCS
20241070001,52015,DCS5105,Distributed Systems & Security Laboratory,520,M.Sc. - Computer Science (Online),ONLINE,1,29,39,68,B+,CT-OL,PASS,AUCDE,CBCS
20241070002,52011,DCS5101,Advanced Operating Systems & Distributed Architecture,520,M.Sc. - Computer Science (Online),ONLINE,1,17,38,55,B,CT-OL,PASS,AUCDE,CBCS
20241070002,52012,DCS5102,Computer Networks & Network Security Protocols,520,M.Sc. - Computer Science (Online),ONLINE,1,29,55,84,A+,CT-OL,PASS,AUCDE,CBCS
20241070002,52013,DCS5103,Object Oriented Software Engineering,520,M.Sc. - Computer Science (Online),ONLINE,1,22,41,63,B+,CT-OL,PASS,AUCDE,CBCS
20241070002,52014,DCS5104,"Data Mining, Warehousing & Big Data",520,M.Sc. - Computer Science (Online),ONLINE,1,19,43,62,B+,CT-OL,PASS,AUCDE,CBCS
20241070002,52015,DCS5105,Distributed Systems & Security Laboratory,520,M.Sc. - Computer Science (Online),ONLINE,1,27,55,82,A+,CT-OL,PASS,AUCDE,CBCS
20241070003,52011,DCS5101,Advanced Operating Systems & Distributed Architecture,520,M.Sc. - Computer Science (Online),ONLINE,1,29,65,94,O,CT-OL,PASS,AUCDE,CBCS
20241070003,52012,DCS5102,Computer Networks & Network Security Protocols,520,M.Sc. - Computer Science (Online),ONLINE,1,19,36,55,B,CT-OL,PASS,AUCDE,CBCS
20241070003,52013,DCS5103,Object Oriented Software Engineering,520,M.Sc. - Computer Science (Online),ONLINE,1,23,40,63,B+,CT-OL,PASS,AUCDE,CBCS
20241070003,52014,DCS5104,"Data Mining, Warehousing & Big Data",520,M.Sc. - Computer Science (Online),ONLINE,1,28,48,76,A,CT-OL,PASS,AUCDE,CBCS
20241070003,52015,DCS5105,Distributed Systems & Security Laboratory,520,M.Sc. - Computer Science (Online),ONLINE,1,25,42,67,B+,CT-OL,PASS,AUCDE,CBCS
20241070004,52011,DCS5101,Advanced Operating Systems & Distributed Architecture,520,M.Sc. - Computer Science (Online),ONLINE,1,17,35,52,B,CT-OL,PASS,AUCDE,CBCS
20241070004,52012,DCS5102,Computer Networks & Network Security Protocols,520,M.Sc. - Computer Science (Online),ONLINE,1,17,57,74,A,CT-OL,PASS,AUCDE,CBCS
20241070004,52013,DCS5103,Object Oriented Software Engineering,520,M.Sc. - Computer Science (Online),ONLINE,1,21,33,54,B,CT-OL,PASS,AUCDE,CBCS
20241070004,52014,DCS5104,"Data Mining, Warehousing & Big Data",520,M.Sc. - Computer Science (Online),ONLINE,1,19,31,50,B,CT-OL,PASS,AUCDE,CBCS
20241070004,52015,DCS5105,Distributed Systems & Security Laboratory,520,M.Sc. - Computer Science (Online),ONLINE,1,16,44,60,B+,CT-OL,PASS,AUCDE,CBCS
20241070005,52011,DCS5101,Advanced Operating Systems & Distributed Architecture,520,M.Sc. - Computer Science (Online),ONLINE,1,23,49,72,A,CT-OL,PASS,AUCDE,CBCS
20241070005,52012,DCS5102,Computer Networks & Network Security Protocols,520,M.Sc. - Computer Science (Online),ONLINE,1,22,55,77,A,CT-OL,PASS,AUCDE,CBCS
20241070005,52013,DCS5103,Object Oriented Software Engineering,520,M.Sc. - Computer Science (Online),ONLINE,1,29,63,92,O,CT-OL,PASS,AUCDE,CBCS
20241070005,52014,DCS5104,"Data Mining, Warehousing & Big Data",520,M.Sc. - Computer Science (Online),ONLINE,1,24,65,89,A+,CT-OL,PASS,AUCDE,CBCS
20241070005,52015,DCS5105,Distributed Systems & Security Laboratory,520,M.Sc. - Computer Science (Online),ONLINE,1,27,57,84,A+,CT-OL,PASS,AUCDE,CBCS
20241070006,52011,DCS5101,Advanced Operating Systems & Distributed Architecture,520,M.Sc. - Computer Science (Online),ONLINE,1,20,48,68,B+,CT-OL,PASS,AUCDE,CBCS
20241070006,52012,DCS5102,Computer Networks & Network Security Protocols,520,M.Sc. - Computer Science (Online),ONLINE,1,24,39,63,B+,CT-OL,PASS,AUCDE,CBCS
20241070006,52013,DCS5103,Object Oriented Software Engineering,520,M.Sc. - Computer Science (Online),ONLINE,1,19,31,50,B,CT-OL,PASS,AUCDE,CBCS
20241070006,52014,DCS5104,"Data Mining, Warehousing & Big Data",520,M.Sc. - Computer Science (Online),ONLINE,1,17,55,72,A,CT-OL,PASS,AUCDE,CBCS
20241070006,52015,DCS5105,Distributed Systems & Security Laboratory,520,M.Sc. - Computer Science (Online),ONLINE,1,28,53,81,A+,CT-OL,PASS,AUCDE,CBCS
20241070007,52011,DCS5101,Advanced Operating Systems & Distributed Architecture,520,M.Sc. - Computer Science (Online),ONLINE,1,18,37,55,B,CT-OL,PASS,AUCDE,CBCS
20241070007,52012,DCS5102,Computer Networks & Network Security Protocols,520,M.Sc. - Computer Science (Online),ONLINE,1,24,39,63,B+,CT-OL,PASS,AUCDE,CBCS
20241070007,52013,DCS5103,Object Oriented Software Engineering,520,M.Sc. - Computer Science (Online),ONLINE,1,29,47,76,A,CT-OL,PASS,AUCDE,CBCS
20241070007,52014,DCS5104,"Data Mining, Warehousing & Big Data",520,M.Sc. - Computer Science (Online),ONLINE,1,25,43,68,B+,CT-OL,PASS,AUCDE,CBCS
20241070007,52015,DCS5105,Distributed Systems & Security Laboratory,520,M.Sc. - Computer Science (Online),ONLINE,1,25,41,66,B+,CT-OL,PASS,AUCDE,CBCS
20241070008,52011,DCS5101,Advanced Operating Systems & Distributed Architecture,520,M.Sc. - Computer Science (Online),ONLINE,1,24,29,53,B,CT-OL,PASS,AUCDE,CBCS
20241070008,52012,DCS5102,Computer Networks & Network Security Protocols,520,M.Sc. - Computer Science (Online),ONLINE,1,21,34,55,B,CT-OL,PASS,AUCDE,CBCS
20241070008,52013,DCS5103,Object Oriented Software Engineering,520,M.Sc. - Computer Science (Online),ONLINE,1,28,38,66,B+,CT-OL,PASS,AUCDE,CBCS
20241070008,52014,DCS5104,"Data Mining, Warehousing & Big Data",520,M.Sc. - Computer Science (Online),ONLINE,1,28,60,88,A+,CT-OL,PASS,AUCDE,CBCS
20241070008,52015,DCS5105,Distributed Systems & Security Laboratory,520,M.Sc. - Computer Science (Online),ONLINE,1,24,42,66,B+,CT-OL,PASS,AUCDE,CBCS
20241070009,52011,DCS5101,Advanced Operating Systems & Distributed Architecture,520,M.Sc. - Computer Science (Online),ONLINE,1,22,37,59,B,CT-OL,PASS,AUCDE,CBCS
20241070009,52012,DCS5102,Computer Networks & Network Security Protocols,520,M.Sc. - Computer Science (Online),ONLINE,1,18,42,60,B+,CT-OL,PASS,AUCDE,CBCS
20241070009,52013,DCS5103,Object Oriented Software Engineering,520,M.Sc. - Computer Science (Online),ONLINE,1,,,,,CT-OL,CANCELLED,AUCDE,CBCS
20241070009,52014,DCS5104,"Data Mining, Warehousing & Big Data",520,M.Sc. - Computer Science (Online),ONLINE,1,26,45,71,A,CT-OL,PASS,AUCDE,CBCS
20241070009,52015,DCS5105,Distributed Systems & Security Laboratory,520,M.Sc. - Computer Science (Online),ONLINE,1,17,34,51,B,CT-OL,PASS,AUCDE,CBCS
20241070010,52011,DCS5101,Advanced Operating Systems & Distributed Architecture,520,M.Sc. - Computer Science (Online),ONLINE,1,29,49,78,A,CT-OL,PASS,AUCDE,CBCS
20241070010,52012,DCS5102,Computer Networks & Network Security Protocols,520,M.Sc. - Computer Science (Online),ONLINE,1,18,67,85,A+,CT-OL,PASS,AUCDE,CBCS
20241070010,52013,DCS5103,Object Oriented Software Engineering,520,M.Sc. - Computer Science (Online),ONLINE,1,19,39,58,B,CT-OL,PASS,AUCDE,CBCS
20241070010,52014,DCS5104,"Data Mining, Warehousing & Big Data",520,M.Sc. - Computer Science (Online),ONLINE,1,19,58,77,A,CT-OL,PASS,AUCDE,CBCS
20241070010,52015,DCS5105,Distributed Systems & Security Laboratory,520,M.Sc. - Computer Science (Online),ONLINE,1,25,32,57,B,CT-OL,PASS,AUCDE,CBCS
20241070011,52011,DCS5101,Advanced Operating Systems & Distributed Architecture,520,M.Sc. - Computer Science (Online),ONLINE,1,23,56,79,A,CT-OL,PASS,AUCDE,CBCS
20241070011,52012,DCS5102,Computer Networks & Network Security Protocols,520,M.Sc. - Computer Science (Online),ONLINE,1,27,65,92,O,CT-OL,PASS,AUCDE,CBCS
20241070011,52013,DCS5103,Object Oriented Software Engineering,520,M.Sc. - Computer Science (Online),ONLINE,1,18,35,53,B,CT-OL,PASS,AUCDE,CBCS
20241070011,52014,DCS5104,"Data Mining, Warehousing & Big Data",520,M.Sc. - Computer Science (Online),ONLINE,1,23,64,87,A+,CT-OL,PASS,AUCDE,CBCS
20241070011,52015,DCS5105,Distributed Systems & Security Laboratory,520,M.Sc. - Computer Science (Online),ONLINE,1,20,43,63,B+,CT-OL,PASS,AUCDE,CBCS
20241070012,52011,DCS5101,Advanced Operating Systems & Distributed Architecture,520,M.Sc. - Computer Science (Online),ONLINE,1,29,46,75,A,CT-OL,PASS,AUCDE,CBCS
20241070012,52012,DCS5102,Computer Networks & Network Security Protocols,520,M.Sc. - Computer Science (Online),ONLINE,1,27,37,64,B+,CT-OL,PASS,AUCDE,CBCS
20241070012,52013,DCS5103,Object Oriented Software Engineering,520,M.Sc. - Computer Science (Online),ONLINE,1,29,48,77,A,CT-OL,PASS,AUCDE,CBCS
20241070012,52014,DCS5104,"Data Mining, Warehousing & Big Data",520,M.Sc. - Computer Science (Online),ONLINE,1,22,37,59,B,CT-OL,PASS,AUCDE,CBCS
20241070012,52015,DCS5105,Distributed Systems & Security Laboratory,520,M.Sc. - Computer Science (Online),ONLINE,1,27,39,66,B+,CT-OL,PASS,AUCDE,CBCS
20241070013,52011,DCS5101,Advanced Operating Systems & Distributed Architecture,520,M.Sc. - Computer Science (Online),ONLINE,1,19,54,73,A,CT-OL,PASS,AUCDE,CBCS
20241070013,52012,DCS5102,Computer Networks & Network Security Protocols,520,M.Sc. - Computer Science (Online),ONLINE,1,25,63,88,A+,CT-OL,PASS,AUCDE,CBCS
20241070013,52013,DCS5103,Object Oriented Software Engineering,520,M.Sc. - Computer Science (Online),ONLINE,1,17,62,79,A,CT-OL,PASS,AUCDE,CBCS
20241070013,52014,DCS5104,"Data Mining, Warehousing & Big Data",520,M.Sc. - Computer Science (Online),ONLINE,1,17,31,48,C,CT-OL,PASS,AUCDE,CBCS
20241070013,52015,DCS5105,Distributed Systems & Security Laboratory,520,M.Sc. - Computer Science (Online),ONLINE,1,19,56,75,A,CT-OL,PASS,AUCDE,CBCS
20241070014,52011,DCS5101,Advanced Operating Systems & Distributed Architecture,520,M.Sc. - Computer Science (Online),ONLINE,1,24,46,70,A,CT-OL,PASS,AUCDE,CBCS
20241070014,52012,DCS5102,Computer Networks & Network Security Protocols,520,M.Sc. - Computer Science (Online),ONLINE,1,28,40,68,B+,CT-OL,PASS,AUCDE,CBCS
20241070014,52013,DCS5103,Object Oriented Software Engineering,520,M.Sc. - Computer Science (Online),ONLINE,1,22,64,86,A+,CT-OL,PASS,AUCDE,CBCS
20241070014,52014,DCS5104,"Data Mining, Warehousing & Big Data",520,M.Sc. - Computer Science (Online),ONLINE,1,21,46,67,B+,CT-OL,PASS,AUCDE,CBCS
20241070014,52015,DCS5105,Distributed Systems & Security Laboratory,520,M.Sc. - Computer Science (Online),ONLINE,1,29,30,59,B,CT-OL,PASS,AUCDE,CBCS
20241070015,52011,DCS5101,Advanced Operating Systems & Distributed Architecture,520,M.Sc. - Computer Science (Online),ONLINE,1,26,52,78,A,CT-OL,PASS,AUCDE,CBCS
20241070015,52012,DCS5102,Computer Networks & Network Security Protocols,520,M.Sc. - Computer Science (Online),ONLINE,1,20,66,86,A+,CT-OL,PASS,AUCDE,CBCS
20241070015,52013,DCS5103,Object Oriented Software Engineering,520,M.Sc. - Computer Science (Online),ONLINE,1,21,46,67,B+,CT-OL,PASS,AUCDE,CBCS
20241070015,52014,DCS5104,"Data Mining, Warehousing & Big Data",520,M.Sc. - Computer Science (Online),ONLINE,1,18,53,71,A,CT-OL,PASS,AUCDE,CBCS
20241070015,52015,DCS5105,Distributed Systems & Security Laboratory,520,M.Sc. - Computer Science (Online),ONLINE,1,24,43,67,B+,CT-OL,PASS,AUCDE,CBCS
20241070016,52011,DCS5101,Advanced Operating Systems & Distributed Architecture,520,M.Sc. - Computer Science (Online),ONLINE,1,21,55,76,A,CT-OL,PASS,AUCDE,CBCS
20241070016,52012,DCS5102,Computer Networks & Network Security Protocols,520,M.Sc. - Computer Science (Online),ONLINE,1,25,40,65,B+,CT-OL,PASS,AUCDE,CBCS
20241070016,52013,DCS5103,Object Oriented Software Engineering,520,M.Sc. - Computer Science (Online),ONLINE,1,21,35,56,B,CT-OL,PASS,AUCDE,CBCS
20241070016,52014,DCS5104,"Data Mining, Warehousing & Big Data",520,M.Sc. - Computer Science (Online),ONLINE,1,23,65,88,A+,CT-OL,PASS,AUCDE,CBCS
20241070016,52015,DCS5105,Distributed Systems & Security Laboratory,520,M.Sc. - Computer Science (Online),ONLINE,1,19,49,68,B+,CT-OL,PASS,AUCDE,CBCS
20241070017,52011,DCS5101,Advanced Operating Systems & Distributed Architecture,520,M.Sc. - Computer Science (Online),ONLINE,1,26,41,67,B+,CT-OL,PASS,AUCDE,CBCS
20241070017,52012,DCS5102,Computer Networks & Network Security Protocols,520,M.Sc. - Computer Science (Online),ONLINE,1,25,53,78,A,CT-OL,PASS,AUCDE,CBCS
20241070017,52013,DCS5103,Object Oriented Software Engineering,520,M.Sc. - Computer Science (Online),ONLINE,1,28,35,63,B+,CT-OL,PASS,AUCDE,CBCS
20241070017,52014,DCS5104,"Data Mining, Warehousing & Big Data",520,M.Sc. - Computer Science (Online),ONLINE,1,21,58,79,A,CT-OL,PASS,AUCDE,CBCS
20241070017,52015,DCS5105,Distributed Systems & Security Laboratory,520,M.Sc. - Computer Science (Online),ONLINE,1,18,54,72,A,CT-OL,PASS,AUCDE,CBCS
20241070018,52011,DCS5101,Advanced Operating Systems & Distributed Architecture,520,M.Sc. - Computer Science (Online),ONLINE,1,21,28,49,C,CT-OL,PASS,AUCDE,CBCS
20241070018,52012,DCS5102,Computer Networks & Network Security Protocols,520,M.Sc. - Computer Science (Online),ONLINE,1,18,38,56,B,CT-OL,PASS,AUCDE,CBCS
20241070018,52013,DCS5103,Object Oriented Software Engineering,520,M.Sc. - Computer Science (Online),ONLINE,1,26,64,90,O,CT-OL,PASS,AUCDE,CBCS
20241070018,52014,DCS5104,"Data Mining, Warehousing & Big Data",520,M.Sc. - Computer Science (Online),ONLINE,1,18,49,67,B+,CT-OL,PASS,AUCDE,CBCS
20241070018,52015,DCS5105,Distributed Systems & Security Laboratory,520,M.Sc. - Computer Science (Online),ONLINE,1,21,51,72,A,CT-OL,PASS,AUCDE,CBCS
20241070019,52011,DCS5101,Advanced Operating Systems & Distributed Architecture,520,M.Sc. - Computer Science (Online),ONLINE,1,23,29,52,B,CT-OL,PASS,AUCDE,CBCS
20241070019,52012,DCS5102,Computer Networks & Network Security Protocols,520,M.Sc. - Computer Science (Online),ONLINE,1,26,50,76,A,CT-OL,PASS,AUCDE,CBCS
20241070019,52013,DCS5103,Object Oriented Software Engineering,520,M.Sc. - Computer Science (Online),ONLINE,1,18,44,62,B+,CT-OL,PASS,AUCDE,CBCS
20241070019,52014,DCS5104,"Data Mining, Warehousing & Big Data",520,M.Sc. - Computer Science (Online),ONLINE,1,23,66,89,A+,CT-OL,PASS,AUCDE,CBCS
20241070019,52015,DCS5105,Distributed Systems & Security Laboratory,520,M.Sc. - Computer Science (Online),ONLINE,1,25,34,59,B,CT-OL,PASS,AUCDE,CBCS
20241070020,52011,DCS5101,Advanced Operating Systems & Distributed Architecture,520,M.Sc. - Computer Science (Online),ONLINE,1,20,29,49,C,CT-OL,PASS,AUCDE,CBCS
20241070020,52012,DCS5102,Computer Networks & Network Security Protocols,520,M.Sc. - Computer Science (Online),ONLINE,1,26,44,70,A,CT-OL,PASS,AUCDE,CBCS
20241070020,52013,DCS5103,Object Oriented Software Engineering,520,M.Sc. - Computer Science (Online),ONLINE,1,,,,,CT-OL,CANCELLED,AUCDE,CBCS
20241070020,52014,DCS5104,"Data Mining, Warehousing & Big Data",520,M.Sc. - Computer Science (Online),ONLINE,1,26,54,80,A+,CT-OL,PASS,AUCDE,CBCS
20241070020,52015,DCS5105,Distributed Systems & Security Laboratory,520,M.Sc. - Computer Science (Online),ONLINE,1,28,64,92,O,CT-OL,PASS,AUCDE,CBCS
20242010001,50011,DBA5101,Management Concepts & Organizational Behaviour,601,MBA - Operations Management (ODL),OFFLINE,1,23,49,72,A,CT-ODL,PASS,AUCDE,CBCS
20242010001,50012,DBA5102,Managerial Economics & Decision Making,601,MBA - Operations Management (ODL),OFFLINE,1,21,49,70,A,CT-ODL,PASS,AUCDE,CBCS
20242010001,50013,DBA5103,Statistical Methods & Quantitative Techniques,601,MBA - Operations Management (ODL),OFFLINE,1,15,50,65,B+,CT-ODL,PASS,AUCDE,CBCS
20242010001,50014,DBA5104,Financial & Management Accounting,601,MBA - Operations Management (ODL),OFFLINE,1,,,,,CT-ODL,CANCELLED,AUCDE,CBCS
20242010001,50015,DBA5105,Legal Aspects of Business & Corporate Ethics,601,MBA - Operations Management (ODL),OFFLINE,1,24,40,64,B+,CT-ODL,PASS,AUCDE,CBCS
20242010001,50016,DBA5106,Information Management & ERP Systems,601,MBA - Operations Management (ODL),OFFLINE,1,22,62,84,A+,CT-ODL,PASS,AUCDE,CBCS
20242010001,50017,DBA5107,Business Communication & Soft Skills Laboratory,601,MBA - Operations Management (ODL),OFFLINE,1,25,32,57,B,CT-ODL,PASS,AUCDE,CBCS
20242010002,50011,DBA5101,Management Concepts & Organizational Behaviour,601,MBA - Operations Management (ODL),OFFLINE,1,21,49,70,A,CT-ODL,PASS,AUCDE,CBCS
20242010002,50012,DBA5102,Managerial Economics & Decision Making,601,MBA - Operations Management (ODL),OFFLINE,1,27,27,54,B,CT-ODL,PASS,AUCDE,CBCS
20242010002,50013,DBA5103,Statistical Methods & Quantitative Techniques,601,MBA - Operations Management (ODL),OFFLINE,1,18,63,81,A+,CT-ODL,PASS,AUCDE,CBCS
20242010002,50014,DBA5104,Financial & Management Accounting,601,MBA - Operations Management (ODL),OFFLINE,1,16,64,80,A+,CT-ODL,PASS,AUCDE,CBCS
20242010002,50015,DBA5105,Legal Aspects of Business & Corporate Ethics,601,MBA - Operations Management (ODL),OFFLINE,1,20,40,60,B+,CT-ODL,PASS,AUCDE,CBCS
20242010002,50016,DBA5106,Information Management & ERP Systems,601,MBA - Operations Management (ODL),OFFLINE,1,24,28,52,B,CT-ODL,PASS,AUCDE,CBCS
20242010002,50017,DBA5107,Business Communication & Soft Skills Laboratory,601,MBA - Operations Management (ODL),OFFLINE,1,23,51,74,A,CT-ODL,PASS,AUCDE,CBCS
20242010003,50011,DBA5101,Management Concepts & Organizational Behaviour,601,MBA - Operations Management (ODL),OFFLINE,1,24,62,86,A+,CT-ODL,PASS,AUCDE,CBCS
20242010003,50012,DBA5102,Managerial Economics & Decision Making,601,MBA - Operations Management (ODL),OFFLINE,1,28,56,84,A+,CT-ODL,PASS,AUCDE,CBCS
20242010003,50013,DBA5103,Statistical Methods & Quantitative Techniques,601,MBA - Operations Management (ODL),OFFLINE,1,22,38,60,B+,CT-ODL,PASS,AUCDE,CBCS
20242010003,50014,DBA5104,Financial & Management Accounting,601,MBA - Operations Management (ODL),OFFLINE,1,15,43,58,B,CT-ODL,PASS,AUCDE,CBCS
20242010003,50015,DBA5105,Legal Aspects of Business & Corporate Ethics,601,MBA - Operations Management (ODL),OFFLINE,1,27,56,83,A+,CT-ODL,PASS,AUCDE,CBCS
20242010003,50016,DBA5106,Information Management & ERP Systems,601,MBA - Operations Management (ODL),OFFLINE,1,25,42,67,B+,CT-ODL,PASS,AUCDE,CBCS
20242010003,50017,DBA5107,Business Communication & Soft Skills Laboratory,601,MBA - Operations Management (ODL),OFFLINE,1,22,51,73,A,CT-ODL,PASS,AUCDE,CBCS
20242010004,50011,DBA5101,Management Concepts & Organizational Behaviour,601,MBA - Operations Management (ODL),OFFLINE,1,18,50,68,B+,CT-ODL,PASS,AUCDE,CBCS
20242010004,50012,DBA5102,Managerial Economics & Decision Making,601,MBA - Operations Management (ODL),OFFLINE,1,16,50,66,B+,CT-ODL,PASS,AUCDE,CBCS
20242010004,50013,DBA5103,Statistical Methods & Quantitative Techniques,601,MBA - Operations Management (ODL),OFFLINE,1,18,31,49,C,CT-ODL,PASS,AUCDE,CBCS
20242010004,50014,DBA5104,Financial & Management Accounting,601,MBA - Operations Management (ODL),OFFLINE,1,22,45,67,B+,CT-ODL,PASS,AUCDE,CBCS
20242010004,50015,DBA5105,Legal Aspects of Business & Corporate Ethics,601,MBA - Operations Management (ODL),OFFLINE,1,24,26,50,B,CT-ODL,PASS,AUCDE,CBCS
20242010004,50016,DBA5106,Information Management & ERP Systems,601,MBA - Operations Management (ODL),OFFLINE,1,18,28,46,C,CT-ODL,PASS,AUCDE,CBCS
20242010004,50017,DBA5107,Business Communication & Soft Skills Laboratory,601,MBA - Operations Management (ODL),OFFLINE,1,21,58,79,A,CT-ODL,PASS,AUCDE,CBCS
20242010005,50011,DBA5101,Management Concepts & Organizational Behaviour,601,MBA - Operations Management (ODL),OFFLINE,1,28,52,80,A+,CT-ODL,PASS,AUCDE,CBCS
20242010005,50012,DBA5102,Managerial Economics & Decision Making,601,MBA - Operations Management (ODL),OFFLINE,1,27,44,71,A,CT-ODL,PASS,AUCDE,CBCS
20242010005,50013,DBA5103,Statistical Methods & Quantitative Techniques,601,MBA - Operations Management (ODL),OFFLINE,1,28,57,85,A+,CT-ODL,PASS,AUCDE,CBCS
20242010005,50014,DBA5104,Financial & Management Accounting,601,MBA - Operations Management (ODL),OFFLINE,1,27,56,83,A+,CT-ODL,PASS,AUCDE,CBCS
20242010005,50015,DBA5105,Legal Aspects of Business & Corporate Ethics,601,MBA - Operations Management (ODL),OFFLINE,1,27,58,85,A+,CT-ODL,PASS,AUCDE,CBCS
20242010005,50016,DBA5106,Information Management & ERP Systems,601,MBA - Operations Management (ODL),OFFLINE,1,23,55,78,A,CT-ODL,PASS,AUCDE,CBCS
20242010005,50017,DBA5107,Business Communication & Soft Skills Laboratory,601,MBA - Operations Management (ODL),OFFLINE,1,16,47,63,B+,CT-ODL,PASS,AUCDE,CBCS
20242010006,50011,DBA5101,Management Concepts & Organizational Behaviour,601,MBA - Operations Management (ODL),OFFLINE,1,19,28,47,C,CT-ODL,PASS,AUCDE,CBCS
20242010006,50012,DBA5102,Managerial Economics & Decision Making,601,MBA - Operations Management (ODL),OFFLINE,1,25,37,62,B+,CT-ODL,PASS,AUCDE,CBCS
20242010006,50013,DBA5103,Statistical Methods & Quantitative Techniques,601,MBA - Operations Management (ODL),OFFLINE,1,24,33,57,B,CT-ODL,PASS,AUCDE,CBCS
20242010006,50014,DBA5104,Financial & Management Accounting,601,MBA - Operations Management (ODL),OFFLINE,1,19,44,63,B+,CT-ODL,PASS,AUCDE,CBCS
20242010006,50015,DBA5105,Legal Aspects of Business & Corporate Ethics,601,MBA - Operations Management (ODL),OFFLINE,1,28,43,71,A,CT-ODL,PASS,AUCDE,CBCS
20242010006,50016,DBA5106,Information Management & ERP Systems,601,MBA - Operations Management (ODL),OFFLINE,1,15,40,55,B,CT-ODL,PASS,AUCDE,CBCS
20242010006,50017,DBA5107,Business Communication & Soft Skills Laboratory,601,MBA - Operations Management (ODL),OFFLINE,1,17,44,61,B+,CT-ODL,PASS,AUCDE,CBCS
20242010007,50011,DBA5101,Management Concepts & Organizational Behaviour,601,MBA - Operations Management (ODL),OFFLINE,1,28,50,78,A,CT-ODL,PASS,AUCDE,CBCS
20242010007,50012,DBA5102,Managerial Economics & Decision Making,601,MBA - Operations Management (ODL),OFFLINE,1,19,38,57,B,CT-ODL,PASS,AUCDE,CBCS
20242010007,50013,DBA5103,Statistical Methods & Quantitative Techniques,601,MBA - Operations Management (ODL),OFFLINE,1,15,34,49,C,CT-ODL,PASS,AUCDE,CBCS
20242010007,50014,DBA5104,Financial & Management Accounting,601,MBA - Operations Management (ODL),OFFLINE,1,15,41,56,B,CT-ODL,PASS,AUCDE,CBCS
20242010007,50015,DBA5105,Legal Aspects of Business & Corporate Ethics,601,MBA - Operations Management (ODL),OFFLINE,1,17,32,49,C,CT-ODL,PASS,AUCDE,CBCS
20242010007,50016,DBA5106,Information Management & ERP Systems,601,MBA - Operations Management (ODL),OFFLINE,1,21,40,61,B+,CT-ODL,PASS,AUCDE,CBCS
20242010007,50017,DBA5107,Business Communication & Soft Skills Laboratory,601,MBA - Operations Management (ODL),OFFLINE,1,15,64,79,A,CT-ODL,PASS,AUCDE,CBCS
20242010008,50011,DBA5101,Management Concepts & Organizational Behaviour,601,MBA - Operations Management (ODL),OFFLINE,1,15,37,52,B,CT-ODL,PASS,AUCDE,CBCS
20242010008,50012,DBA5102,Managerial Economics & Decision Making,601,MBA - Operations Management (ODL),OFFLINE,1,18,27,45,C,CT-ODL,PASS,AUCDE,CBCS
20242010008,50013,DBA5103,Statistical Methods & Quantitative Techniques,601,MBA - Operations Management (ODL),OFFLINE,1,18,55,73,A,CT-ODL,PASS,AUCDE,CBCS
20242010008,50014,DBA5104,Financial & Management Accounting,601,MBA - Operations Management (ODL),OFFLINE,1,25,34,59,B,CT-ODL,PASS,AUCDE,CBCS
20242010008,50015,DBA5105,Legal Aspects of Business & Corporate Ethics,601,MBA - Operations Management (ODL),OFFLINE,1,21,44,65,B+,CT-ODL,PASS,AUCDE,CBCS
20242010008,50016,DBA5106,Information Management & ERP Systems,601,MBA - Operations Management (ODL),OFFLINE,1,23,46,69,B+,CT-ODL,PASS,AUCDE,CBCS
20242010008,50017,DBA5107,Business Communication & Soft Skills Laboratory,601,MBA - Operations Management (ODL),OFFLINE,1,23,53,76,A,CT-ODL,PASS,AUCDE,CBCS
20242010009,50011,DBA5101,Management Concepts & Organizational Behaviour,601,MBA - Operations Management (ODL),OFFLINE,1,23,42,65,B+,CT-ODL,PASS,AUCDE,CBCS
20242010009,50012,DBA5102,Managerial Economics & Decision Making,601,MBA - Operations Management (ODL),OFFLINE,1,19,57,76,A,CT-ODL,PASS,AUCDE,CBCS
20242010009,50013,DBA5103,Statistical Methods & Quantitative Techniques,601,MBA - Operations Management (ODL),OFFLINE,1,28,26,54,B,CT-ODL,PASS,AUCDE,CBCS
20242010009,50014,DBA5104,Financial & Management Accounting,601,MBA - Operations Management (ODL),OFFLINE,1,27,26,53,B,CT-ODL,PASS,AUCDE,CBCS
20242010009,50015,DBA5105,Legal Aspects of Business & Corporate Ethics,601,MBA - Operations Management (ODL),OFFLINE,1,24,61,85,A+,CT-ODL,PASS,AUCDE,CBCS
20242010009,50016,DBA5106,Information Management & ERP Systems,601,MBA - Operations Management (ODL),OFFLINE,1,26,38,64,B+,CT-ODL,PASS,AUCDE,CBCS
20242010009,50017,DBA5107,Business Communication & Soft Skills Laboratory,601,MBA - Operations Management (ODL),OFFLINE,1,18,39,57,B,CT-ODL,PASS,AUCDE,CBCS
20242010010,50011,DBA5101,Management Concepts & Organizational Behaviour,601,MBA - Operations Management (ODL),OFFLINE,1,24,49,73,A,CT-ODL,PASS,AUCDE,CBCS
20242010010,50012,DBA5102,Managerial Economics & Decision Making,601,MBA - Operations Management (ODL),OFFLINE,1,22,60,82,A+,CT-ODL,PASS,AUCDE,CBCS
20242010010,50013,DBA5103,Statistical Methods & Quantitative Techniques,601,MBA - Operations Management (ODL),OFFLINE,1,27,45,72,A,CT-ODL,PASS,AUCDE,CBCS
20242010010,50014,DBA5104,Financial & Management Accounting,601,MBA - Operations Management (ODL),OFFLINE,1,,,,,CT-ODL,CANCELLED,AUCDE,CBCS
20242010010,50015,DBA5105,Legal Aspects of Business & Corporate Ethics,601,MBA - Operations Management (ODL),OFFLINE,1,16,52,68,B+,CT-ODL,PASS,AUCDE,CBCS
20242010010,50016,DBA5106,Information Management & ERP Systems,601,MBA - Operations Management (ODL),OFFLINE,1,15,44,59,B,CT-ODL,PASS,AUCDE,CBCS
20242010010,50017,DBA5107,Business Communication & Soft Skills Laboratory,601,MBA - Operations Management (ODL),OFFLINE,1,18,52,70,A,CT-ODL,PASS,AUCDE,CBCS
20242010011,50011,DBA5101,Management Concepts & Organizational Behaviour,601,MBA - Operations Management (ODL),OFFLINE,1,18,35,53,B,CT-ODL,PASS,AUCDE,CBCS
20242010011,50012,DBA5102,Managerial Economics & Decision Making,601,MBA - Operations Management (ODL),OFFLINE,1,17,26,43,C,CT-ODL,PASS,AUCDE,CBCS
20242010011,50013,DBA5103,Statistical Methods & Quantitative Techniques,601,MBA - Operations Management (ODL),OFFLINE,1,28,56,84,A+,CT-ODL,PASS,AUCDE,CBCS
20242010011,50014,DBA5104,Financial & Management Accounting,601,MBA - Operations Management (ODL),OFFLINE,1,21,47,68,B+,CT-ODL,PASS,AUCDE,CBCS
20242010011,50015,DBA5105,Legal Aspects of Business & Corporate Ethics,601,MBA - Operations Management (ODL),OFFLINE,1,24,40,64,B+,CT-ODL,PASS,AUCDE,CBCS
20242010011,50016,DBA5106,Information Management & ERP Systems,601,MBA - Operations Management (ODL),OFFLINE,1,25,31,56,B,CT-ODL,PASS,AUCDE,CBCS
20242010011,50017,DBA5107,Business Communication & Soft Skills Laboratory,601,MBA - Operations Management (ODL),OFFLINE,1,19,40,59,B,CT-ODL,PASS,AUCDE,CBCS
20242010012,50011,DBA5101,Management Concepts & Organizational Behaviour,601,MBA - Operations Management (ODL),OFFLINE,1,19,42,61,B+,CT-ODL,PASS,AUCDE,CBCS
20242010012,50012,DBA5102,Managerial Economics & Decision Making,601,MBA - Operations Management (ODL),OFFLINE,1,26,43,69,B+,CT-ODL,PASS,AUCDE,CBCS
20242010012,50013,DBA5103,Statistical Methods & Quantitative Techniques,601,MBA - Operations Management (ODL),OFFLINE,1,19,40,59,B,CT-ODL,PASS,AUCDE,CBCS
20242010012,50014,DBA5104,Financial & Management Accounting,601,MBA - Operations Management (ODL),OFFLINE,1,24,49,73,A,CT-ODL,PASS,AUCDE,CBCS
20242010012,50015,DBA5105,Legal Aspects of Business & Corporate Ethics,601,MBA - Operations Management (ODL),OFFLINE,1,28,28,56,B,CT-ODL,PASS,AUCDE,CBCS
20242010012,50016,DBA5106,Information Management & ERP Systems,601,MBA - Operations Management (ODL),OFFLINE,1,25,39,64,B+,CT-ODL,PASS,AUCDE,CBCS
20242010012,50017,DBA5107,Business Communication & Soft Skills Laboratory,601,MBA - Operations Management (ODL),OFFLINE,1,17,30,47,C,CT-ODL,PASS,AUCDE,CBCS
20242010013,50011,DBA5101,Management Concepts & Organizational Behaviour,601,MBA - Operations Management (ODL),OFFLINE,1,,,,,CT-ODL,CANCELLED,AUCDE,CBCS
20242010013,50012,DBA5102,Managerial Economics & Decision Making,601,MBA - Operations Management (ODL),OFFLINE,1,19,47,66,B+,CT-ODL,PASS,AUCDE,CBCS
20242010013,50013,DBA5103,Statistical Methods & Quantitative Techniques,601,MBA - Operations Management (ODL),OFFLINE,1,25,48,73,A,CT-ODL,PASS,AUCDE,CBCS
20242010013,50014,DBA5104,Financial & Management Accounting,601,MBA - Operations Management (ODL),OFFLINE,1,,,,,CT-ODL,CANCELLED,AUCDE,CBCS
20242010013,50015,DBA5105,Legal Aspects of Business & Corporate Ethics,601,MBA - Operations Management (ODL),OFFLINE,1,22,30,52,B,CT-ODL,PASS,AUCDE,CBCS
20242010013,50016,DBA5106,Information Management & ERP Systems,601,MBA - Operations Management (ODL),OFFLINE,1,28,31,59,B,CT-ODL,PASS,AUCDE,CBCS
20242010013,50017,DBA5107,Business Communication & Soft Skills Laboratory,601,MBA - Operations Management (ODL),OFFLINE,1,22,45,67,B+,CT-ODL,PASS,AUCDE,CBCS
20242010014,50011,DBA5101,Management Concepts & Organizational Behaviour,601,MBA - Operations Management (ODL),OFFLINE,1,22,63,85,A+,CT-ODL,PASS,AUCDE,CBCS
20242010014,50012,DBA5102,Managerial Economics & Decision Making,601,MBA - Operations Management (ODL),OFFLINE,1,16,32,48,C,CT-ODL,PASS,AUCDE,CBCS
20242010014,50013,DBA5103,Statistical Methods & Quantitative Techniques,601,MBA - Operations Management (ODL),OFFLINE,1,21,40,61,B+,CT-ODL,PASS,AUCDE,CBCS
20242010014,50014,DBA5104,Financial & Management Accounting,601,MBA - Operations Management (ODL),OFFLINE,1,23,51,74,A,CT-ODL,PASS,AUCDE,CBCS
20242010014,50015,DBA5105,Legal Aspects of Business & Corporate Ethics,601,MBA - Operations Management (ODL),OFFLINE,1,18,50,68,B+,CT-ODL,PASS,AUCDE,CBCS
20242010014,50016,DBA5106,Information Management & ERP Systems,601,MBA - Operations Management (ODL),OFFLINE,1,18,39,57,B,CT-ODL,PASS,AUCDE,CBCS
20242010014,50017,DBA5107,Business Communication & Soft Skills Laboratory,601,MBA - Operations Management (ODL),OFFLINE,1,17,31,48,C,CT-ODL,PASS,AUCDE,CBCS
20242010015,50011,DBA5101,Management Concepts & Organizational Behaviour,601,MBA - Operations Management (ODL),OFFLINE,1,24,60,84,A+,CT-ODL,PASS,AUCDE,CBCS
20242010015,50012,DBA5102,Managerial Economics & Decision Making,601,MBA - Operations Management (ODL),OFFLINE,1,26,47,73,A,CT-ODL,PASS,AUCDE,CBCS
20242010015,50013,DBA5103,Statistical Methods & Quantitative Techniques,601,MBA - Operations Management (ODL),OFFLINE,1,18,62,80,A+,CT-ODL,PASS,AUCDE,CBCS
20242010015,50014,DBA5104,Financial & Management Accounting,601,MBA - Operations Management (ODL),OFFLINE,1,24,48,72,A,CT-ODL,PASS,AUCDE,CBCS
20242010015,50015,DBA5105,Legal Aspects of Business & Corporate Ethics,601,MBA - Operations Management (ODL),OFFLINE,1,17,37,54,B,CT-ODL,PASS,AUCDE,CBCS
20242010015,50016,DBA5106,Information Management & ERP Systems,601,MBA - Operations Management (ODL),OFFLINE,1,17,33,50,B,CT-ODL,PASS,AUCDE,CBCS
20242010015,50017,DBA5107,Business Communication & Soft Skills Laboratory,601,MBA - Operations Management (ODL),OFFLINE,1,26,36,62,B+,CT-ODL,PASS,AUCDE,CBCS
20242010016,50011,DBA5101,Management Concepts & Organizational Behaviour,601,MBA - Operations Management (ODL),OFFLINE,1,25,45,70,A,CT-ODL,PASS,AUCDE,CBCS
20242010016,50012,DBA5102,Managerial Economics & Decision Making,601,MBA - Operations Management (ODL),OFFLINE,1,26,46,72,A,CT-ODL,PASS,AUCDE,CBCS
20242010016,50013,DBA5103,Statistical Methods & Quantitative Techniques,601,MBA - Operations Management (ODL),OFFLINE,1,19,56,75,A,CT-ODL,PASS,AUCDE,CBCS
20242010016,50014,DBA5104,Financial & Management Accounting,601,MBA - Operations Management (ODL),OFFLINE,1,19,29,48,C,CT-ODL,PASS,AUCDE,CBCS
20242010016,50015,DBA5105,Legal Aspects of Business & Corporate Ethics,601,MBA - Operations Management (ODL),OFFLINE,1,27,49,76,A,CT-ODL,PASS,AUCDE,CBCS
20242010016,50016,DBA5106,Information Management & ERP Systems,601,MBA - Operations Management (ODL),OFFLINE,1,16,42,58,B,CT-ODL,PASS,AUCDE,CBCS
20242010016,50017,DBA5107,Business Communication & Soft Skills Laboratory,601,MBA - Operations Management (ODL),OFFLINE,1,16,28,44,C,CT-ODL,PASS,AUCDE,CBCS
20242010017,50011,DBA5101,Management Concepts & Organizational Behaviour,601,MBA - Operations Management (ODL),OFFLINE,1,18,35,53,B,CT-ODL,PASS,AUCDE,CBCS
20242010017,50012,DBA5102,Managerial Economics & Decision Making,601,MBA - Operations Management (ODL),OFFLINE,1,22,30,52,B,CT-ODL,PASS,AUCDE,CBCS
20242010017,50013,DBA5103,Statistical Methods & Quantitative Techniques,601,MBA - Operations Management (ODL),OFFLINE,1,16,45,61,B+,CT-ODL,PASS,AUCDE,CBCS
20242010017,50014,DBA5104,Financial & Management Accounting,601,MBA - Operations Management (ODL),OFFLINE,1,28,46,74,A,CT-ODL,PASS,AUCDE,CBCS
20242010017,50015,DBA5105,Legal Aspects of Business & Corporate Ethics,601,MBA - Operations Management (ODL),OFFLINE,1,23,54,77,A,CT-ODL,PASS,AUCDE,CBCS
20242010017,50016,DBA5106,Information Management & ERP Systems,601,MBA - Operations Management (ODL),OFFLINE,1,23,47,70,A,CT-ODL,PASS,AUCDE,CBCS
20242010017,50017,DBA5107,Business Communication & Soft Skills Laboratory,601,MBA - Operations Management (ODL),OFFLINE,1,15,49,64,B+,CT-ODL,PASS,AUCDE,CBCS
20242010018,50011,DBA5101,Management Concepts & Organizational Behaviour,601,MBA - Operations Management (ODL),OFFLINE,1,25,44,69,B+,CT-ODL,PASS,AUCDE,CBCS
20242010018,50012,DBA5102,Managerial Economics & Decision Making,601,MBA - Operations Management (ODL),OFFLINE,1,24,30,54,B,CT-ODL,PASS,AUCDE,CBCS
20242010018,50013,DBA5103,Statistical Methods & Quantitative Techniques,601,MBA - Operations Management (ODL),OFFLINE,1,15,35,50,B,CT-ODL,PASS,AUCDE,CBCS
20242010018,50014,DBA5104,Financial & Management Accounting,601,MBA - Operations Management (ODL),OFFLINE,1,24,42,66,B+,CT-ODL,PASS,AUCDE,CBCS
20242010018,50015,DBA5105,Legal Aspects of Business & Corporate Ethics,601,MBA - Operations Management (ODL),OFFLINE,1,25,54,79,A,CT-ODL,PASS,AUCDE,CBCS
20242010018,50016,DBA5106,Information Management & ERP Systems,601,MBA - Operations Management (ODL),OFFLINE,1,19,36,55,B,CT-ODL,PASS,AUCDE,CBCS
20242010018,50017,DBA5107,Business Communication & Soft Skills Laboratory,601,MBA - Operations Management (ODL),OFFLINE,1,27,47,74,A,CT-ODL,PASS,AUCDE,CBCS
20242010019,50011,DBA5101,Management Concepts & Organizational Behaviour,601,MBA - Operations Management (ODL),OFFLINE,1,19,59,78,A,CT-ODL,PASS,AUCDE,CBCS
20242010019,50012,DBA5102,Managerial Economics & Decision Making,601,MBA - Operations Management (ODL),OFFLINE,1,18,56,74,A,CT-ODL,PASS,AUCDE,CBCS
20242010019,50013,DBA5103,Statistical Methods & Quantitative Techniques,601,MBA - Operations Management (ODL),OFFLINE,1,22,59,81,A+,CT-ODL,PASS,AUCDE,CBCS
20242010019,50014,DBA5104,Financial & Management Accounting,601,MBA - Operations Management (ODL),OFFLINE,1,25,55,80,A+,CT-ODL,PASS,AUCDE,CBCS
20242010019,50015,DBA5105,Legal Aspects of Business & Corporate Ethics,601,MBA - Operations Management (ODL),OFFLINE,1,,,,,CT-ODL,CANCELLED,AUCDE,CBCS
20242010019,50016,DBA5106,Information Management & ERP Systems,601,MBA - Operations Management (ODL),OFFLINE,1,22,43,65,B+,CT-ODL,PASS,AUCDE,CBCS
20242010019,50017,DBA5107,Business Communication & Soft Skills Laboratory,601,MBA - Operations Management (ODL),OFFLINE,1,15,36,51,B,CT-ODL,PASS,AUCDE,CBCS
20242010020,50011,DBA5101,Management Concepts & Organizational Behaviour,601,MBA - Operations Management (ODL),OFFLINE,1,22,32,54,B,CT-ODL,PASS,AUCDE,CBCS
20242010020,50012,DBA5102,Managerial Economics & Decision Making,601,MBA - Operations Management (ODL),OFFLINE,1,22,48,70,A,CT-ODL,PASS,AUCDE,CBCS
20242010020,50013,DBA5103,Statistical Methods & Quantitative Techniques,601,MBA - Operations Management (ODL),OFFLINE,1,16,62,78,A,CT-ODL,PASS,AUCDE,CBCS
20242010020,50014,DBA5104,Financial & Management Accounting,601,MBA - Operations Management (ODL),OFFLINE,1,21,28,49,C,CT-ODL,PASS,AUCDE,CBCS
20242010020,50015,DBA5105,Legal Aspects of Business & Corporate Ethics,601,MBA - Operations Management (ODL),OFFLINE,1,16,48,64,B+,CT-ODL,PASS,AUCDE,CBCS
20242010020,50016,DBA5106,Information Management & ERP Systems,601,MBA - Operations Management (ODL),OFFLINE,1,15,50,65,B+,CT-ODL,PASS,AUCDE,CBCS
20242010020,50017,DBA5107,Business Communication & Soft Skills Laboratory,601,MBA - Operations Management (ODL),OFFLINE,1,23,53,76,A,CT-ODL,PASS,AUCDE,CBCS
20242020001,50011,DBA5101,Management Concepts & Organizational Behaviour,602,MBA - Technology Management (ODL),OFFLINE,1,20,56,76,A,CT-ODL,PASS,AUCDE,CBCS
20242020001,50012,DBA5102,Managerial Economics & Decision Making,602,MBA - Technology Management (ODL),OFFLINE,1,,,,,CT-ODL,CANCELLED,AUCDE,CBCS
20242020001,50013,DBA5103,Statistical Methods & Quantitative Techniques,602,MBA - Technology Management (ODL),OFFLINE,1,25,56,81,A+,CT-ODL,PASS,AUCDE,CBCS
20242020001,50014,DBA5104,Financial & Management Accounting,602,MBA - Technology Management (ODL),OFFLINE,1,23,33,56,B,CT-ODL,PASS,AUCDE,CBCS
20242020001,50015,DBA5105,Legal Aspects of Business & Corporate Ethics,602,MBA - Technology Management (ODL),OFFLINE,1,26,45,71,A,CT-ODL,PASS,AUCDE,CBCS
20242020001,50016,DBA5106,Information Management & ERP Systems,602,MBA - Technology Management (ODL),OFFLINE,1,28,63,91,O,CT-ODL,PASS,AUCDE,CBCS
20242020001,50017,DBA5107,Business Communication & Soft Skills Laboratory,602,MBA - Technology Management (ODL),OFFLINE,1,18,42,60,B+,CT-ODL,PASS,AUCDE,CBCS
20242020002,50011,DBA5101,Management Concepts & Organizational Behaviour,602,MBA - Technology Management (ODL),OFFLINE,1,21,61,82,A+,CT-ODL,PASS,AUCDE,CBCS
20242020002,50012,DBA5102,Managerial Economics & Decision Making,602,MBA - Technology Management (ODL),OFFLINE,1,24,55,79,A,CT-ODL,PASS,AUCDE,CBCS
20242020002,50013,DBA5103,Statistical Methods & Quantitative Techniques,602,MBA - Technology Management (ODL),OFFLINE,1,25,27,52,B,CT-ODL,PASS,AUCDE,CBCS
20242020002,50014,DBA5104,Financial & Management Accounting,602,MBA - Technology Management (ODL),OFFLINE,1,17,50,67,B+,CT-ODL,PASS,AUCDE,CBCS
20242020002,50015,DBA5105,Legal Aspects of Business & Corporate Ethics,602,MBA - Technology Management (ODL),OFFLINE,1,28,42,70,A,CT-ODL,PASS,AUCDE,CBCS
20242020002,50016,DBA5106,Information Management & ERP Systems,602,MBA - Technology Management (ODL),OFFLINE,1,22,63,85,A+,CT-ODL,PASS,AUCDE,CBCS
20242020002,50017,DBA5107,Business Communication & Soft Skills Laboratory,602,MBA - Technology Management (ODL),OFFLINE,1,22,52,74,A,CT-ODL,PASS,AUCDE,CBCS
20242020003,50011,DBA5101,Management Concepts & Organizational Behaviour,602,MBA - Technology Management (ODL),OFFLINE,1,17,62,79,A,CT-ODL,PASS,AUCDE,CBCS
20242020003,50012,DBA5102,Managerial Economics & Decision Making,602,MBA - Technology Management (ODL),OFFLINE,1,19,28,47,C,CT-ODL,PASS,AUCDE,CBCS
20242020003,50013,DBA5103,Statistical Methods & Quantitative Techniques,602,MBA - Technology Management (ODL),OFFLINE,1,15,47,62,B+,CT-ODL,PASS,AUCDE,CBCS
20242020003,50014,DBA5104,Financial & Management Accounting,602,MBA - Technology Management (ODL),OFFLINE,1,28,46,74,A,CT-ODL,PASS,AUCDE,CBCS
20242020003,50015,DBA5105,Legal Aspects of Business & Corporate Ethics,602,MBA - Technology Management (ODL),OFFLINE,1,15,43,58,B,CT-ODL,PASS,AUCDE,CBCS
20242020003,50016,DBA5106,Information Management & ERP Systems,602,MBA - Technology Management (ODL),OFFLINE,1,22,41,63,B+,CT-ODL,PASS,AUCDE,CBCS
20242020003,50017,DBA5107,Business Communication & Soft Skills Laboratory,602,MBA - Technology Management (ODL),OFFLINE,1,17,48,65,B+,CT-ODL,PASS,AUCDE,CBCS
20242020004,50011,DBA5101,Management Concepts & Organizational Behaviour,602,MBA - Technology Management (ODL),OFFLINE,1,27,50,77,A,CT-ODL,PASS,AUCDE,CBCS
20242020004,50012,DBA5102,Managerial Economics & Decision Making,602,MBA - Technology Management (ODL),OFFLINE,1,19,36,55,B,CT-ODL,PASS,AUCDE,CBCS
20242020004,50013,DBA5103,Statistical Methods & Quantitative Techniques,602,MBA - Technology Management (ODL),OFFLINE,1,17,45,62,B+,CT-ODL,PASS,AUCDE,CBCS
20242020004,50014,DBA5104,Financial & Management Accounting,602,MBA - Technology Management (ODL),OFFLINE,1,26,41,67,B+,CT-ODL,PASS,AUCDE,CBCS
20242020004,50015,DBA5105,Legal Aspects of Business & Corporate Ethics,602,MBA - Technology Management (ODL),OFFLINE,1,15,63,78,A,CT-ODL,PASS,AUCDE,CBCS
20242020004,50016,DBA5106,Information Management & ERP Systems,602,MBA - Technology Management (ODL),OFFLINE,1,20,45,65,B+,CT-ODL,PASS,AUCDE,CBCS
20242020004,50017,DBA5107,Business Communication & Soft Skills Laboratory,602,MBA - Technology Management (ODL),OFFLINE,1,15,34,49,C,CT-ODL,PASS,AUCDE,CBCS
20242020005,50011,DBA5101,Management Concepts & Organizational Behaviour,602,MBA - Technology Management (ODL),OFFLINE,1,15,26,41,C,CT-ODL,PASS,AUCDE,CBCS
20242020005,50012,DBA5102,Managerial Economics & Decision Making,602,MBA - Technology Management (ODL),OFFLINE,1,23,35,58,B,CT-ODL,PASS,AUCDE,CBCS
20242020005,50013,DBA5103,Statistical Methods & Quantitative Techniques,602,MBA - Technology Management (ODL),OFFLINE,1,26,37,63,B+,CT-ODL,PASS,AUCDE,CBCS
20242020005,50014,DBA5104,Financial & Management Accounting,602,MBA - Technology Management (ODL),OFFLINE,1,18,31,49,C,CT-ODL,PASS,AUCDE,CBCS
20242020005,50015,DBA5105,Legal Aspects of Business & Corporate Ethics,602,MBA - Technology Management (ODL),OFFLINE,1,24,40,64,B+,CT-ODL,PASS,AUCDE,CBCS
20242020005,50016,DBA5106,Information Management & ERP Systems,602,MBA - Technology Management (ODL),OFFLINE,1,25,43,68,B+,CT-ODL,PASS,AUCDE,CBCS
20242020005,50017,DBA5107,Business Communication & Soft Skills Laboratory,602,MBA - Technology Management (ODL),OFFLINE,1,18,26,44,C,CT-ODL,PASS,AUCDE,CBCS
20242020006,50011,DBA5101,Management Concepts & Organizational Behaviour,602,MBA - Technology Management (ODL),OFFLINE,1,27,57,84,A+,CT-ODL,PASS,AUCDE,CBCS
20242020006,50012,DBA5102,Managerial Economics & Decision Making,602,MBA - Technology Management (ODL),OFFLINE,1,19,35,54,B,CT-ODL,PASS,AUCDE,CBCS
20242020006,50013,DBA5103,Statistical Methods & Quantitative Techniques,602,MBA - Technology Management (ODL),OFFLINE,1,16,44,60,B+,CT-ODL,PASS,AUCDE,CBCS
20242020006,50014,DBA5104,Financial & Management Accounting,602,MBA - Technology Management (ODL),OFFLINE,1,20,32,52,B,CT-ODL,PASS,AUCDE,CBCS
20242020006,50015,DBA5105,Legal Aspects of Business & Corporate Ethics,602,MBA - Technology Management (ODL),OFFLINE,1,15,34,49,C,CT-ODL,PASS,AUCDE,CBCS
20242020006,50016,DBA5106,Information Management & ERP Systems,602,MBA - Technology Management (ODL),OFFLINE,1,26,35,61,B+,CT-ODL,PASS,AUCDE,CBCS
20242020006,50017,DBA5107,Business Communication & Soft Skills Laboratory,602,MBA - Technology Management (ODL),OFFLINE,1,16,55,71,A,CT-ODL,PASS,AUCDE,CBCS
20242020007,50011,DBA5101,Management Concepts & Organizational Behaviour,602,MBA - Technology Management (ODL),OFFLINE,1,24,49,73,A,CT-ODL,PASS,AUCDE,CBCS
20242020007,50012,DBA5102,Managerial Economics & Decision Making,602,MBA - Technology Management (ODL),OFFLINE,1,20,34,54,B,CT-ODL,PASS,AUCDE,CBCS
20242020007,50013,DBA5103,Statistical Methods & Quantitative Techniques,602,MBA - Technology Management (ODL),OFFLINE,1,15,32,47,C,CT-ODL,PASS,AUCDE,CBCS
20242020007,50014,DBA5104,Financial & Management Accounting,602,MBA - Technology Management (ODL),OFFLINE,1,16,59,75,A,CT-ODL,PASS,AUCDE,CBCS
20242020007,50015,DBA5105,Legal Aspects of Business & Corporate Ethics,602,MBA - Technology Management (ODL),OFFLINE,1,17,58,75,A,CT-ODL,PASS,AUCDE,CBCS
20242020007,50016,DBA5106,Information Management & ERP Systems,602,MBA - Technology Management (ODL),OFFLINE,1,27,47,74,A,CT-ODL,PASS,AUCDE,CBCS
20242020007,50017,DBA5107,Business Communication & Soft Skills Laboratory,602,MBA - Technology Management (ODL),OFFLINE,1,15,37,52,B,CT-ODL,PASS,AUCDE,CBCS
20242020008,50011,DBA5101,Management Concepts & Organizational Behaviour,602,MBA - Technology Management (ODL),OFFLINE,1,20,47,67,B+,CT-ODL,PASS,AUCDE,CBCS
20242020008,50012,DBA5102,Managerial Economics & Decision Making,602,MBA - Technology Management (ODL),OFFLINE,1,15,64,79,A,CT-ODL,PASS,AUCDE,CBCS
20242020008,50013,DBA5103,Statistical Methods & Quantitative Techniques,602,MBA - Technology Management (ODL),OFFLINE,1,27,61,88,A+,CT-ODL,PASS,AUCDE,CBCS
20242020008,50014,DBA5104,Financial & Management Accounting,602,MBA - Technology Management (ODL),OFFLINE,1,21,38,59,B,CT-ODL,PASS,AUCDE,CBCS
20242020008,50015,DBA5105,Legal Aspects of Business & Corporate Ethics,602,MBA - Technology Management (ODL),OFFLINE,1,24,30,54,B,CT-ODL,PASS,AUCDE,CBCS
20242020008,50016,DBA5106,Information Management & ERP Systems,602,MBA - Technology Management (ODL),OFFLINE,1,21,64,85,A+,CT-ODL,PASS,AUCDE,CBCS
20242020008,50017,DBA5107,Business Communication & Soft Skills Laboratory,602,MBA - Technology Management (ODL),OFFLINE,1,18,38,56,B,CT-ODL,PASS,AUCDE,CBCS
20242020009,50011,DBA5101,Management Concepts & Organizational Behaviour,602,MBA - Technology Management (ODL),OFFLINE,1,23,60,83,A+,CT-ODL,PASS,AUCDE,CBCS
20242020009,50012,DBA5102,Managerial Economics & Decision Making,602,MBA - Technology Management (ODL),OFFLINE,1,22,46,68,B+,CT-ODL,PASS,AUCDE,CBCS
20242020009,50013,DBA5103,Statistical Methods & Quantitative Techniques,602,MBA - Technology Management (ODL),OFFLINE,1,18,62,80,A+,CT-ODL,PASS,AUCDE,CBCS
20242020009,50014,DBA5104,Financial & Management Accounting,602,MBA - Technology Management (ODL),OFFLINE,1,24,30,54,B,CT-ODL,PASS,AUCDE,CBCS
20242020009,50015,DBA5105,Legal Aspects of Business & Corporate Ethics,602,MBA - Technology Management (ODL),OFFLINE,1,19,60,79,A,CT-ODL,PASS,AUCDE,CBCS
20242020009,50016,DBA5106,Information Management & ERP Systems,602,MBA - Technology Management (ODL),OFFLINE,1,23,33,56,B,CT-ODL,PASS,AUCDE,CBCS
20242020009,50017,DBA5107,Business Communication & Soft Skills Laboratory,602,MBA - Technology Management (ODL),OFFLINE,1,28,36,64,B+,CT-ODL,PASS,AUCDE,CBCS
20242020010,50011,DBA5101,Management Concepts & Organizational Behaviour,602,MBA - Technology Management (ODL),OFFLINE,1,16,30,46,C,CT-ODL,PASS,AUCDE,CBCS
20242020010,50012,DBA5102,Managerial Economics & Decision Making,602,MBA - Technology Management (ODL),OFFLINE,1,28,57,85,A+,CT-ODL,PASS,AUCDE,CBCS
20242020010,50013,DBA5103,Statistical Methods & Quantitative Techniques,602,MBA - Technology Management (ODL),OFFLINE,1,,,,,CT-ODL,CANCELLED,AUCDE,CBCS
20242020010,50014,DBA5104,Financial & Management Accounting,602,MBA - Technology Management (ODL),OFFLINE,1,17,35,52,B,CT-ODL,PASS,AUCDE,CBCS
20242020010,50015,DBA5105,Legal Aspects of Business & Corporate Ethics,602,MBA - Technology Management (ODL),OFFLINE,1,20,27,47,C,CT-ODL,PASS,AUCDE,CBCS
20242020010,50016,DBA5106,Information Management & ERP Systems,602,MBA - Technology Management (ODL),OFFLINE,1,21,63,84,A+,CT-ODL,PASS,AUCDE,CBCS
20242020010,50017,DBA5107,Business Communication & Soft Skills Laboratory,602,MBA - Technology Management (ODL),OFFLINE,1,20,28,48,C,CT-ODL,PASS,AUCDE,CBCS
20242020011,50011,DBA5101,Management Concepts & Organizational Behaviour,602,MBA - Technology Management (ODL),OFFLINE,1,17,44,61,B+,CT-ODL,PASS,AUCDE,CBCS
20242020011,50012,DBA5102,Managerial Economics & Decision Making,602,MBA - Technology Management (ODL),OFFLINE,1,24,39,63,B+,CT-ODL,PASS,AUCDE,CBCS
20242020011,50013,DBA5103,Statistical Methods & Quantitative Techniques,602,MBA - Technology Management (ODL),OFFLINE,1,,,,,CT-ODL,CANCELLED,AUCDE,CBCS
20242020011,50014,DBA5104,Financial & Management Accounting,602,MBA - Technology Management (ODL),OFFLINE,1,16,26,42,C,CT-ODL,PASS,AUCDE,CBCS
20242020011,50015,DBA5105,Legal Aspects of Business & Corporate Ethics,602,MBA - Technology Management (ODL),OFFLINE,1,28,29,57,B,CT-ODL,PASS,AUCDE,CBCS
20242020011,50016,DBA5106,Information Management & ERP Systems,602,MBA - Technology Management (ODL),OFFLINE,1,16,63,79,A,CT-ODL,PASS,AUCDE,CBCS
20242020011,50017,DBA5107,Business Communication & Soft Skills Laboratory,602,MBA - Technology Management (ODL),OFFLINE,1,28,62,90,O,CT-ODL,PASS,AUCDE,CBCS
20242020012,50011,DBA5101,Management Concepts & Organizational Behaviour,602,MBA - Technology Management (ODL),OFFLINE,1,,,,,CT-ODL,CANCELLED,AUCDE,CBCS
20242020012,50012,DBA5102,Managerial Economics & Decision Making,602,MBA - Technology Management (ODL),OFFLINE,1,24,61,85,A+,CT-ODL,PASS,AUCDE,CBCS
20242020012,50013,DBA5103,Statistical Methods & Quantitative Techniques,602,MBA - Technology Management (ODL),OFFLINE,1,15,49,64,B+,CT-ODL,PASS,AUCDE,CBCS
20242020012,50014,DBA5104,Financial & Management Accounting,602,MBA - Technology Management (ODL),OFFLINE,1,15,41,56,B,CT-ODL,PASS,AUCDE,CBCS
20242020012,50015,DBA5105,Legal Aspects of Business & Corporate Ethics,602,MBA - Technology Management (ODL),OFFLINE,1,27,46,73,A,CT-ODL,PASS,AUCDE,CBCS
20242020012,50016,DBA5106,Information Management & ERP Systems,602,MBA - Technology Management (ODL),OFFLINE,1,16,29,45,C,CT-ODL,PASS,AUCDE,CBCS
20242020012,50017,DBA5107,Business Communication & Soft Skills Laboratory,602,MBA - Technology Management (ODL),OFFLINE,1,23,32,55,B,CT-ODL,PASS,AUCDE,CBCS
20242020013,50011,DBA5101,Management Concepts & Organizational Behaviour,602,MBA - Technology Management (ODL),OFFLINE,1,25,46,71,A,CT-ODL,PASS,AUCDE,CBCS
20242020013,50012,DBA5102,Managerial Economics & Decision Making,602,MBA - Technology Management (ODL),OFFLINE,1,15,57,72,A,CT-ODL,PASS,AUCDE,CBCS
20242020013,50013,DBA5103,Statistical Methods & Quantitative Techniques,602,MBA - Technology Management (ODL),OFFLINE,1,28,63,91,O,CT-ODL,PASS,AUCDE,CBCS
20242020013,50014,DBA5104,Financial & Management Accounting,602,MBA - Technology Management (ODL),OFFLINE,1,27,60,87,A+,CT-ODL,PASS,AUCDE,CBCS
20242020013,50015,DBA5105,Legal Aspects of Business & Corporate Ethics,602,MBA - Technology Management (ODL),OFFLINE,1,22,40,62,B+,CT-ODL,PASS,AUCDE,CBCS
20242020013,50016,DBA5106,Information Management & ERP Systems,602,MBA - Technology Management (ODL),OFFLINE,1,24,28,52,B,CT-ODL,PASS,AUCDE,CBCS
20242020013,50017,DBA5107,Business Communication & Soft Skills Laboratory,602,MBA - Technology Management (ODL),OFFLINE,1,19,49,68,B+,CT-ODL,PASS,AUCDE,CBCS
20242020014,50011,DBA5101,Management Concepts & Organizational Behaviour,602,MBA - Technology Management (ODL),OFFLINE,1,21,61,82,A+,CT-ODL,PASS,AUCDE,CBCS
20242020014,50012,DBA5102,Managerial Economics & Decision Making,602,MBA - Technology Management (ODL),OFFLINE,1,25,55,80,A+,CT-ODL,PASS,AUCDE,CBCS
20242020014,50013,DBA5103,Statistical Methods & Quantitative Techniques,602,MBA - Technology Management (ODL),OFFLINE,1,27,62,89,A+,CT-ODL,PASS,AUCDE,CBCS
20242020014,50014,DBA5104,Financial & Management Accounting,602,MBA - Technology Management (ODL),OFFLINE,1,20,48,68,B+,CT-ODL,PASS,AUCDE,CBCS
20242020014,50015,DBA5105,Legal Aspects of Business & Corporate Ethics,602,MBA - Technology Management (ODL),OFFLINE,1,26,60,86,A+,CT-ODL,PASS,AUCDE,CBCS
20242020014,50016,DBA5106,Information Management & ERP Systems,602,MBA - Technology Management (ODL),OFFLINE,1,17,38,55,B,CT-ODL,PASS,AUCDE,CBCS
20242020014,50017,DBA5107,Business Communication & Soft Skills Laboratory,602,MBA - Technology Management (ODL),OFFLINE,1,24,56,80,A+,CT-ODL,PASS,AUCDE,CBCS
20242020015,50011,DBA5101,Management Concepts & Organizational Behaviour,602,MBA - Technology Management (ODL),OFFLINE,1,27,43,70,A,CT-ODL,PASS,AUCDE,CBCS
20242020015,50012,DBA5102,Managerial Economics & Decision Making,602,MBA - Technology Management (ODL),OFFLINE,1,28,49,77,A,CT-ODL,PASS,AUCDE,CBCS
20242020015,50013,DBA5103,Statistical Methods & Quantitative Techniques,602,MBA - Technology Management (ODL),OFFLINE,1,23,47,70,A,CT-ODL,PASS,AUCDE,CBCS
20242020015,50014,DBA5104,Financial & Management Accounting,602,MBA - Technology Management (ODL),OFFLINE,1,19,38,57,B,CT-ODL,PASS,AUCDE,CBCS
20242020015,50015,DBA5105,Legal Aspects of Business & Corporate Ethics,602,MBA - Technology Management (ODL),OFFLINE,1,25,62,87,A+,CT-ODL,PASS,AUCDE,CBCS
20242020015,50016,DBA5106,Information Management & ERP Systems,602,MBA - Technology Management (ODL),OFFLINE,1,20,38,58,B,CT-ODL,PASS,AUCDE,CBCS
20242020015,50017,DBA5107,Business Communication & Soft Skills Laboratory,602,MBA - Technology Management (ODL),OFFLINE,1,22,43,65,B+,CT-ODL,PASS,AUCDE,CBCS
20242020016,50011,DBA5101,Management Concepts & Organizational Behaviour,602,MBA - Technology Management (ODL),OFFLINE,1,19,33,52,B,CT-ODL,PASS,AUCDE,CBCS
20242020016,50012,DBA5102,Managerial Economics & Decision Making,602,MBA - Technology Management (ODL),OFFLINE,1,15,45,60,B+,CT-ODL,PASS,AUCDE,CBCS
20242020016,50013,DBA5103,Statistical Methods & Quantitative Techniques,602,MBA - Technology Management (ODL),OFFLINE,1,20,39,59,B,CT-ODL,PASS,AUCDE,CBCS
20242020016,50014,DBA5104,Financial & Management Accounting,602,MBA - Technology Management (ODL),OFFLINE,1,25,42,67,B+,CT-ODL,PASS,AUCDE,CBCS
20242020016,50015,DBA5105,Legal Aspects of Business & Corporate Ethics,602,MBA - Technology Management (ODL),OFFLINE,1,20,36,56,B,CT-ODL,PASS,AUCDE,CBCS
20242020016,50016,DBA5106,Information Management & ERP Systems,602,MBA - Technology Management (ODL),OFFLINE,1,21,36,57,B,CT-ODL,PASS,AUCDE,CBCS
20242020016,50017,DBA5107,Business Communication & Soft Skills Laboratory,602,MBA - Technology Management (ODL),OFFLINE,1,23,51,74,A,CT-ODL,PASS,AUCDE,CBCS
20242020017,50011,DBA5101,Management Concepts & Organizational Behaviour,602,MBA - Technology Management (ODL),OFFLINE,1,28,41,69,B+,CT-ODL,PASS,AUCDE,CBCS
20242020017,50012,DBA5102,Managerial Economics & Decision Making,602,MBA - Technology Management (ODL),OFFLINE,1,17,39,56,B,CT-ODL,PASS,AUCDE,CBCS
20242020017,50013,DBA5103,Statistical Methods & Quantitative Techniques,602,MBA - Technology Management (ODL),OFFLINE,1,26,37,63,B+,CT-ODL,PASS,AUCDE,CBCS
20242020017,50014,DBA5104,Financial & Management Accounting,602,MBA - Technology Management (ODL),OFFLINE,1,27,34,61,B+,CT-ODL,PASS,AUCDE,CBCS
20242020017,50015,DBA5105,Legal Aspects of Business & Corporate Ethics,602,MBA - Technology Management (ODL),OFFLINE,1,19,29,48,C,CT-ODL,PASS,AUCDE,CBCS
20242020017,50016,DBA5106,Information Management & ERP Systems,602,MBA - Technology Management (ODL),OFFLINE,1,18,51,69,B+,CT-ODL,PASS,AUCDE,CBCS
20242020017,50017,DBA5107,Business Communication & Soft Skills Laboratory,602,MBA - Technology Management (ODL),OFFLINE,1,23,60,83,A+,CT-ODL,PASS,AUCDE,CBCS
20242020018,50011,DBA5101,Management Concepts & Organizational Behaviour,602,MBA - Technology Management (ODL),OFFLINE,1,17,45,62,B+,CT-ODL,PASS,AUCDE,CBCS
20242020018,50012,DBA5102,Managerial Economics & Decision Making,602,MBA - Technology Management (ODL),OFFLINE,1,24,52,76,A,CT-ODL,PASS,AUCDE,CBCS
20242020018,50013,DBA5103,Statistical Methods & Quantitative Techniques,602,MBA - Technology Management (ODL),OFFLINE,1,15,62,77,A,CT-ODL,PASS,AUCDE,CBCS
20242020018,50014,DBA5104,Financial & Management Accounting,602,MBA - Technology Management (ODL),OFFLINE,1,18,35,53,B,CT-ODL,PASS,AUCDE,CBCS
20242020018,50015,DBA5105,Legal Aspects of Business & Corporate Ethics,602,MBA - Technology Management (ODL),OFFLINE,1,17,33,50,B,CT-ODL,PASS,AUCDE,CBCS
20242020018,50016,DBA5106,Information Management & ERP Systems,602,MBA - Technology Management (ODL),OFFLINE,1,16,38,54,B,CT-ODL,PASS,AUCDE,CBCS
20242020018,50017,DBA5107,Business Communication & Soft Skills Laboratory,602,MBA - Technology Management (ODL),OFFLINE,1,19,30,49,C,CT-ODL,PASS,AUCDE,CBCS
20242020019,50011,DBA5101,Management Concepts & Organizational Behaviour,602,MBA - Technology Management (ODL),OFFLINE,1,24,62,86,A+,CT-ODL,PASS,AUCDE,CBCS
20242020019,50012,DBA5102,Managerial Economics & Decision Making,602,MBA - Technology Management (ODL),OFFLINE,1,21,50,71,A,CT-ODL,PASS,AUCDE,CBCS
20242020019,50013,DBA5103,Statistical Methods & Quantitative Techniques,602,MBA - Technology Management (ODL),OFFLINE,1,17,50,67,B+,CT-ODL,PASS,AUCDE,CBCS
20242020019,50014,DBA5104,Financial & Management Accounting,602,MBA - Technology Management (ODL),OFFLINE,1,16,45,61,B+,CT-ODL,PASS,AUCDE,CBCS
20242020019,50015,DBA5105,Legal Aspects of Business & Corporate Ethics,602,MBA - Technology Management (ODL),OFFLINE,1,28,33,61,B+,CT-ODL,PASS,AUCDE,CBCS
20242020019,50016,DBA5106,Information Management & ERP Systems,602,MBA - Technology Management (ODL),OFFLINE,1,23,27,50,B,CT-ODL,PASS,AUCDE,CBCS
20242020019,50017,DBA5107,Business Communication & Soft Skills Laboratory,602,MBA - Technology Management (ODL),OFFLINE,1,18,57,75,A,CT-ODL,PASS,AUCDE,CBCS
20242020020,50011,DBA5101,Management Concepts & Organizational Behaviour,602,MBA - Technology Management (ODL),OFFLINE,1,24,59,83,A+,CT-ODL,PASS,AUCDE,CBCS
20242020020,50012,DBA5102,Managerial Economics & Decision Making,602,MBA - Technology Management (ODL),OFFLINE,1,16,38,54,B,CT-ODL,PASS,AUCDE,CBCS
20242020020,50013,DBA5103,Statistical Methods & Quantitative Techniques,602,MBA - Technology Management (ODL),OFFLINE,1,27,31,58,B,CT-ODL,PASS,AUCDE,CBCS
20242020020,50014,DBA5104,Financial & Management Accounting,602,MBA - Technology Management (ODL),OFFLINE,1,25,55,80,A+,CT-ODL,PASS,AUCDE,CBCS
20242020020,50015,DBA5105,Legal Aspects of Business & Corporate Ethics,602,MBA - Technology Management (ODL),OFFLINE,1,19,41,60,B+,CT-ODL,PASS,AUCDE,CBCS
20242020020,50016,DBA5106,Information Management & ERP Systems,602,MBA - Technology Management (ODL),OFFLINE,1,26,59,85,A+,CT-ODL,PASS,AUCDE,CBCS
20242020020,50017,DBA5107,Business Communication & Soft Skills Laboratory,602,MBA - Technology Management (ODL),OFFLINE,1,15,62,77,A,CT-ODL,PASS,AUCDE,CBCS
20242030001,50011,DBA5101,Management Concepts & Organizational Behaviour,603,MBA - Health Services Management (ODL),OFFLINE,1,27,52,79,A,CT-ODL,PASS,AUCDE,CBCS
20242030001,50012,DBA5102,Managerial Economics & Decision Making,603,MBA - Health Services Management (ODL),OFFLINE,1,17,35,52,B,CT-ODL,PASS,AUCDE,CBCS
20242030001,50013,DBA5103,Statistical Methods & Quantitative Techniques,603,MBA - Health Services Management (ODL),OFFLINE,1,15,61,76,A,CT-ODL,PASS,AUCDE,CBCS
20242030001,50014,DBA5104,Financial & Management Accounting,603,MBA - Health Services Management (ODL),OFFLINE,1,23,56,79,A,CT-ODL,PASS,AUCDE,CBCS
20242030001,50015,DBA5105,Legal Aspects of Business & Corporate Ethics,603,MBA - Health Services Management (ODL),OFFLINE,1,17,49,66,B+,CT-ODL,PASS,AUCDE,CBCS
20242030001,50016,DBA5106,Information Management & ERP Systems,603,MBA - Health Services Management (ODL),OFFLINE,1,27,28,55,B,CT-ODL,PASS,AUCDE,CBCS
20242030001,50017,DBA5107,Business Communication & Soft Skills Laboratory,603,MBA - Health Services Management (ODL),OFFLINE,1,,,,,CT-ODL,CANCELLED,AUCDE,CBCS
20242030002,50011,DBA5101,Management Concepts & Organizational Behaviour,603,MBA - Health Services Management (ODL),OFFLINE,1,24,35,59,B,CT-ODL,PASS,AUCDE,CBCS
20242030002,50012,DBA5102,Managerial Economics & Decision Making,603,MBA - Health Services Management (ODL),OFFLINE,1,28,45,73,A,CT-ODL,PASS,AUCDE,CBCS
20242030002,50013,DBA5103,Statistical Methods & Quantitative Techniques,603,MBA - Health Services Management (ODL),OFFLINE,1,28,37,65,B+,CT-ODL,PASS,AUCDE,CBCS
20242030002,50014,DBA5104,Financial & Management Accounting,603,MBA - Health Services Management (ODL),OFFLINE,1,19,64,83,A+,CT-ODL,PASS,AUCDE,CBCS
20242030002,50015,DBA5105,Legal Aspects of Business & Corporate Ethics,603,MBA - Health Services Management (ODL),OFFLINE,1,,,,,CT-ODL,CANCELLED,AUCDE,CBCS
20242030002,50016,DBA5106,Information Management & ERP Systems,603,MBA - Health Services Management (ODL),OFFLINE,1,28,59,87,A+,CT-ODL,PASS,AUCDE,CBCS
20242030002,50017,DBA5107,Business Communication & Soft Skills Laboratory,603,MBA - Health Services Management (ODL),OFFLINE,1,24,27,51,B,CT-ODL,PASS,AUCDE,CBCS
20242030003,50011,DBA5101,Management Concepts & Organizational Behaviour,603,MBA - Health Services Management (ODL),OFFLINE,1,18,56,74,A,CT-ODL,PASS,AUCDE,CBCS
20242030003,50012,DBA5102,Managerial Economics & Decision Making,603,MBA - Health Services Management (ODL),OFFLINE,1,21,61,82,A+,CT-ODL,PASS,AUCDE,CBCS
20242030003,50013,DBA5103,Statistical Methods & Quantitative Techniques,603,MBA - Health Services Management (ODL),OFFLINE,1,22,45,67,B+,CT-ODL,PASS,AUCDE,CBCS
20242030003,50014,DBA5104,Financial & Management Accounting,603,MBA - Health Services Management (ODL),OFFLINE,1,23,37,60,B+,CT-ODL,PASS,AUCDE,CBCS
20242030003,50015,DBA5105,Legal Aspects of Business & Corporate Ethics,603,MBA - Health Services Management (ODL),OFFLINE,1,16,30,46,C,CT-ODL,PASS,AUCDE,CBCS
20242030003,50016,DBA5106,Information Management & ERP Systems,603,MBA - Health Services Management (ODL),OFFLINE,1,26,56,82,A+,CT-ODL,PASS,AUCDE,CBCS
20242030003,50017,DBA5107,Business Communication & Soft Skills Laboratory,603,MBA - Health Services Management (ODL),OFFLINE,1,28,54,82,A+,CT-ODL,PASS,AUCDE,CBCS
20242030004,50011,DBA5101,Management Concepts & Organizational Behaviour,603,MBA - Health Services Management (ODL),OFFLINE,1,28,52,80,A+,CT-ODL,PASS,AUCDE,CBCS
20242030004,50012,DBA5102,Managerial Economics & Decision Making,603,MBA - Health Services Management (ODL),OFFLINE,1,23,48,71,A,CT-ODL,PASS,AUCDE,CBCS
20242030004,50013,DBA5103,Statistical Methods & Quantitative Techniques,603,MBA - Health Services Management (ODL),OFFLINE,1,28,54,82,A+,CT-ODL,PASS,AUCDE,CBCS
20242030004,50014,DBA5104,Financial & Management Accounting,603,MBA - Health Services Management (ODL),OFFLINE,1,28,26,54,B,CT-ODL,PASS,AUCDE,CBCS
20242030004,50015,DBA5105,Legal Aspects of Business & Corporate Ethics,603,MBA - Health Services Management (ODL),OFFLINE,1,28,61,89,A+,CT-ODL,PASS,AUCDE,CBCS
20242030004,50016,DBA5106,Information Management & ERP Systems,603,MBA - Health Services Management (ODL),OFFLINE,1,20,54,74,A,CT-ODL,PASS,AUCDE,CBCS
20242030004,50017,DBA5107,Business Communication & Soft Skills Laboratory,603,MBA - Health Services Management (ODL),OFFLINE,1,22,34,56,B,CT-ODL,PASS,AUCDE,CBCS
20242030005,50011,DBA5101,Management Concepts & Organizational Behaviour,603,MBA - Health Services Management (ODL),OFFLINE,1,28,26,54,B,CT-ODL,PASS,AUCDE,CBCS
20242030005,50012,DBA5102,Managerial Economics & Decision Making,603,MBA - Health Services Management (ODL),OFFLINE,1,22,56,78,A,CT-ODL,PASS,AUCDE,CBCS
20242030005,50013,DBA5103,Statistical Methods & Quantitative Techniques,603,MBA - Health Services Management (ODL),OFFLINE,1,28,38,66,B+,CT-ODL,PASS,AUCDE,CBCS
20242030005,50014,DBA5104,Financial & Management Accounting,603,MBA - Health Services Management (ODL),OFFLINE,1,17,27,44,C,CT-ODL,PASS,AUCDE,CBCS
20242030005,50015,DBA5105,Legal Aspects of Business & Corporate Ethics,603,MBA - Health Services Management (ODL),OFFLINE,1,21,41,62,B+,CT-ODL,PASS,AUCDE,CBCS
20242030005,50016,DBA5106,Information Management & ERP Systems,603,MBA - Health Services Management (ODL),OFFLINE,1,26,45,71,A,CT-ODL,PASS,AUCDE,CBCS
20242030005,50017,DBA5107,Business Communication & Soft Skills Laboratory,603,MBA - Health Services Management (ODL),OFFLINE,1,21,45,66,B+,CT-ODL,PASS,AUCDE,CBCS
20242030006,50011,DBA5101,Management Concepts & Organizational Behaviour,603,MBA - Health Services Management (ODL),OFFLINE,1,15,42,57,B,CT-ODL,PASS,AUCDE,CBCS
20242030006,50012,DBA5102,Managerial Economics & Decision Making,603,MBA - Health Services Management (ODL),OFFLINE,1,17,54,71,A,CT-ODL,PASS,AUCDE,CBCS
20242030006,50013,DBA5103,Statistical Methods & Quantitative Techniques,603,MBA - Health Services Management (ODL),OFFLINE,1,19,58,77,A,CT-ODL,PASS,AUCDE,CBCS
20242030006,50014,DBA5104,Financial & Management Accounting,603,MBA - Health Services Management (ODL),OFFLINE,1,27,45,72,A,CT-ODL,PASS,AUCDE,CBCS
20242030006,50015,DBA5105,Legal Aspects of Business & Corporate Ethics,603,MBA - Health Services Management (ODL),OFFLINE,1,22,31,53,B,CT-ODL,PASS,AUCDE,CBCS
20242030006,50016,DBA5106,Information Management & ERP Systems,603,MBA - Health Services Management (ODL),OFFLINE,1,16,29,45,C,CT-ODL,PASS,AUCDE,CBCS
20242030006,50017,DBA5107,Business Communication & Soft Skills Laboratory,603,MBA - Health Services Management (ODL),OFFLINE,1,24,62,86,A+,CT-ODL,PASS,AUCDE,CBCS
20242030007,50011,DBA5101,Management Concepts & Organizational Behaviour,603,MBA - Health Services Management (ODL),OFFLINE,1,21,59,80,A+,CT-ODL,PASS,AUCDE,CBCS
20242030007,50012,DBA5102,Managerial Economics & Decision Making,603,MBA - Health Services Management (ODL),OFFLINE,1,26,46,72,A,CT-ODL,PASS,AUCDE,CBCS
20242030007,50013,DBA5103,Statistical Methods & Quantitative Techniques,603,MBA - Health Services Management (ODL),OFFLINE,1,18,26,44,C,CT-ODL,PASS,AUCDE,CBCS
20242030007,50014,DBA5104,Financial & Management Accounting,603,MBA - Health Services Management (ODL),OFFLINE,1,28,61,89,A+,CT-ODL,PASS,AUCDE,CBCS
20242030007,50015,DBA5105,Legal Aspects of Business & Corporate Ethics,603,MBA - Health Services Management (ODL),OFFLINE,1,16,39,55,B,CT-ODL,PASS,AUCDE,CBCS
20242030007,50016,DBA5106,Information Management & ERP Systems,603,MBA - Health Services Management (ODL),OFFLINE,1,17,40,57,B,CT-ODL,PASS,AUCDE,CBCS
20242030007,50017,DBA5107,Business Communication & Soft Skills Laboratory,603,MBA - Health Services Management (ODL),OFFLINE,1,22,28,50,B,CT-ODL,PASS,AUCDE,CBCS
20242030008,50011,DBA5101,Management Concepts & Organizational Behaviour,603,MBA - Health Services Management (ODL),OFFLINE,1,20,32,52,B,CT-ODL,PASS,AUCDE,CBCS
20242030008,50012,DBA5102,Managerial Economics & Decision Making,603,MBA - Health Services Management (ODL),OFFLINE,1,24,62,86,A+,CT-ODL,PASS,AUCDE,CBCS
20242030008,50013,DBA5103,Statistical Methods & Quantitative Techniques,603,MBA - Health Services Management (ODL),OFFLINE,1,22,47,69,B+,CT-ODL,PASS,AUCDE,CBCS
20242030008,50014,DBA5104,Financial & Management Accounting,603,MBA - Health Services Management (ODL),OFFLINE,1,20,59,79,A,CT-ODL,PASS,AUCDE,CBCS
20242030008,50015,DBA5105,Legal Aspects of Business & Corporate Ethics,603,MBA - Health Services Management (ODL),OFFLINE,1,26,54,80,A+,CT-ODL,PASS,AUCDE,CBCS
20242030008,50016,DBA5106,Information Management & ERP Systems,603,MBA - Health Services Management (ODL),OFFLINE,1,25,32,57,B,CT-ODL,PASS,AUCDE,CBCS
20242030008,50017,DBA5107,Business Communication & Soft Skills Laboratory,603,MBA - Health Services Management (ODL),OFFLINE,1,25,49,74,A,CT-ODL,PASS,AUCDE,CBCS
20242030009,50011,DBA5101,Management Concepts & Organizational Behaviour,603,MBA - Health Services Management (ODL),OFFLINE,1,25,27,52,B,CT-ODL,PASS,AUCDE,CBCS
20242030009,50012,DBA5102,Managerial Economics & Decision Making,603,MBA - Health Services Management (ODL),OFFLINE,1,26,33,59,B,CT-ODL,PASS,AUCDE,CBCS
20242030009,50013,DBA5103,Statistical Methods & Quantitative Techniques,603,MBA - Health Services Management (ODL),OFFLINE,1,16,51,67,B+,CT-ODL,PASS,AUCDE,CBCS
20242030009,50014,DBA5104,Financial & Management Accounting,603,MBA - Health Services Management (ODL),OFFLINE,1,20,28,48,C,CT-ODL,PASS,AUCDE,CBCS
20242030009,50015,DBA5105,Legal Aspects of Business & Corporate Ethics,603,MBA - Health Services Management (ODL),OFFLINE,1,28,38,66,B+,CT-ODL,PASS,AUCDE,CBCS
20242030009,50016,DBA5106,Information Management & ERP Systems,603,MBA - Health Services Management (ODL),OFFLINE,1,24,57,81,A+,CT-ODL,PASS,AUCDE,CBCS
20242030009,50017,DBA5107,Business Communication & Soft Skills Laboratory,603,MBA - Health Services Management (ODL),OFFLINE,1,22,42,64,B+,CT-ODL,PASS,AUCDE,CBCS
20242030010,50011,DBA5101,Management Concepts & Organizational Behaviour,603,MBA - Health Services Management (ODL),OFFLINE,1,16,64,80,A+,CT-ODL,PASS,AUCDE,CBCS
20242030010,50012,DBA5102,Managerial Economics & Decision Making,603,MBA - Health Services Management (ODL),OFFLINE,1,16,45,61,B+,CT-ODL,PASS,AUCDE,CBCS
20242030010,50013,DBA5103,Statistical Methods & Quantitative Techniques,603,MBA - Health Services Management (ODL),OFFLINE,1,20,30,50,B,CT-ODL,PASS,AUCDE,CBCS
20242030010,50014,DBA5104,Financial & Management Accounting,603,MBA - Health Services Management (ODL),OFFLINE,1,17,31,48,C,CT-ODL,PASS,AUCDE,CBCS
20242030010,50015,DBA5105,Legal Aspects of Business & Corporate Ethics,603,MBA - Health Services Management (ODL),OFFLINE,1,16,34,50,B,CT-ODL,PASS,AUCDE,CBCS
20242030010,50016,DBA5106,Information Management & ERP Systems,603,MBA - Health Services Management (ODL),OFFLINE,1,26,31,57,B,CT-ODL,PASS,AUCDE,CBCS
20242030010,50017,DBA5107,Business Communication & Soft Skills Laboratory,603,MBA - Health Services Management (ODL),OFFLINE,1,25,41,66,B+,CT-ODL,PASS,AUCDE,CBCS
20242030011,50011,DBA5101,Management Concepts & Organizational Behaviour,603,MBA - Health Services Management (ODL),OFFLINE,1,28,59,87,A+,CT-ODL,PASS,AUCDE,CBCS
20242030011,50012,DBA5102,Managerial Economics & Decision Making,603,MBA - Health Services Management (ODL),OFFLINE,1,24,59,83,A+,CT-ODL,PASS,AUCDE,CBCS
20242030011,50013,DBA5103,Statistical Methods & Quantitative Techniques,603,MBA - Health Services Management (ODL),OFFLINE,1,25,48,73,A,CT-ODL,PASS,AUCDE,CBCS
20242030011,50014,DBA5104,Financial & Management Accounting,603,MBA - Health Services Management (ODL),OFFLINE,1,15,53,68,B+,CT-ODL,PASS,AUCDE,CBCS
20242030011,50015,DBA5105,Legal Aspects of Business & Corporate Ethics,603,MBA - Health Services Management (ODL),OFFLINE,1,23,63,86,A+,CT-ODL,PASS,AUCDE,CBCS
20242030011,50016,DBA5106,Information Management & ERP Systems,603,MBA - Health Services Management (ODL),OFFLINE,1,25,63,88,A+,CT-ODL,PASS,AUCDE,CBCS
20242030011,50017,DBA5107,Business Communication & Soft Skills Laboratory,603,MBA - Health Services Management (ODL),OFFLINE,1,20,27,47,C,CT-ODL,PASS,AUCDE,CBCS
20242030012,50011,DBA5101,Management Concepts & Organizational Behaviour,603,MBA - Health Services Management (ODL),OFFLINE,1,19,41,60,B+,CT-ODL,PASS,AUCDE,CBCS
20242030012,50012,DBA5102,Managerial Economics & Decision Making,603,MBA - Health Services Management (ODL),OFFLINE,1,,,,,CT-ODL,CANCELLED,AUCDE,CBCS
20242030012,50013,DBA5103,Statistical Methods & Quantitative Techniques,603,MBA - Health Services Management (ODL),OFFLINE,1,28,61,89,A+,CT-ODL,PASS,AUCDE,CBCS
20242030012,50014,DBA5104,Financial & Management Accounting,603,MBA - Health Services Management (ODL),OFFLINE,1,20,60,80,A+,CT-ODL,PASS,AUCDE,CBCS
20242030012,50015,DBA5105,Legal Aspects of Business & Corporate Ethics,603,MBA - Health Services Management (ODL),OFFLINE,1,20,50,70,A,CT-ODL,PASS,AUCDE,CBCS
20242030012,50016,DBA5106,Information Management & ERP Systems,603,MBA - Health Services Management (ODL),OFFLINE,1,23,37,60,B+,CT-ODL,PASS,AUCDE,CBCS
20242030012,50017,DBA5107,Business Communication & Soft Skills Laboratory,603,MBA - Health Services Management (ODL),OFFLINE,1,28,49,77,A,CT-ODL,PASS,AUCDE,CBCS
20242030013,50011,DBA5101,Management Concepts & Organizational Behaviour,603,MBA - Health Services Management (ODL),OFFLINE,1,18,27,45,C,CT-ODL,PASS,AUCDE,CBCS
20242030013,50012,DBA5102,Managerial Economics & Decision Making,603,MBA - Health Services Management (ODL),OFFLINE,1,28,42,70,A,CT-ODL,PASS,AUCDE,CBCS
20242030013,50013,DBA5103,Statistical Methods & Quantitative Techniques,603,MBA - Health Services Management (ODL),OFFLINE,1,15,57,72,A,CT-ODL,PASS,AUCDE,CBCS
20242030013,50014,DBA5104,Financial & Management Accounting,603,MBA - Health Services Management (ODL),OFFLINE,1,25,64,89,A+,CT-ODL,PASS,AUCDE,CBCS
20242030013,50015,DBA5105,Legal Aspects of Business & Corporate Ethics,603,MBA - Health Services Management (ODL),OFFLINE,1,17,33,50,B,CT-ODL,PASS,AUCDE,CBCS
20242030013,50016,DBA5106,Information Management & ERP Systems,603,MBA - Health Services Management (ODL),OFFLINE,1,19,44,63,B+,CT-ODL,PASS,AUCDE,CBCS
20242030013,50017,DBA5107,Business Communication & Soft Skills Laboratory,603,MBA - Health Services Management (ODL),OFFLINE,1,17,32,49,C,CT-ODL,PASS,AUCDE,CBCS
20242030014,50011,DBA5101,Management Concepts & Organizational Behaviour,603,MBA - Health Services Management (ODL),OFFLINE,1,28,48,76,A,CT-ODL,PASS,AUCDE,CBCS
20242030014,50012,DBA5102,Managerial Economics & Decision Making,603,MBA - Health Services Management (ODL),OFFLINE,1,15,64,79,A,CT-ODL,PASS,AUCDE,CBCS
20242030014,50013,DBA5103,Statistical Methods & Quantitative Techniques,603,MBA - Health Services Management (ODL),OFFLINE,1,15,32,47,C,CT-ODL,PASS,AUCDE,CBCS
20242030014,50014,DBA5104,Financial & Management Accounting,603,MBA - Health Services Management (ODL),OFFLINE,1,20,62,82,A+,CT-ODL,PASS,AUCDE,CBCS
20242030014,50015,DBA5105,Legal Aspects of Business & Corporate Ethics,603,MBA - Health Services Management (ODL),OFFLINE,1,16,42,58,B,CT-ODL,PASS,AUCDE,CBCS
20242030014,50016,DBA5106,Information Management & ERP Systems,603,MBA - Health Services Management (ODL),OFFLINE,1,23,63,86,A+,CT-ODL,PASS,AUCDE,CBCS
20242030014,50017,DBA5107,Business Communication & Soft Skills Laboratory,603,MBA - Health Services Management (ODL),OFFLINE,1,22,45,67,B+,CT-ODL,PASS,AUCDE,CBCS
20242030015,50011,DBA5101,Management Concepts & Organizational Behaviour,603,MBA - Health Services Management (ODL),OFFLINE,1,19,40,59,B,CT-ODL,PASS,AUCDE,CBCS
20242030015,50012,DBA5102,Managerial Economics & Decision Making,603,MBA - Health Services Management (ODL),OFFLINE,1,28,33,61,B+,CT-ODL,PASS,AUCDE,CBCS
20242030015,50013,DBA5103,Statistical Methods & Quantitative Techniques,603,MBA - Health Services Management (ODL),OFFLINE,1,23,29,52,B,CT-ODL,PASS,AUCDE,CBCS
20242030015,50014,DBA5104,Financial & Management Accounting,603,MBA - Health Services Management (ODL),OFFLINE,1,28,54,82,A+,CT-ODL,PASS,AUCDE,CBCS
20242030015,50015,DBA5105,Legal Aspects of Business & Corporate Ethics,603,MBA - Health Services Management (ODL),OFFLINE,1,,,,,CT-ODL,CANCELLED,AUCDE,CBCS
20242030015,50016,DBA5106,Information Management & ERP Systems,603,MBA - Health Services Management (ODL),OFFLINE,1,15,55,70,A,CT-ODL,PASS,AUCDE,CBCS
20242030015,50017,DBA5107,Business Communication & Soft Skills Laboratory,603,MBA - Health Services Management (ODL),OFFLINE,1,27,46,73,A,CT-ODL,PASS,AUCDE,CBCS
20242030016,50011,DBA5101,Management Concepts & Organizational Behaviour,603,MBA - Health Services Management (ODL),OFFLINE,1,,,,,CT-ODL,CANCELLED,AUCDE,CBCS
20242030016,50012,DBA5102,Managerial Economics & Decision Making,603,MBA - Health Services Management (ODL),OFFLINE,1,,,,,CT-ODL,CANCELLED,AUCDE,CBCS
20242030016,50013,DBA5103,Statistical Methods & Quantitative Techniques,603,MBA - Health Services Management (ODL),OFFLINE,1,15,59,74,A,CT-ODL,PASS,AUCDE,CBCS
20242030016,50014,DBA5104,Financial & Management Accounting,603,MBA - Health Services Management (ODL),OFFLINE,1,20,63,83,A+,CT-ODL,PASS,AUCDE,CBCS
20242030016,50015,DBA5105,Legal Aspects of Business & Corporate Ethics,603,MBA - Health Services Management (ODL),OFFLINE,1,23,57,80,A+,CT-ODL,PASS,AUCDE,CBCS
20242030016,50016,DBA5106,Information Management & ERP Systems,603,MBA - Health Services Management (ODL),OFFLINE,1,19,50,69,B+,CT-ODL,PASS,AUCDE,CBCS
20242030016,50017,DBA5107,Business Communication & Soft Skills Laboratory,603,MBA - Health Services Management (ODL),OFFLINE,1,,,,,CT-ODL,CANCELLED,AUCDE,CBCS
20242030017,50011,DBA5101,Management Concepts & Organizational Behaviour,603,MBA - Health Services Management (ODL),OFFLINE,1,26,43,69,B+,CT-ODL,PASS,AUCDE,CBCS
20242030017,50012,DBA5102,Managerial Economics & Decision Making,603,MBA - Health Services Management (ODL),OFFLINE,1,22,45,67,B+,CT-ODL,PASS,AUCDE,CBCS
20242030017,50013,DBA5103,Statistical Methods & Quantitative Techniques,603,MBA - Health Services Management (ODL),OFFLINE,1,23,29,52,B,CT-ODL,PASS,AUCDE,CBCS
20242030017,50014,DBA5104,Financial & Management Accounting,603,MBA - Health Services Management (ODL),OFFLINE,1,23,40,63,B+,CT-ODL,PASS,AUCDE,CBCS
20242030017,50015,DBA5105,Legal Aspects of Business & Corporate Ethics,603,MBA - Health Services Management (ODL),OFFLINE,1,28,49,77,A,CT-ODL,PASS,AUCDE,CBCS
20242030017,50016,DBA5106,Information Management & ERP Systems,603,MBA - Health Services Management (ODL),OFFLINE,1,22,47,69,B+,CT-ODL,PASS,AUCDE,CBCS
20242030017,50017,DBA5107,Business Communication & Soft Skills Laboratory,603,MBA - Health Services Management (ODL),OFFLINE,1,22,45,67,B+,CT-ODL,PASS,AUCDE,CBCS
20242030018,50011,DBA5101,Management Concepts & Organizational Behaviour,603,MBA - Health Services Management (ODL),OFFLINE,1,18,64,82,A+,CT-ODL,PASS,AUCDE,CBCS
20242030018,50012,DBA5102,Managerial Economics & Decision Making,603,MBA - Health Services Management (ODL),OFFLINE,1,28,55,83,A+,CT-ODL,PASS,AUCDE,CBCS
20242030018,50013,DBA5103,Statistical Methods & Quantitative Techniques,603,MBA - Health Services Management (ODL),OFFLINE,1,20,42,62,B+,CT-ODL,PASS,AUCDE,CBCS
20242030018,50014,DBA5104,Financial & Management Accounting,603,MBA - Health Services Management (ODL),OFFLINE,1,19,34,53,B,CT-ODL,PASS,AUCDE,CBCS
20242030018,50015,DBA5105,Legal Aspects of Business & Corporate Ethics,603,MBA - Health Services Management (ODL),OFFLINE,1,16,37,53,B,CT-ODL,PASS,AUCDE,CBCS
20242030018,50016,DBA5106,Information Management & ERP Systems,603,MBA - Health Services Management (ODL),OFFLINE,1,27,27,54,B,CT-ODL,PASS,AUCDE,CBCS
20242030018,50017,DBA5107,Business Communication & Soft Skills Laboratory,603,MBA - Health Services Management (ODL),OFFLINE,1,23,63,86,A+,CT-ODL,PASS,AUCDE,CBCS
20242030019,50011,DBA5101,Management Concepts & Organizational Behaviour,603,MBA - Health Services Management (ODL),OFFLINE,1,27,42,69,B+,CT-ODL,PASS,AUCDE,CBCS
20242030019,50012,DBA5102,Managerial Economics & Decision Making,603,MBA - Health Services Management (ODL),OFFLINE,1,25,40,65,B+,CT-ODL,PASS,AUCDE,CBCS
20242030019,50013,DBA5103,Statistical Methods & Quantitative Techniques,603,MBA - Health Services Management (ODL),OFFLINE,1,26,49,75,A,CT-ODL,PASS,AUCDE,CBCS
20242030019,50014,DBA5104,Financial & Management Accounting,603,MBA - Health Services Management (ODL),OFFLINE,1,17,42,59,B,CT-ODL,PASS,AUCDE,CBCS
20242030019,50015,DBA5105,Legal Aspects of Business & Corporate Ethics,603,MBA - Health Services Management (ODL),OFFLINE,1,22,55,77,A,CT-ODL,PASS,AUCDE,CBCS
20242030019,50016,DBA5106,Information Management & ERP Systems,603,MBA - Health Services Management (ODL),OFFLINE,1,28,54,82,A+,CT-ODL,PASS,AUCDE,CBCS
20242030019,50017,DBA5107,Business Communication & Soft Skills Laboratory,603,MBA - Health Services Management (ODL),OFFLINE,1,24,26,50,B,CT-ODL,PASS,AUCDE,CBCS
20242030020,50011,DBA5101,Management Concepts & Organizational Behaviour,603,MBA - Health Services Management (ODL),OFFLINE,1,16,57,73,A,CT-ODL,PASS,AUCDE,CBCS
20242030020,50012,DBA5102,Managerial Economics & Decision Making,603,MBA - Health Services Management (ODL),OFFLINE,1,,,,,CT-ODL,CANCELLED,AUCDE,CBCS
20242030020,50013,DBA5103,Statistical Methods & Quantitative Techniques,603,MBA - Health Services Management (ODL),OFFLINE,1,16,54,70,A,CT-ODL,PASS,AUCDE,CBCS
20242030020,50014,DBA5104,Financial & Management Accounting,603,MBA - Health Services Management (ODL),OFFLINE,1,24,37,61,B+,CT-ODL,PASS,AUCDE,CBCS
20242030020,50015,DBA5105,Legal Aspects of Business & Corporate Ethics,603,MBA - Health Services Management (ODL),OFFLINE,1,20,53,73,A,CT-ODL,PASS,AUCDE,CBCS
20242030020,50016,DBA5106,Information Management & ERP Systems,603,MBA - Health Services Management (ODL),OFFLINE,1,22,47,69,B+,CT-ODL,PASS,AUCDE,CBCS
20242030020,50017,DBA5107,Business Communication & Soft Skills Laboratory,603,MBA - Health Services Management (ODL),OFFLINE,1,20,57,77,A,CT-ODL,PASS,AUCDE,CBCS
20242040001,51011,DCA5101,Mathematical Foundations of Computer Science,610,MCA - Master of Computer Applications (ODL),OFFLINE,1,23,55,78,A,CT-ODL,PASS,AUCDE,CBCS
20242040001,51012,DCA5102,Advanced Data Structures & Algorithms,610,MCA - Master of Computer Applications (ODL),OFFLINE,1,19,61,80,A+,CT-ODL,PASS,AUCDE,CBCS
20242040001,51013,DCA5103,Database Management Systems & Distributed NoSQL,610,MCA - Master of Computer Applications (ODL),OFFLINE,1,18,27,45,C,CT-ODL,PASS,AUCDE,CBCS
20242040001,51014,DCA5104,Python Programming & Scripting Paradigms,610,MCA - Master of Computer Applications (ODL),OFFLINE,1,19,27,46,C,CT-ODL,PASS,AUCDE,CBCS
20242040001,51015,DCA5105,Software Engineering & Agile Methodologies,610,MCA - Master of Computer Applications (ODL),OFFLINE,1,18,37,55,B,CT-ODL,PASS,AUCDE,CBCS
20242040001,51016,DCA5106,Data Structures & DBMS Laboratory,610,MCA - Master of Computer Applications (ODL),OFFLINE,1,22,54,76,A,CT-ODL,PASS,AUCDE,CBCS
20242040002,51011,DCA5101,Mathematical Foundations of Computer Science,610,MCA - Master of Computer Applications (ODL),OFFLINE,1,23,52,75,A,CT-ODL,PASS,AUCDE,CBCS
20242040002,51012,DCA5102,Advanced Data Structures & Algorithms,610,MCA - Master of Computer Applications (ODL),OFFLINE,1,16,41,57,B,CT-ODL,PASS,AUCDE,CBCS
20242040002,51013,DCA5103,Database Management Systems & Distributed NoSQL,610,MCA - Master of Computer Applications (ODL),OFFLINE,1,22,37,59,B,CT-ODL,PASS,AUCDE,CBCS
20242040002,51014,DCA5104,Python Programming & Scripting Paradigms,610,MCA - Master of Computer Applications (ODL),OFFLINE,1,22,55,77,A,CT-ODL,PASS,AUCDE,CBCS
20242040002,51015,DCA5105,Software Engineering & Agile Methodologies,610,MCA - Master of Computer Applications (ODL),OFFLINE,1,16,54,70,A,CT-ODL,PASS,AUCDE,CBCS
20242040002,51016,DCA5106,Data Structures & DBMS Laboratory,610,MCA - Master of Computer Applications (ODL),OFFLINE,1,26,40,66,B+,CT-ODL,PASS,AUCDE,CBCS
20242040003,51011,DCA5101,Mathematical Foundations of Computer Science,610,MCA - Master of Computer Applications (ODL),OFFLINE,1,24,48,72,A,CT-ODL,PASS,AUCDE,CBCS
20242040003,51012,DCA5102,Advanced Data Structures & Algorithms,610,MCA - Master of Computer Applications (ODL),OFFLINE,1,28,53,81,A+,CT-ODL,PASS,AUCDE,CBCS
20242040003,51013,DCA5103,Database Management Systems & Distributed NoSQL,610,MCA - Master of Computer Applications (ODL),OFFLINE,1,24,38,62,B+,CT-ODL,PASS,AUCDE,CBCS
20242040003,51014,DCA5104,Python Programming & Scripting Paradigms,610,MCA - Master of Computer Applications (ODL),OFFLINE,1,25,61,86,A+,CT-ODL,PASS,AUCDE,CBCS
20242040003,51015,DCA5105,Software Engineering & Agile Methodologies,610,MCA - Master of Computer Applications (ODL),OFFLINE,1,16,30,46,C,CT-ODL,PASS,AUCDE,CBCS
20242040003,51016,DCA5106,Data Structures & DBMS Laboratory,610,MCA - Master of Computer Applications (ODL),OFFLINE,1,17,45,62,B+,CT-ODL,PASS,AUCDE,CBCS
20242040004,51011,DCA5101,Mathematical Foundations of Computer Science,610,MCA - Master of Computer Applications (ODL),OFFLINE,1,18,31,49,C,CT-ODL,PASS,AUCDE,CBCS
20242040004,51012,DCA5102,Advanced Data Structures & Algorithms,610,MCA - Master of Computer Applications (ODL),OFFLINE,1,28,35,63,B+,CT-ODL,PASS,AUCDE,CBCS
20242040004,51013,DCA5103,Database Management Systems & Distributed NoSQL,610,MCA - Master of Computer Applications (ODL),OFFLINE,1,21,55,76,A,CT-ODL,PASS,AUCDE,CBCS
20242040004,51014,DCA5104,Python Programming & Scripting Paradigms,610,MCA - Master of Computer Applications (ODL),OFFLINE,1,21,35,56,B,CT-ODL,PASS,AUCDE,CBCS
20242040004,51015,DCA5105,Software Engineering & Agile Methodologies,610,MCA - Master of Computer Applications (ODL),OFFLINE,1,28,52,80,A+,CT-ODL,PASS,AUCDE,CBCS
20242040004,51016,DCA5106,Data Structures & DBMS Laboratory,610,MCA - Master of Computer Applications (ODL),OFFLINE,1,21,37,58,B,CT-ODL,PASS,AUCDE,CBCS
20242040005,51011,DCA5101,Mathematical Foundations of Computer Science,610,MCA - Master of Computer Applications (ODL),OFFLINE,1,21,64,85,A+,CT-ODL,PASS,AUCDE,CBCS
20242040005,51012,DCA5102,Advanced Data Structures & Algorithms,610,MCA - Master of Computer Applications (ODL),OFFLINE,1,17,33,50,B,CT-ODL,PASS,AUCDE,CBCS
20242040005,51013,DCA5103,Database Management Systems & Distributed NoSQL,610,MCA - Master of Computer Applications (ODL),OFFLINE,1,26,45,71,A,CT-ODL,PASS,AUCDE,CBCS
20242040005,51014,DCA5104,Python Programming & Scripting Paradigms,610,MCA - Master of Computer Applications (ODL),OFFLINE,1,,,,,CT-ODL,CANCELLED,AUCDE,CBCS
20242040005,51015,DCA5105,Software Engineering & Agile Methodologies,610,MCA - Master of Computer Applications (ODL),OFFLINE,1,26,33,59,B,CT-ODL,PASS,AUCDE,CBCS
20242040005,51016,DCA5106,Data Structures & DBMS Laboratory,610,MCA - Master of Computer Applications (ODL),OFFLINE,1,26,39,65,B+,CT-ODL,PASS,AUCDE,CBCS
20242040006,51011,DCA5101,Mathematical Foundations of Computer Science,610,MCA - Master of Computer Applications (ODL),OFFLINE,1,18,36,54,B,CT-ODL,PASS,AUCDE,CBCS
20242040006,51012,DCA5102,Advanced Data Structures & Algorithms,610,MCA - Master of Computer Applications (ODL),OFFLINE,1,25,33,58,B,CT-ODL,PASS,AUCDE,CBCS
20242040006,51013,DCA5103,Database Management Systems & Distributed NoSQL,610,MCA - Master of Computer Applications (ODL),OFFLINE,1,21,54,75,A,CT-ODL,PASS,AUCDE,CBCS
20242040006,51014,DCA5104,Python Programming & Scripting Paradigms,610,MCA - Master of Computer Applications (ODL),OFFLINE,1,18,60,78,A,CT-ODL,PASS,AUCDE,CBCS
20242040006,51015,DCA5105,Software Engineering & Agile Methodologies,610,MCA - Master of Computer Applications (ODL),OFFLINE,1,22,51,73,A,CT-ODL,PASS,AUCDE,CBCS
20242040006,51016,DCA5106,Data Structures & DBMS Laboratory,610,MCA - Master of Computer Applications (ODL),OFFLINE,1,15,37,52,B,CT-ODL,PASS,AUCDE,CBCS
20242040007,51011,DCA5101,Mathematical Foundations of Computer Science,610,MCA - Master of Computer Applications (ODL),OFFLINE,1,15,31,46,C,CT-ODL,PASS,AUCDE,CBCS
20242040007,51012,DCA5102,Advanced Data Structures & Algorithms,610,MCA - Master of Computer Applications (ODL),OFFLINE,1,24,40,64,B+,CT-ODL,PASS,AUCDE,CBCS
20242040007,51013,DCA5103,Database Management Systems & Distributed NoSQL,610,MCA - Master of Computer Applications (ODL),OFFLINE,1,17,48,65,B+,CT-ODL,PASS,AUCDE,CBCS
20242040007,51014,DCA5104,Python Programming & Scripting Paradigms,610,MCA - Master of Computer Applications (ODL),OFFLINE,1,23,28,51,B,CT-ODL,PASS,AUCDE,CBCS
20242040007,51015,DCA5105,Software Engineering & Agile Methodologies,610,MCA - Master of Computer Applications (ODL),OFFLINE,1,26,42,68,B+,CT-ODL,PASS,AUCDE,CBCS
20242040007,51016,DCA5106,Data Structures & DBMS Laboratory,610,MCA - Master of Computer Applications (ODL),OFFLINE,1,25,35,60,B+,CT-ODL,PASS,AUCDE,CBCS
20242040008,51011,DCA5101,Mathematical Foundations of Computer Science,610,MCA - Master of Computer Applications (ODL),OFFLINE,1,26,47,73,A,CT-ODL,PASS,AUCDE,CBCS
20242040008,51012,DCA5102,Advanced Data Structures & Algorithms,610,MCA - Master of Computer Applications (ODL),OFFLINE,1,16,27,43,C,CT-ODL,PASS,AUCDE,CBCS
20242040008,51013,DCA5103,Database Management Systems & Distributed NoSQL,610,MCA - Master of Computer Applications (ODL),OFFLINE,1,19,27,46,C,CT-ODL,PASS,AUCDE,CBCS
20242040008,51014,DCA5104,Python Programming & Scripting Paradigms,610,MCA - Master of Computer Applications (ODL),OFFLINE,1,20,27,47,C,CT-ODL,PASS,AUCDE,CBCS
20242040008,51015,DCA5105,Software Engineering & Agile Methodologies,610,MCA - Master of Computer Applications (ODL),OFFLINE,1,25,28,53,B,CT-ODL,PASS,AUCDE,CBCS
20242040008,51016,DCA5106,Data Structures & DBMS Laboratory,610,MCA - Master of Computer Applications (ODL),OFFLINE,1,19,44,63,B+,CT-ODL,PASS,AUCDE,CBCS
20242040009,51011,DCA5101,Mathematical Foundations of Computer Science,610,MCA - Master of Computer Applications (ODL),OFFLINE,1,26,64,90,O,CT-ODL,PASS,AUCDE,CBCS
20242040009,51012,DCA5102,Advanced Data Structures & Algorithms,610,MCA - Master of Computer Applications (ODL),OFFLINE,1,21,60,81,A+,CT-ODL,PASS,AUCDE,CBCS
20242040009,51013,DCA5103,Database Management Systems & Distributed NoSQL,610,MCA - Master of Computer Applications (ODL),OFFLINE,1,15,31,46,C,CT-ODL,PASS,AUCDE,CBCS
20242040009,51014,DCA5104,Python Programming & Scripting Paradigms,610,MCA - Master of Computer Applications (ODL),OFFLINE,1,17,49,66,B+,CT-ODL,PASS,AUCDE,CBCS
20242040009,51015,DCA5105,Software Engineering & Agile Methodologies,610,MCA - Master of Computer Applications (ODL),OFFLINE,1,28,48,76,A,CT-ODL,PASS,AUCDE,CBCS
20242040009,51016,DCA5106,Data Structures & DBMS Laboratory,610,MCA - Master of Computer Applications (ODL),OFFLINE,1,27,34,61,B+,CT-ODL,PASS,AUCDE,CBCS
20242040010,51011,DCA5101,Mathematical Foundations of Computer Science,610,MCA - Master of Computer Applications (ODL),OFFLINE,1,25,34,59,B,CT-ODL,PASS,AUCDE,CBCS
20242040010,51012,DCA5102,Advanced Data Structures & Algorithms,610,MCA - Master of Computer Applications (ODL),OFFLINE,1,19,37,56,B,CT-ODL,PASS,AUCDE,CBCS
20242040010,51013,DCA5103,Database Management Systems & Distributed NoSQL,610,MCA - Master of Computer Applications (ODL),OFFLINE,1,15,32,47,C,CT-ODL,PASS,AUCDE,CBCS
20242040010,51014,DCA5104,Python Programming & Scripting Paradigms,610,MCA - Master of Computer Applications (ODL),OFFLINE,1,16,60,76,A,CT-ODL,PASS,AUCDE,CBCS
20242040010,51015,DCA5105,Software Engineering & Agile Methodologies,610,MCA - Master of Computer Applications (ODL),OFFLINE,1,21,41,62,B+,CT-ODL,PASS,AUCDE,CBCS
20242040010,51016,DCA5106,Data Structures & DBMS Laboratory,610,MCA - Master of Computer Applications (ODL),OFFLINE,1,23,40,63,B+,CT-ODL,PASS,AUCDE,CBCS
20242040011,51011,DCA5101,Mathematical Foundations of Computer Science,610,MCA - Master of Computer Applications (ODL),OFFLINE,1,27,27,54,B,CT-ODL,PASS,AUCDE,CBCS
20242040011,51012,DCA5102,Advanced Data Structures & Algorithms,610,MCA - Master of Computer Applications (ODL),OFFLINE,1,27,53,80,A+,CT-ODL,PASS,AUCDE,CBCS
20242040011,51013,DCA5103,Database Management Systems & Distributed NoSQL,610,MCA - Master of Computer Applications (ODL),OFFLINE,1,19,36,55,B,CT-ODL,PASS,AUCDE,CBCS
20242040011,51014,DCA5104,Python Programming & Scripting Paradigms,610,MCA - Master of Computer Applications (ODL),OFFLINE,1,24,36,60,B+,CT-ODL,PASS,AUCDE,CBCS
20242040011,51015,DCA5105,Software Engineering & Agile Methodologies,610,MCA - Master of Computer Applications (ODL),OFFLINE,1,24,60,84,A+,CT-ODL,PASS,AUCDE,CBCS
20242040011,51016,DCA5106,Data Structures & DBMS Laboratory,610,MCA - Master of Computer Applications (ODL),OFFLINE,1,17,44,61,B+,CT-ODL,PASS,AUCDE,CBCS
20242040012,51011,DCA5101,Mathematical Foundations of Computer Science,610,MCA - Master of Computer Applications (ODL),OFFLINE,1,24,58,82,A+,CT-ODL,PASS,AUCDE,CBCS
20242040012,51012,DCA5102,Advanced Data Structures & Algorithms,610,MCA - Master of Computer Applications (ODL),OFFLINE,1,25,55,80,A+,CT-ODL,PASS,AUCDE,CBCS
20242040012,51013,DCA5103,Database Management Systems & Distributed NoSQL,610,MCA - Master of Computer Applications (ODL),OFFLINE,1,26,51,77,A,CT-ODL,PASS,AUCDE,CBCS
20242040012,51014,DCA5104,Python Programming & Scripting Paradigms,610,MCA - Master of Computer Applications (ODL),OFFLINE,1,25,57,82,A+,CT-ODL,PASS,AUCDE,CBCS
20242040012,51015,DCA5105,Software Engineering & Agile Methodologies,610,MCA - Master of Computer Applications (ODL),OFFLINE,1,18,33,51,B,CT-ODL,PASS,AUCDE,CBCS
20242040012,51016,DCA5106,Data Structures & DBMS Laboratory,610,MCA - Master of Computer Applications (ODL),OFFLINE,1,19,43,62,B+,CT-ODL,PASS,AUCDE,CBCS
20242040013,51011,DCA5101,Mathematical Foundations of Computer Science,610,MCA - Master of Computer Applications (ODL),OFFLINE,1,18,38,56,B,CT-ODL,PASS,AUCDE,CBCS
20242040013,51012,DCA5102,Advanced Data Structures & Algorithms,610,MCA - Master of Computer Applications (ODL),OFFLINE,1,18,61,79,A,CT-ODL,PASS,AUCDE,CBCS
20242040013,51013,DCA5103,Database Management Systems & Distributed NoSQL,610,MCA - Master of Computer Applications (ODL),OFFLINE,1,22,34,56,B,CT-ODL,PASS,AUCDE,CBCS
20242040013,51014,DCA5104,Python Programming & Scripting Paradigms,610,MCA - Master of Computer Applications (ODL),OFFLINE,1,26,31,57,B,CT-ODL,PASS,AUCDE,CBCS
20242040013,51015,DCA5105,Software Engineering & Agile Methodologies,610,MCA - Master of Computer Applications (ODL),OFFLINE,1,18,35,53,B,CT-ODL,PASS,AUCDE,CBCS
20242040013,51016,DCA5106,Data Structures & DBMS Laboratory,610,MCA - Master of Computer Applications (ODL),OFFLINE,1,18,40,58,B,CT-ODL,PASS,AUCDE,CBCS
20242040014,51011,DCA5101,Mathematical Foundations of Computer Science,610,MCA - Master of Computer Applications (ODL),OFFLINE,1,17,44,61,B+,CT-ODL,PASS,AUCDE,CBCS
20242040014,51012,DCA5102,Advanced Data Structures & Algorithms,610,MCA - Master of Computer Applications (ODL),OFFLINE,1,28,33,61,B+,CT-ODL,PASS,AUCDE,CBCS
20242040014,51013,DCA5103,Database Management Systems & Distributed NoSQL,610,MCA - Master of Computer Applications (ODL),OFFLINE,1,,,,,CT-ODL,CANCELLED,AUCDE,CBCS
20242040014,51014,DCA5104,Python Programming & Scripting Paradigms,610,MCA - Master of Computer Applications (ODL),OFFLINE,1,22,64,86,A+,CT-ODL,PASS,AUCDE,CBCS
20242040014,51015,DCA5105,Software Engineering & Agile Methodologies,610,MCA - Master of Computer Applications (ODL),OFFLINE,1,22,61,83,A+,CT-ODL,PASS,AUCDE,CBCS
20242040014,51016,DCA5106,Data Structures & DBMS Laboratory,610,MCA - Master of Computer Applications (ODL),OFFLINE,1,27,45,72,A,CT-ODL,PASS,AUCDE,CBCS
20242040015,51011,DCA5101,Mathematical Foundations of Computer Science,610,MCA - Master of Computer Applications (ODL),OFFLINE,1,23,43,66,B+,CT-ODL,PASS,AUCDE,CBCS
20242040015,51012,DCA5102,Advanced Data Structures & Algorithms,610,MCA - Master of Computer Applications (ODL),OFFLINE,1,25,62,87,A+,CT-ODL,PASS,AUCDE,CBCS
20242040015,51013,DCA5103,Database Management Systems & Distributed NoSQL,610,MCA - Master of Computer Applications (ODL),OFFLINE,1,23,46,69,B+,CT-ODL,PASS,AUCDE,CBCS
20242040015,51014,DCA5104,Python Programming & Scripting Paradigms,610,MCA - Master of Computer Applications (ODL),OFFLINE,1,18,34,52,B,CT-ODL,PASS,AUCDE,CBCS
20242040015,51015,DCA5105,Software Engineering & Agile Methodologies,610,MCA - Master of Computer Applications (ODL),OFFLINE,1,18,44,62,B+,CT-ODL,PASS,AUCDE,CBCS
20242040015,51016,DCA5106,Data Structures & DBMS Laboratory,610,MCA - Master of Computer Applications (ODL),OFFLINE,1,28,58,86,A+,CT-ODL,PASS,AUCDE,CBCS
20242040016,51011,DCA5101,Mathematical Foundations of Computer Science,610,MCA - Master of Computer Applications (ODL),OFFLINE,1,19,61,80,A+,CT-ODL,PASS,AUCDE,CBCS
20242040016,51012,DCA5102,Advanced Data Structures & Algorithms,610,MCA - Master of Computer Applications (ODL),OFFLINE,1,16,30,46,C,CT-ODL,PASS,AUCDE,CBCS
20242040016,51013,DCA5103,Database Management Systems & Distributed NoSQL,610,MCA - Master of Computer Applications (ODL),OFFLINE,1,20,34,54,B,CT-ODL,PASS,AUCDE,CBCS
20242040016,51014,DCA5104,Python Programming & Scripting Paradigms,610,MCA - Master of Computer Applications (ODL),OFFLINE,1,22,52,74,A,CT-ODL,PASS,AUCDE,CBCS
20242040016,51015,DCA5105,Software Engineering & Agile Methodologies,610,MCA - Master of Computer Applications (ODL),OFFLINE,1,21,39,60,B+,CT-ODL,PASS,AUCDE,CBCS
20242040016,51016,DCA5106,Data Structures & DBMS Laboratory,610,MCA - Master of Computer Applications (ODL),OFFLINE,1,17,50,67,B+,CT-ODL,PASS,AUCDE,CBCS
20242040017,51011,DCA5101,Mathematical Foundations of Computer Science,610,MCA - Master of Computer Applications (ODL),OFFLINE,1,20,46,66,B+,CT-ODL,PASS,AUCDE,CBCS
20242040017,51012,DCA5102,Advanced Data Structures & Algorithms,610,MCA - Master of Computer Applications (ODL),OFFLINE,1,23,60,83,A+,CT-ODL,PASS,AUCDE,CBCS
20242040017,51013,DCA5103,Database Management Systems & Distributed NoSQL,610,MCA - Master of Computer Applications (ODL),OFFLINE,1,25,33,58,B,CT-ODL,PASS,AUCDE,CBCS
20242040017,51014,DCA5104,Python Programming & Scripting Paradigms,610,MCA - Master of Computer Applications (ODL),OFFLINE,1,23,56,79,A,CT-ODL,PASS,AUCDE,CBCS
20242040017,51015,DCA5105,Software Engineering & Agile Methodologies,610,MCA - Master of Computer Applications (ODL),OFFLINE,1,28,36,64,B+,CT-ODL,PASS,AUCDE,CBCS
20242040017,51016,DCA5106,Data Structures & DBMS Laboratory,610,MCA - Master of Computer Applications (ODL),OFFLINE,1,25,30,55,B,CT-ODL,PASS,AUCDE,CBCS
20242040018,51011,DCA5101,Mathematical Foundations of Computer Science,610,MCA - Master of Computer Applications (ODL),OFFLINE,1,28,59,87,A+,CT-ODL,PASS,AUCDE,CBCS
20242040018,51012,DCA5102,Advanced Data Structures & Algorithms,610,MCA - Master of Computer Applications (ODL),OFFLINE,1,20,31,51,B,CT-ODL,PASS,AUCDE,CBCS
20242040018,51013,DCA5103,Database Management Systems & Distributed NoSQL,610,MCA - Master of Computer Applications (ODL),OFFLINE,1,19,47,66,B+,CT-ODL,PASS,AUCDE,CBCS
20242040018,51014,DCA5104,Python Programming & Scripting Paradigms,610,MCA - Master of Computer Applications (ODL),OFFLINE,1,26,39,65,B+,CT-ODL,PASS,AUCDE,CBCS
20242040018,51015,DCA5105,Software Engineering & Agile Methodologies,610,MCA - Master of Computer Applications (ODL),OFFLINE,1,,,,,CT-ODL,CANCELLED,AUCDE,CBCS
20242040018,51016,DCA5106,Data Structures & DBMS Laboratory,610,MCA - Master of Computer Applications (ODL),OFFLINE,1,26,39,65,B+,CT-ODL,PASS,AUCDE,CBCS
20242040019,51011,DCA5101,Mathematical Foundations of Computer Science,610,MCA - Master of Computer Applications (ODL),OFFLINE,1,27,41,68,B+,CT-ODL,PASS,AUCDE,CBCS
20242040019,51012,DCA5102,Advanced Data Structures & Algorithms,610,MCA - Master of Computer Applications (ODL),OFFLINE,1,23,37,60,B+,CT-ODL,PASS,AUCDE,CBCS
20242040019,51013,DCA5103,Database Management Systems & Distributed NoSQL,610,MCA - Master of Computer Applications (ODL),OFFLINE,1,16,42,58,B,CT-ODL,PASS,AUCDE,CBCS
20242040019,51014,DCA5104,Python Programming & Scripting Paradigms,610,MCA - Master of Computer Applications (ODL),OFFLINE,1,20,50,70,A,CT-ODL,PASS,AUCDE,CBCS
20242040019,51015,DCA5105,Software Engineering & Agile Methodologies,610,MCA - Master of Computer Applications (ODL),OFFLINE,1,19,49,68,B+,CT-ODL,PASS,AUCDE,CBCS
20242040019,51016,DCA5106,Data Structures & DBMS Laboratory,610,MCA - Master of Computer Applications (ODL),OFFLINE,1,16,59,75,A,CT-ODL,PASS,AUCDE,CBCS
20242040020,51011,DCA5101,Mathematical Foundations of Computer Science,610,MCA - Master of Computer Applications (ODL),OFFLINE,1,23,59,82,A+,CT-ODL,PASS,AUCDE,CBCS
20242040020,51012,DCA5102,Advanced Data Structures & Algorithms,610,MCA - Master of Computer Applications (ODL),OFFLINE,1,17,63,80,A+,CT-ODL,PASS,AUCDE,CBCS
20242040020,51013,DCA5103,Database Management Systems & Distributed NoSQL,610,MCA - Master of Computer Applications (ODL),OFFLINE,1,16,63,79,A,CT-ODL,PASS,AUCDE,CBCS
20242040020,51014,DCA5104,Python Programming & Scripting Paradigms,610,MCA - Master of Computer Applications (ODL),OFFLINE,1,19,52,71,A,CT-ODL,PASS,AUCDE,CBCS
20242040020,51015,DCA5105,Software Engineering & Agile Methodologies,610,MCA - Master of Computer Applications (ODL),OFFLINE,1,26,36,62,B+,CT-ODL,PASS,AUCDE,CBCS
20242040020,51016,DCA5106,Data Structures & DBMS Laboratory,610,MCA - Master of Computer Applications (ODL),OFFLINE,1,16,31,47,C,CT-ODL,PASS,AUCDE,CBCS
20242050001,52011,DCS5101,Advanced Operating Systems & Distributed Architecture,620,M.Sc. - Information Technology (ODL),OFFLINE,1,26,56,82,A+,CT-ODL,PASS,AUCDE,CBCS
20242050001,52012,DCS5102,Computer Networks & Network Security Protocols,620,M.Sc. - Information Technology (ODL),OFFLINE,1,23,44,67,B+,CT-ODL,PASS,AUCDE,CBCS
20242050001,52013,DCS5103,Object Oriented Software Engineering,620,M.Sc. - Information Technology (ODL),OFFLINE,1,23,59,82,A+,CT-ODL,PASS,AUCDE,CBCS
20242050001,52014,DCS5104,"Data Mining, Warehousing & Big Data",620,M.Sc. - Information Technology (ODL),OFFLINE,1,19,29,48,C,CT-ODL,PASS,AUCDE,CBCS
20242050001,52015,DCS5105,Distributed Systems & Security Laboratory,620,M.Sc. - Information Technology (ODL),OFFLINE,1,17,57,74,A,CT-ODL,PASS,AUCDE,CBCS
20242050002,52011,DCS5101,Advanced Operating Systems & Distributed Architecture,620,M.Sc. - Information Technology (ODL),OFFLINE,1,26,28,54,B,CT-ODL,PASS,AUCDE,CBCS
20242050002,52012,DCS5102,Computer Networks & Network Security Protocols,620,M.Sc. - Information Technology (ODL),OFFLINE,1,28,62,90,O,CT-ODL,PASS,AUCDE,CBCS
20242050002,52013,DCS5103,Object Oriented Software Engineering,620,M.Sc. - Information Technology (ODL),OFFLINE,1,20,58,78,A,CT-ODL,PASS,AUCDE,CBCS
20242050002,52014,DCS5104,"Data Mining, Warehousing & Big Data",620,M.Sc. - Information Technology (ODL),OFFLINE,1,19,35,54,B,CT-ODL,PASS,AUCDE,CBCS
20242050002,52015,DCS5105,Distributed Systems & Security Laboratory,620,M.Sc. - Information Technology (ODL),OFFLINE,1,23,32,55,B,CT-ODL,PASS,AUCDE,CBCS
20242050003,52011,DCS5101,Advanced Operating Systems & Distributed Architecture,620,M.Sc. - Information Technology (ODL),OFFLINE,1,25,25,50,B,CT-ODL,PASS,AUCDE,CBCS
20242050003,52012,DCS5102,Computer Networks & Network Security Protocols,620,M.Sc. - Information Technology (ODL),OFFLINE,1,27,59,86,A+,CT-ODL,PASS,AUCDE,CBCS
20242050003,52013,DCS5103,Object Oriented Software Engineering,620,M.Sc. - Information Technology (ODL),OFFLINE,1,20,36,56,B,CT-ODL,PASS,AUCDE,CBCS
20242050003,52014,DCS5104,"Data Mining, Warehousing & Big Data",620,M.Sc. - Information Technology (ODL),OFFLINE,1,24,40,64,B+,CT-ODL,PASS,AUCDE,CBCS
20242050003,52015,DCS5105,Distributed Systems & Security Laboratory,620,M.Sc. - Information Technology (ODL),OFFLINE,1,23,50,73,A,CT-ODL,PASS,AUCDE,CBCS
20242050004,52011,DCS5101,Advanced Operating Systems & Distributed Architecture,620,M.Sc. - Information Technology (ODL),OFFLINE,1,16,31,47,C,CT-ODL,PASS,AUCDE,CBCS
20242050004,52012,DCS5102,Computer Networks & Network Security Protocols,620,M.Sc. - Information Technology (ODL),OFFLINE,1,18,28,46,C,CT-ODL,PASS,AUCDE,CBCS
20242050004,52013,DCS5103,Object Oriented Software Engineering,620,M.Sc. - Information Technology (ODL),OFFLINE,1,22,26,48,C,CT-ODL,PASS,AUCDE,CBCS
20242050004,52014,DCS5104,"Data Mining, Warehousing & Big Data",620,M.Sc. - Information Technology (ODL),OFFLINE,1,27,61,88,A+,CT-ODL,PASS,AUCDE,CBCS
20242050004,52015,DCS5105,Distributed Systems & Security Laboratory,620,M.Sc. - Information Technology (ODL),OFFLINE,1,24,46,70,A,CT-ODL,PASS,AUCDE,CBCS
20242050005,52011,DCS5101,Advanced Operating Systems & Distributed Architecture,620,M.Sc. - Information Technology (ODL),OFFLINE,1,16,27,43,C,CT-ODL,PASS,AUCDE,CBCS
20242050005,52012,DCS5102,Computer Networks & Network Security Protocols,620,M.Sc. - Information Technology (ODL),OFFLINE,1,18,58,76,A,CT-ODL,PASS,AUCDE,CBCS
20242050005,52013,DCS5103,Object Oriented Software Engineering,620,M.Sc. - Information Technology (ODL),OFFLINE,1,23,37,60,B+,CT-ODL,PASS,AUCDE,CBCS
20242050005,52014,DCS5104,"Data Mining, Warehousing & Big Data",620,M.Sc. - Information Technology (ODL),OFFLINE,1,22,50,72,A,CT-ODL,PASS,AUCDE,CBCS
20242050005,52015,DCS5105,Distributed Systems & Security Laboratory,620,M.Sc. - Information Technology (ODL),OFFLINE,1,24,30,54,B,CT-ODL,PASS,AUCDE,CBCS
20242050006,52011,DCS5101,Advanced Operating Systems & Distributed Architecture,620,M.Sc. - Information Technology (ODL),OFFLINE,1,21,61,82,A+,CT-ODL,PASS,AUCDE,CBCS
20242050006,52012,DCS5102,Computer Networks & Network Security Protocols,620,M.Sc. - Information Technology (ODL),OFFLINE,1,28,64,92,O,CT-ODL,PASS,AUCDE,CBCS
20242050006,52013,DCS5103,Object Oriented Software Engineering,620,M.Sc. - Information Technology (ODL),OFFLINE,1,17,50,67,B+,CT-ODL,PASS,AUCDE,CBCS
20242050006,52014,DCS5104,"Data Mining, Warehousing & Big Data",620,M.Sc. - Information Technology (ODL),OFFLINE,1,27,25,52,B,CT-ODL,PASS,AUCDE,CBCS
20242050006,52015,DCS5105,Distributed Systems & Security Laboratory,620,M.Sc. - Information Technology (ODL),OFFLINE,1,23,36,59,B,CT-ODL,PASS,AUCDE,CBCS
20242050007,52011,DCS5101,Advanced Operating Systems & Distributed Architecture,620,M.Sc. - Information Technology (ODL),OFFLINE,1,28,58,86,A+,CT-ODL,PASS,AUCDE,CBCS
20242050007,52012,DCS5102,Computer Networks & Network Security Protocols,620,M.Sc. - Information Technology (ODL),OFFLINE,1,27,56,83,A+,CT-ODL,PASS,AUCDE,CBCS
20242050007,52013,DCS5103,Object Oriented Software Engineering,620,M.Sc. - Information Technology (ODL),OFFLINE,1,25,26,51,B,CT-ODL,PASS,AUCDE,CBCS
20242050007,52014,DCS5104,"Data Mining, Warehousing & Big Data",620,M.Sc. - Information Technology (ODL),OFFLINE,1,18,41,59,B,CT-ODL,PASS,AUCDE,CBCS
20242050007,52015,DCS5105,Distributed Systems & Security Laboratory,620,M.Sc. - Information Technology (ODL),OFFLINE,1,25,45,70,A,CT-ODL,PASS,AUCDE,CBCS
20242050008,52011,DCS5101,Advanced Operating Systems & Distributed Architecture,620,M.Sc. - Information Technology (ODL),OFFLINE,1,20,34,54,B,CT-ODL,PASS,AUCDE,CBCS
20242050008,52012,DCS5102,Computer Networks & Network Security Protocols,620,M.Sc. - Information Technology (ODL),OFFLINE,1,20,54,74,A,CT-ODL,PASS,AUCDE,CBCS
20242050008,52013,DCS5103,Object Oriented Software Engineering,620,M.Sc. - Information Technology (ODL),OFFLINE,1,28,52,80,A+,CT-ODL,PASS,AUCDE,CBCS
20242050008,52014,DCS5104,"Data Mining, Warehousing & Big Data",620,M.Sc. - Information Technology (ODL),OFFLINE,1,27,57,84,A+,CT-ODL,PASS,AUCDE,CBCS
20242050008,52015,DCS5105,Distributed Systems & Security Laboratory,620,M.Sc. - Information Technology (ODL),OFFLINE,1,18,28,46,C,CT-ODL,PASS,AUCDE,CBCS
20242050009,52011,DCS5101,Advanced Operating Systems & Distributed Architecture,620,M.Sc. - Information Technology (ODL),OFFLINE,1,20,47,67,B+,CT-ODL,PASS,AUCDE,CBCS
20242050009,52012,DCS5102,Computer Networks & Network Security Protocols,620,M.Sc. - Information Technology (ODL),OFFLINE,1,28,48,76,A,CT-ODL,PASS,AUCDE,CBCS
20242050009,52013,DCS5103,Object Oriented Software Engineering,620,M.Sc. - Information Technology (ODL),OFFLINE,1,27,54,81,A+,CT-ODL,PASS,AUCDE,CBCS
20242050009,52014,DCS5104,"Data Mining, Warehousing & Big Data",620,M.Sc. - Information Technology (ODL),OFFLINE,1,16,32,48,C,CT-ODL,PASS,AUCDE,CBCS
20242050009,52015,DCS5105,Distributed Systems & Security Laboratory,620,M.Sc. - Information Technology (ODL),OFFLINE,1,19,33,52,B,CT-ODL,PASS,AUCDE,CBCS
20242050010,52011,DCS5101,Advanced Operating Systems & Distributed Architecture,620,M.Sc. - Information Technology (ODL),OFFLINE,1,,,,,CT-ODL,CANCELLED,AUCDE,CBCS
20242050010,52012,DCS5102,Computer Networks & Network Security Protocols,620,M.Sc. - Information Technology (ODL),OFFLINE,1,19,31,50,B,CT-ODL,PASS,AUCDE,CBCS
20242050010,52013,DCS5103,Object Oriented Software Engineering,620,M.Sc. - Information Technology (ODL),OFFLINE,1,26,32,58,B,CT-ODL,PASS,AUCDE,CBCS
20242050010,52014,DCS5104,"Data Mining, Warehousing & Big Data",620,M.Sc. - Information Technology (ODL),OFFLINE,1,15,34,49,C,CT-ODL,PASS,AUCDE,CBCS
20242050010,52015,DCS5105,Distributed Systems & Security Laboratory,620,M.Sc. - Information Technology (ODL),OFFLINE,1,28,46,74,A,CT-ODL,PASS,AUCDE,CBCS
20242050011,52011,DCS5101,Advanced Operating Systems & Distributed Architecture,620,M.Sc. - Information Technology (ODL),OFFLINE,1,18,36,54,B,CT-ODL,PASS,AUCDE,CBCS
20242050011,52012,DCS5102,Computer Networks & Network Security Protocols,620,M.Sc. - Information Technology (ODL),OFFLINE,1,27,32,59,B,CT-ODL,PASS,AUCDE,CBCS
20242050011,52013,DCS5103,Object Oriented Software Engineering,620,M.Sc. - Information Technology (ODL),OFFLINE,1,20,49,69,B+,CT-ODL,PASS,AUCDE,CBCS
20242050011,52014,DCS5104,"Data Mining, Warehousing & Big Data",620,M.Sc. - Information Technology (ODL),OFFLINE,1,24,47,71,A,CT-ODL,PASS,AUCDE,CBCS
20242050011,52015,DCS5105,Distributed Systems & Security Laboratory,620,M.Sc. - Information Technology (ODL),OFFLINE,1,21,27,48,C,CT-ODL,PASS,AUCDE,CBCS
20242050012,52011,DCS5101,Advanced Operating Systems & Distributed Architecture,620,M.Sc. - Information Technology (ODL),OFFLINE,1,25,35,60,B+,CT-ODL,PASS,AUCDE,CBCS
20242050012,52012,DCS5102,Computer Networks & Network Security Protocols,620,M.Sc. - Information Technology (ODL),OFFLINE,1,25,26,51,B,CT-ODL,PASS,AUCDE,CBCS
20242050012,52013,DCS5103,Object Oriented Software Engineering,620,M.Sc. - Information Technology (ODL),OFFLINE,1,19,29,48,C,CT-ODL,PASS,AUCDE,CBCS
20242050012,52014,DCS5104,"Data Mining, Warehousing & Big Data",620,M.Sc. - Information Technology (ODL),OFFLINE,1,26,43,69,B+,CT-ODL,PASS,AUCDE,CBCS
20242050012,52015,DCS5105,Distributed Systems & Security Laboratory,620,M.Sc. - Information Technology (ODL),OFFLINE,1,21,62,83,A+,CT-ODL,PASS,AUCDE,CBCS
20242050013,52011,DCS5101,Advanced Operating Systems & Distributed Architecture,620,M.Sc. - Information Technology (ODL),OFFLINE,1,27,43,70,A,CT-ODL,PASS,AUCDE,CBCS
20242050013,52012,DCS5102,Computer Networks & Network Security Protocols,620,M.Sc. - Information Technology (ODL),OFFLINE,1,26,30,56,B,CT-ODL,PASS,AUCDE,CBCS
20242050013,52013,DCS5103,Object Oriented Software Engineering,620,M.Sc. - Information Technology (ODL),OFFLINE,1,24,38,62,B+,CT-ODL,PASS,AUCDE,CBCS
20242050013,52014,DCS5104,"Data Mining, Warehousing & Big Data",620,M.Sc. - Information Technology (ODL),OFFLINE,1,15,49,64,B+,CT-ODL,PASS,AUCDE,CBCS
20242050013,52015,DCS5105,Distributed Systems & Security Laboratory,620,M.Sc. - Information Technology (ODL),OFFLINE,1,17,60,77,A,CT-ODL,PASS,AUCDE,CBCS
20242050014,52011,DCS5101,Advanced Operating Systems & Distributed Architecture,620,M.Sc. - Information Technology (ODL),OFFLINE,1,18,60,78,A,CT-ODL,PASS,AUCDE,CBCS
20242050014,52012,DCS5102,Computer Networks & Network Security Protocols,620,M.Sc. - Information Technology (ODL),OFFLINE,1,19,32,51,B,CT-ODL,PASS,AUCDE,CBCS
20242050014,52013,DCS5103,Object Oriented Software Engineering,620,M.Sc. - Information Technology (ODL),OFFLINE,1,22,52,74,A,CT-ODL,PASS,AUCDE,CBCS
20242050014,52014,DCS5104,"Data Mining, Warehousing & Big Data",620,M.Sc. - Information Technology (ODL),OFFLINE,1,19,53,72,A,CT-ODL,PASS,AUCDE,CBCS
20242050014,52015,DCS5105,Distributed Systems & Security Laboratory,620,M.Sc. - Information Technology (ODL),OFFLINE,1,18,56,74,A,CT-ODL,PASS,AUCDE,CBCS
20242050015,52011,DCS5101,Advanced Operating Systems & Distributed Architecture,620,M.Sc. - Information Technology (ODL),OFFLINE,1,17,44,61,B+,CT-ODL,PASS,AUCDE,CBCS
20242050015,52012,DCS5102,Computer Networks & Network Security Protocols,620,M.Sc. - Information Technology (ODL),OFFLINE,1,24,28,52,B,CT-ODL,PASS,AUCDE,CBCS
20242050015,52013,DCS5103,Object Oriented Software Engineering,620,M.Sc. - Information Technology (ODL),OFFLINE,1,25,50,75,A,CT-ODL,PASS,AUCDE,CBCS
20242050015,52014,DCS5104,"Data Mining, Warehousing & Big Data",620,M.Sc. - Information Technology (ODL),OFFLINE,1,19,40,59,B,CT-ODL,PASS,AUCDE,CBCS
20242050015,52015,DCS5105,Distributed Systems & Security Laboratory,620,M.Sc. - Information Technology (ODL),OFFLINE,1,19,41,60,B+,CT-ODL,PASS,AUCDE,CBCS
20242050016,52011,DCS5101,Advanced Operating Systems & Distributed Architecture,620,M.Sc. - Information Technology (ODL),OFFLINE,1,15,41,56,B,CT-ODL,PASS,AUCDE,CBCS
20242050016,52012,DCS5102,Computer Networks & Network Security Protocols,620,M.Sc. - Information Technology (ODL),OFFLINE,1,24,58,82,A+,CT-ODL,PASS,AUCDE,CBCS
20242050016,52013,DCS5103,Object Oriented Software Engineering,620,M.Sc. - Information Technology (ODL),OFFLINE,1,20,61,81,A+,CT-ODL,PASS,AUCDE,CBCS
20242050016,52014,DCS5104,"Data Mining, Warehousing & Big Data",620,M.Sc. - Information Technology (ODL),OFFLINE,1,,,,,CT-ODL,CANCELLED,AUCDE,CBCS
20242050016,52015,DCS5105,Distributed Systems & Security Laboratory,620,M.Sc. - Information Technology (ODL),OFFLINE,1,20,45,65,B+,CT-ODL,PASS,AUCDE,CBCS
20242050017,52011,DCS5101,Advanced Operating Systems & Distributed Architecture,620,M.Sc. - Information Technology (ODL),OFFLINE,1,24,55,79,A,CT-ODL,PASS,AUCDE,CBCS
20242050017,52012,DCS5102,Computer Networks & Network Security Protocols,620,M.Sc. - Information Technology (ODL),OFFLINE,1,21,62,83,A+,CT-ODL,PASS,AUCDE,CBCS
20242050017,52013,DCS5103,Object Oriented Software Engineering,620,M.Sc. - Information Technology (ODL),OFFLINE,1,19,36,55,B,CT-ODL,PASS,AUCDE,CBCS
20242050017,52014,DCS5104,"Data Mining, Warehousing & Big Data",620,M.Sc. - Information Technology (ODL),OFFLINE,1,28,27,55,B,CT-ODL,PASS,AUCDE,CBCS
20242050017,52015,DCS5105,Distributed Systems & Security Laboratory,620,M.Sc. - Information Technology (ODL),OFFLINE,1,18,29,47,C,CT-ODL,PASS,AUCDE,CBCS
20242050018,52011,DCS5101,Advanced Operating Systems & Distributed Architecture,620,M.Sc. - Information Technology (ODL),OFFLINE,1,15,40,55,B,CT-ODL,PASS,AUCDE,CBCS
20242050018,52012,DCS5102,Computer Networks & Network Security Protocols,620,M.Sc. - Information Technology (ODL),OFFLINE,1,19,38,57,B,CT-ODL,PASS,AUCDE,CBCS
20242050018,52013,DCS5103,Object Oriented Software Engineering,620,M.Sc. - Information Technology (ODL),OFFLINE,1,27,62,89,A+,CT-ODL,PASS,AUCDE,CBCS
20242050018,52014,DCS5104,"Data Mining, Warehousing & Big Data",620,M.Sc. - Information Technology (ODL),OFFLINE,1,15,39,54,B,CT-ODL,PASS,AUCDE,CBCS
20242050018,52015,DCS5105,Distributed Systems & Security Laboratory,620,M.Sc. - Information Technology (ODL),OFFLINE,1,20,31,51,B,CT-ODL,PASS,AUCDE,CBCS
20242050019,52011,DCS5101,Advanced Operating Systems & Distributed Architecture,620,M.Sc. - Information Technology (ODL),OFFLINE,1,16,57,73,A,CT-ODL,PASS,AUCDE,CBCS
20242050019,52012,DCS5102,Computer Networks & Network Security Protocols,620,M.Sc. - Information Technology (ODL),OFFLINE,1,15,50,65,B+,CT-ODL,PASS,AUCDE,CBCS
20242050019,52013,DCS5103,Object Oriented Software Engineering,620,M.Sc. - Information Technology (ODL),OFFLINE,1,15,41,56,B,CT-ODL,PASS,AUCDE,CBCS
20242050019,52014,DCS5104,"Data Mining, Warehousing & Big Data",620,M.Sc. - Information Technology (ODL),OFFLINE,1,19,46,65,B+,CT-ODL,PASS,AUCDE,CBCS
20242050019,52015,DCS5105,Distributed Systems & Security Laboratory,620,M.Sc. - Information Technology (ODL),OFFLINE,1,27,34,61,B+,CT-ODL,PASS,AUCDE,CBCS
20242050020,52011,DCS5101,Advanced Operating Systems & Distributed Architecture,620,M.Sc. - Information Technology (ODL),OFFLINE,1,22,49,71,A,CT-ODL,PASS,AUCDE,CBCS
20242050020,52012,DCS5102,Computer Networks & Network Security Protocols,620,M.Sc. - Information Technology (ODL),OFFLINE,1,22,40,62,B+,CT-ODL,PASS,AUCDE,CBCS
20242050020,52013,DCS5103,Object Oriented Software Engineering,620,M.Sc. - Information Technology (ODL),OFFLINE,1,23,27,50,B,CT-ODL,PASS,AUCDE,CBCS
20242050020,52014,DCS5104,"Data Mining, Warehousing & Big Data",620,M.Sc. - Information Technology (ODL),OFFLINE,1,21,28,49,C,CT-ODL,PASS,AUCDE,CBCS
20242050020,52015,DCS5105,Distributed Systems & Security Laboratory,620,M.Sc. - Information Technology (ODL),OFFLINE,1,26,32,58,B,CT-ODL,PASS,AUCDE,CBCS